{
  "n_valid_q": 91059,
  "linear_q": {
    "units": "mW m^-2",
    "q1": 49.0,
    "q3": 97.0,
    "iqr": 48.0,
    "upper_fence": 169.0
  },
  "log10_q": {
    "units": "log10(mW m^-2)",
    "q1": 1.6901960800285136,
    "q3": 1.9867717342662448,
    "iqr": 0.29657565423773113,
    "upper_fence": 2.4316352156228414,
    "upper_fence_as_linear_mW_m2": 270.16881357754954
  }
}