N,mean,median,std,p5,p95,vmin_map,vmax_map
119238,0.015128270380577308,0.031247552885372704,0.053087895699379675,-0.09444773345800758,0.07401744321672474,-0.13446979715754595,0.07821483694812148
