{"type":"FeatureCollection","features":[{"type":"Feature","id":1,"geometry":{"type":"LineString","coordinates":[[-40.674199999786488,9.8781999998878067],[-40.673599999736865,9.7646999998449537],[-40.659600000375626,9.6917000000482805],[-40.650999999664364,9.6186999998555631],[-40.64520000008298,9.5674000000750752],[-40.595999999607137,9.5324999995743696],[-40.554100000184199,9.3513000003317615],[-40.483099999701999,9.3328000004026919],[-40.474099999855959,9.19199999987692],[-40.473899999839432,9.1458999999940715],[-40.468100000258048,9.0782000003874064],[-40.462200000219241,8.9970000004414565],[-40.459199999971126,8.9481999998385771],[-40.458900000395467,8.8993999999932054],[-40.447700000367476,8.8452999996663593],[-40.335799999646753,8.8159999998962455],[-40.213000000270299,8.8005000004415166],[-40.062899999983465,8.7795999998494167],[-39.904799999933317,8.7641999996899269],[-39.771100000104532,8.7540999995984539],[-39.656499999609657,8.7356999999637015],[-39.599300000268798,8.7306000003936219],[-39.547400000018797,8.7200000002349967],[-39.430200000207201,8.7152999999979084],[-39.426399999892915,8.5253999999240566],[-39.578900000378241,8.5082000001256315],[-39.592200000130745,8.448499999780994],[-39.599900000318421,8.356100000419783],[-39.59959999984445,8.2964000003249581],[-39.609999999806277,8.2093999998000378],[-39.563299999986342,8.1472000002001952],[-39.486899999955853,8.1422000003565653],[-39.41869999970524,8.1289999999992162],[-39.334200000352311,8.1239999998722876],[-39.225000000304028,8.1001999998852909],[-39.126899999826307,8.0952999999975024],[-39.045100000247523,8.1012000004309819],[-38.955200000447974,8.1070999997620561],[-38.837999999738066,8.1050000002997145],[-38.748000000379413,8.1109999996564639],[-38.625400000121189,8.1142999999127472],[-38.516400000089455,8.1258000000876933],[-38.42650000028992,8.1289999999992162],[-38.347399999586969,8.1294999998750779],[-38.26010000000246,8.121800000109026],[-38.178300000423683,8.1221999995883731],[-38.10749999995803,8.1198999995857672],[-38.05839999993961,8.1201999999852355],[-38.009400000378619,8.1258999996653039],[-37.989599999639367,8.0063999999575461],[-38.074000000331502,7.9815000002273608],[-38.079100000304138,7.9217000002633835],[-38.084099999819351,7.8374000003746644],[-38.083899999802803,7.8102000002883356],[-38.080899999554688,7.7586000004052913],[-38.075299999989852,7.7206000000874111],[-38.0750000004142,7.6716000003342737],[-37.829599999881225,7.6647999995605156],[-37.687900000289112,7.6656000001584932],[-37.548899999572853,7.6745000004128876],[-37.377099999737098,7.6645999996213128],[-37.216299999912792,7.6762999999997135],[-37.039200000087874,7.6826999997024217],[-36.905599999818214,7.6807999998923711],[-36.78280000044176,7.6651000001835001],[-36.733799999982459,7.6653999997048041],[-36.705200000312026,7.4233999998463336],[-36.487000000232015,7.4082999999661769],[-36.339599999719326,7.3710000001176645],[-36.208700000122128,7.3744999999711656],[-36.080500000299068,7.3561000002140879],[-35.949700000260989,7.3568000004439602],[-35.794400000442408,7.3685999996826803],[-35.668999999952604,7.3692999997792361],[-35.554499999915151,7.3699000003816266],[-35.410099999650583,7.3815999997245152],[-35.317300000060357,7.3603000001742593],[-35.202899999582016,7.3854000003023712],[-35.091100000217018,7.3860999996595247],[-34.998499999745007,7.4002000001922834],[-34.875900000385101,7.400900000140358],[-34.791400000133869,7.4040000001730348],[-34.726000000114816,7.409799999822571],[-34.685099999876272,7.4100999998937036],[-34.643500000028993,7.2878000001758032],[-34.623700000188052,7.1464000002464445],[-34.381099999886658,7.1476999996568971],[-34.269200000064217,7.1346999996572364],[-34.198399999598571,7.1405000001973153],[-34.119299999793931,7.143699999596782],[-34.037500000215154,7.1386999999988934],[-33.958400000410514,7.122800000016035],[-33.930599999907933,7.0358000001062466],[-33.918599999813793,6.8289000000575903],[-33.784899999985008,6.8077999999644403],[-33.773299999923942,6.6852000002645768],[-33.767399999885136,6.5952999995964889],[-33.764100000061369,6.4971999995674059],[-33.76359999957085,6.4099000000651447],[-33.763399999554323,6.360799999651749],[-33.765799999752815,6.3036000000966386],[-33.768199999951307,6.2516999997532627],[-33.680900000366798,6.2440000003639273],[-33.571900000335056,6.2446000001526558],[-33.481900000078106,6.2314999995824278],[-33.416399999601616,6.223599999904029],[-33.326400000242977,6.2213999997424727],[-33.27790000027418,5.8205000002945697],[-33.19059999979136,5.8128000001149687],[-33.122499999998162,5.8131999996439063],[-33.04620000042511,5.8217999998092811],[-32.969800000394621,5.8222000000861458],[-32.955699999677627,5.7239999998256827],[-32.930399999830975,5.5849000000466731],[-32.872900000016145,5.5442000001523262],[-32.836299999684066,5.3340999999230965],[-32.816699999859672,5.2303000003841813],[-32.805299999815155,5.1429000002787335],[-32.791199999996479,5.0637000002279589],[-32.782499999726099,4.9735999999791938],[-32.749600000149194,4.9299999998039876],[-32.719000000313343,4.8262999997982563],[-32.712999999817114,4.7169000000889465],[-32.701599999772604,4.6294999997138389],[-32.68480000017977,4.5474999996147556],[-32.665200000355384,4.4655000000542415],[-32.645700000090088,4.3781000003956869],[-32.626199999824806,4.3043000000523186],[-32.614900000237711,4.2276999995638755],[-32.60630000042476,4.1483999996700165],[-32.597699999713491,4.0773000004022117],[-32.591900000132107,4.0198000003105774],[-32.59170000011558,3.9788000001100166],[-32.591500000099032,3.935000000145501],[-32.590900000049409,3.8282000003078376],[-32.370099999754366,3.8403999998046316],[-32.1575999996966,3.8552000001042241],[-31.994100000098143,3.8725999999920124],[-31.882400000292261,3.8787000002213921],[-31.746100000248447,3.8822000002393273],[-31.637100000216709,3.8937000003741087],[-31.563599999976915,3.902300000062743],[-31.495399999726299,3.9027000002202987],[-31.472999999670321,3.798800000148856],[-31.467299999648066,3.7385999997157677],[-31.458600000276004,3.6564999998118171],[-31.450100000022161,3.6016999998402821],[-31.444300000440787,3.5277999998410992],[-31.444100000424246,3.4840000002112674],[-31.443599999933731,3.4100000001904429],[-31.383600000361302,3.3911999996133764],[-31.375100000107459,3.3336999997312389],[-31.374799999633492,3.27890000007192],[-31.363599999605501,3.2242000003268796],[-31.357800000024138,3.1749000001681926],[-31.354900000233446,3.125599999664912],[-31.354399999742931,3.0515999998002656],[-31.258999999937672,3.0520999998347733],[-31.253299999915413,3.0083000002474845],[-31.244700000102458,2.9179000002695208],[-31.298900000093514,2.8683000002510046],[-31.298399999603006,2.7778000001728396],[-31.275800000428813,2.6271999995539708],[-31.035800000342448,2.6092999997498261],[-30.921399999864086,2.6182000001285548],[-30.850499999839325,2.6131000002506495],[-30.790500000266896,2.6134000001311652],[-30.754999999576643,2.6136000003107798],[-30.719099999751606,2.5205999999077915],[-30.707800000164511,2.443900000083409],[-30.693700000345846,2.3562000004339603],[-30.679599999628849,2.276800000056872],[-30.670999999815901,2.2082999999219979],[-30.651500000448927,2.117899999938424],[-30.642699999721131,2.0081999998230562],[-30.615300000149944,1.9782000003725178],[-30.590400000336366,1.9153000003318956],[-30.584599999856668,1.8576999996963597],[-30.573399999828698,1.7974000001238779],[-30.727699999564557,1.6099999997567656],[-30.727100000413266,1.5003000004463323],[-30.71319999971282,1.4455000001792984],[-30.688099999882695,1.3330999996109285],[-30.630600000067869,1.2896000000076762],[-30.551300000246684,1.2571000003921056],[-30.483099999996075,1.241000000090019],[-30.420199999734638,1.211199999832945],[-30.410900000312942,0.99169999987315327],[-30.393800000246149,0.8656000001566645],[-30.393499999772178,0.81620000040532947],[-30.265400000406562,0.82240000030024307],[-30.186400000161033,0.82280000042710033],[-30.110000000130547,0.81230000003191838],[-30.044600000111512,0.81259999998721555],[-30.03320000006698,0.73040000030492291],[-30.024600000254029,0.65629999990112076],[-30.029399999752695,0.53279999983196025],[-29.784499999710238,0.60279999991279287],[-29.400199999816721,0.62139999992277717],[-29.119399999949245,0.61200000020467005],[-28.811500000086223,0.63560000009147744],[-28.530999999794403,0.69210000031251229],[-28.195799999919291,0.71310000035370302],[-27.934199999843134,0.72279999999221023],[-27.803399999805041,0.73730000035869325],[-27.57730000041914,0.76320000008405353],[-27.375600000356286,0.78080000004131944],[-27.168600000304231,0.8093999996164577],[-26.955999999789043,0.81610000021261231],[-26.776200000189981,0.83900000039021716],[-26.637299999931134,0.86450000013444039],[-26.471200000117662,0.89830000021540302],[-26.3950000001037,0.92070000020145704],[-26.378100000053472,0.82479999956138628],[-26.358199999755072,0.66020000019827485],[-26.238300000169346,0.67459999994508302],[-26.142900000364087,0.67509999988713842],[-26.039400000338045,0.68389999975963622],[-25.941299999860323,0.69269999966695484],[-25.862299999614812,0.70689999979605089],[-25.731600000034138,0.73229999972758242],[-25.644299999551333,0.73279999977281496],[-25.57069999975241,0.73320000030776289],[-25.50270000041666,0.75000000014507573],[-25.486000000382937,0.69249999989057132],[-25.498700000085826,0.52229999986033915],[-25.367999999606855,0.5395000003308662],[-25.278000000248216,0.54269999982174266],[-25.171800000448044,0.56529999966618771],[-25.079100000416947,0.56029999972968469],[-25.032700000172653,0.55229999977467858],[-24.986299999928395,0.53889999990181603],[-24.988100000077246,0.36589999959421121],[-24.979399999806891,0.2808999997338047],[-24.970500000418284,0.14099999959864085],[-24.961499999673926,-0.015400000189920394],[-24.836100000082453,-0.0091999998230379455],[-24.822000000263774,-0.091400000235076995],[-24.807900000445091,-0.17370000026846566],[-24.796599999959696,-0.25319999990299719],[-24.76880000035543,-0.35190000005053007],[-24.735499999847118,-0.46419999955098318],[-24.70499999957039,-0.5518000000358988],[-24.68009999975683,-0.62309999996611354],[-24.660499999932437,-0.71349999992985369],[-24.638099999876456,-0.81490000040076183],[-24.635099999628327,-0.8670000001317304],[-24.618399999594612,-0.9301000000775359],[-24.609900000239097,-0.9958999998670891],[-24.582200000193954,-1.0724999996892186],[-24.5814000001278,-1.2124999997103796],[-24.584200000359349,-1.1988000000139203],[-24.385099999613235,-1.2305999996537833],[-24.131599999757796,-1.2291999996513139],[-23.919099999700066,-1.1978000003839615],[-23.646600000069871,-1.1716000000524733],[-23.336199999550931,-1.1205000001430732],[-22.990100000121814,-1.0911000000693685],[-22.663199999585704,-1.0590999996529009],[-22.434299999968218,-1.0276999999520007],[-22.241100000159207,-0.96899999989551833],[-21.927900000307012,-0.90960000005467034],[-21.672000000253117,-0.864300000422762],[-21.492199999755726,-0.83860000010673663],[-21.200700000350743,-0.79310000004295789],[-20.91200000027905,-0.75580000019052718],[-20.655999999767698,-0.70229999962143008],[-20.397300000380547,-0.65690000007610827],[-20.111300000082984,-0.61690000044729421],[-19.849799999565917,-0.57149999960470033],[-19.69469999976387,-0.53230000027905211],[-19.528599999950394,-0.48739999994279498],[-19.354300000357046,-0.45630000001877558],[-18.918599999805725,-0.37149999998893657],[-18.586400000178774,-0.30380000026223741],[-18.30870000011851,-0.24739999997352138],[-18.110000000303785,-0.1887000001154546],[-17.903099999810856,-0.13260000039648071],[-17.698899999990381,-0.087600000066062056],[-17.462100000168697,-0.034100000357991954],[-17.293299999682731,0.0024999997568146337],[-17.148999999875592,0.04999999958571056],[-17.015700000079917,0.091900000085901323],[-16.925899999839494,0.11709999957892137],[-16.821900000221266,0.0463000001376902],[-16.753499999954123,0.010999999943879065],[-16.655200000358153,-0.032400000054549842],[-16.548399999610041,-0.10859999965041059],[-16.48550000024694,-0.15219999977808654],[-16.384299999961968,-0.21750000001693245],[-16.291199999897774,-0.28559999973051903],[-16.209200000302467,-0.32899999968627758],[-16.135399999588699,-0.35880000041165644],[-16.105199999785942,-0.40809999978175648],[-16.077400000181672,-0.51219999964608387],[-16.016999999677854,-0.58869999969968034],[-15.98390000008439,-0.64339999994756636],[-16.051700000301924,-0.72330000019234852],[-16.045699999805699,-0.82479999956138628],[-16.017700000184885,-0.9482000001247658],[-15.981600000343317,-1.0686999998960942],[-15.959299999846467,-1.1536000002158227],[-15.934299999575449,-1.238600000428622],[-15.904200000230146,-1.2713000000834047],[-15.892800000185595,-1.3563000001698851],[-15.889399999904406,-1.4852000001406682],[-15.899900000323646,-1.5594000004313708],[-15.902200000064715,-1.6362000002027535],[-13.076199999901165,-1.0979000003170243],[-13.037200000268893,-1.2540000003419105],[-13.000599999936812,-1.4595000001807377],[-12.980699999638452,-1.6019999996465355],[-12.949800000226961,-1.7719000003207253],[-12.919200000391141,-1.9005999997118315],[-12.902300000340878,-1.9882000004293474],[-12.880199999860571,-2.0538999999850396],[-12.857999999821141,-2.1140999999915135],[-12.678499999797715,-2.0500999999890976],[-12.664599999995582,-2.1102999997181637],[-12.642399999956151,-2.1787000002668271],[-12.628500000154018,-2.2198000004168179],[-12.598100000334711,-2.3017999996494414],[-12.475599999635616,-2.2736999999892857],[-12.394000000073365,-2.2541000003683878],[-12.342200000280814,-2.2538000004105716],[-12.303999999816394,-2.2563000002637446],[-12.276400000228673,-2.3220000002376922],[-12.257000000420826,-2.3767000003132432],[-12.240300000387109,-2.4479000001011078],[-12.218199999906803,-2.4970999996787189],[-12.204300000104668,-2.562799999916157],[-12.184700000280275,-2.642200000006079],[-12.14059999977705,-2.7350999997655765],[-12.104800000409487,-2.8143999999651381],[-12.079699999681051,-2.9101000003977835],[-12.052199999652419,-2.956600000053164],[-12.038400000307707,-2.983899999886372],[-12.277600000327919,-3.0947999996816735],[-12.252499999599483,-3.2042000001631075],[-12.227399999769377,-3.3027000004414102],[-12.199499999707685,-3.4230000003911147],[-12.174500000335001,-3.5132999999272729],[-12.144099999617366,-3.5925000002948173],[-12.116399999572222,-3.6772000001048664],[-12.09120000018299,-3.8003000004453242],[-12.063500000137847,-3.8713000001056974],[-12.036000000109217,-3.9176999997317394],[-12.019500000092078,-3.9532000003292032],[-12.221000000138387,-3.973400000227477],[-12.370700000392111,-4.0208000003695803],[-12.406000000167523,-4.0428999997239092],[-12.405699999693553,-4.0893999995800465],[-12.364400000320245,-4.1739999996250861],[-12.328400000037771,-4.2640999996324096],[-12.298000000218497,-4.3459999998347705],[-12.278600000410618,-4.4088000004132617],[-12.261900000376933,-4.4661000001228208],[-12.242600000128178,-4.5152999998515977],[-12.225999999653583,-4.5480000001699965],[-12.223299999879455,-4.5534000003404396],[-12.430000000355806,-4.6311999997335374],[-12.404800000068278,-4.748600000079013],[-12.396299999814435,-4.8142000004060908],[-12.371300000441749,-4.8850999997505449],[-12.352000000192994,-4.9342000000760819],[-12.307899999689804,-5.0322999998898155],[-12.296699999661797,-5.0704999999210285],[-12.280100000085534,-5.1278000001640551],[-12.268999999616653,-5.1523000004190784],[-12.081299999813355,-5.1048999996021882],[-12.010500000246017,-5.0907999996840783],[-11.93159999955963,-5.0740000002785708],[-11.852600000212417,-5.062600000345463],[-11.790000000424955,-5.0485999999413655],[-11.703000000416083,-5.0153000001965928],[-11.653999999956785,-5.0068000002606778],[-11.604299999888756,-5.1104000000472549],[-11.568299999606284,-5.2221999999172954],[-11.504800000193542,-5.3776000000836461],[-11.504200000143936,-5.473199999581996],[-11.503699999653421,-5.5742000004025192],[-11.497799999614616,-5.6561000004408655],[-11.486300000010973,-5.7515999995753599],[-11.475000000423876,-5.8388000001796696],[-11.460899999706898,-5.9261000000922097],[-11.435900000334213,-6.0050999997260739],[-11.402700000283325,-6.1030999995702135],[-11.380399999786471,-6.1847999999584946],[-11.363699999752752,-6.255599999681472],[-11.349599999934073,-6.3373000002153086],[-11.327399999894642,-6.4081000002745476],[-11.313500000092507,-6.4570999996640968],[-11.29949999983295,-6.516999999810257],[-11.277400000250974,-6.571399999942928],[-11.266299999782095,-6.6203999997908589],[-11.252399999979959,-6.6692999999044282],[-11.543300000233598,-6.7963000001366085],[-11.714700000036272,-6.8434999998455437],[-11.908000000302705,-6.8826999995855038],[-12.104000000343301,-6.9110000002770136],[-12.250999999924598,-6.9472000002795422],[-12.430600000405445,-6.9862999996205586],[-12.580400000218294,-7.006200000091571],[-12.719200000019717,-7.0315000003757868],[-12.917899999834441,-7.0761999999880452],[-13.086700000320407,-7.107000000081217],[-13.209299999680297,-7.1240000001104207],[-13.326300000373678,-7.1573000003906593],[-13.464900000158556,-7.2152999996757101],[-13.450800000339875,-7.305000000072253],[-13.431100000058061,-7.419099999637468],[-13.553500000299733,-7.4496999997131947],[-13.489799999972149,-7.6424999996902088],[-13.451000000356421,-7.7645999995727077],[-13.420500000079693,-7.8623000001732049],[-13.376199999559956,-7.9869999998713341],[-13.479600000026842,-8.0146999996103894],[-13.437600000146507,-8.2182000000202322],[-13.323199999668127,-8.1957999996896618],[-13.209499999696844,-10.02600000041955],[-13.164800000042344,-10.230999999710376],[-13.172100000196908,-10.387599999666936],[-13.140300000261844,-10.702899999758456],[-13.034200000020796,-10.67810000019179],[-12.981000000112418,-10.931000000258889],[-13.128100000151139,-10.947999999609133],[-13.105300000062103,-11.114800000249273],[-13.007300000041806,-11.100800000187759],[-12.976100000156345,-11.32130000029963],[-12.947499999587594,-11.557700000017348],[-13.014800000212915,-11.608300000390177],[-13.24910000027702,-11.636400000035689],[-13.44789999965087,-11.664399999968454],[-13.687699999720721,-11.684499999642448],[-13.883800000218738,-11.704400000159261],[-14.074500000270135,-11.740299999732411],[-14.207899999624935,-11.765199999896462],[-14.284099999638896,-11.787100000037569],[-14.401100000332278,-11.833399999763568],[-14.400999999874855,-11.841500000040154],[-14.400700000299183,-11.905899999703236],[-14.381200000033916,-11.970200000337325],[-14.364400000441073,-12.053299999724713],[-14.361299999735554,-12.123100000197502],[-14.352699999922589,-12.195400000061825],[-14.426099999704963,-12.230699999576983],[-14.548600000404058,-12.260799999788095],[-14.622000000186432,-12.296100000233729],[-14.690000000420518,-12.315199999657606],[-14.736300000207356,-12.326199999648889],[-14.779900000220064,-12.339800000229108],[-14.697200000117659,-12.505499999572626],[-14.677499999835845,-12.601799999743225],[-14.663299999559744,-12.706099999704689],[-14.657699999994904,-12.740900000010781],[-14.657400000419267,-12.781000000229602],[-14.570200000393882,-12.780500000418584],[-14.564399999914167,-12.84200000024364],[-14.539199999626641,-12.956900000013716],[-14.533400000045255,-13.031699999891666],[-14.524899999791412,-13.077099999587707],[-14.51649999999499,-13.114500000178104],[-14.380399999967731,-13.084299999841525],[-14.350000000148425,-13.156299999821465],[-14.316800000097567,-13.238900000087076],[-14.286299999820839,-13.34020000032425],[-14.264000000222286,-13.417500000103512],[-14.252800000194313,-13.478800000231852],[-14.353499999988738,-13.5086999999979],[-14.435200000008413,-13.525099999950472],[-14.53320000002871,-13.552299999843168],[-14.614799999590959,-13.568800000188844],[-14.658399999603636,-13.579699999731286],[-14.663899999609383,-13.579699999731286],[-14.663600000033712,-13.627700000098146],[-14.619500000428816,-13.707399999720694],[-14.611099999734098,-13.749999999711216],[-14.605300000152715,-13.8113000001893],[-14.553500000360165,-13.805700000100977],[-14.528900000122242,-13.818899999678072],[-14.506799999641936,-13.872000000328166],[-14.49830000028639,-13.938599999885293],[-14.492299999790163,-14.026399999926918],[-14.475500000197352,-14.103499999619018],[-14.461600000395219,-14.159199999774565],[-14.439499999914913,-14.214999999842199],[-14.254299999869197,-14.17410000024919],[-14.069200000280969,-14.130499999614457],[-13.905800000241623,-14.103000000234463],[-13.742400000202277,-14.064899999841648],[-13.592600000389428,-14.042800000011011],[-13.523800000089159,-14.164800000117522],[-13.495900000027468,-14.287000000193871],[-13.473400000412399,-14.401200000412384],[-13.445100000317616,-14.581599999700188],[-13.444399999810555,-14.711699999883812],[-13.43279999974949,-14.83629999970424],[-13.393699999659828,-15.000399999844662],[-13.365700000039013,-15.119499999640338],[-13.32419999975086,-15.238400000341136],[-13.290599999666876,-15.386400000419856],[-13.284499999611556,-15.494700000234317],[-13.270300000233753,-15.595100000262965],[-13.255899999941102,-15.737600000213035],[-13.241800000122456,-15.824700000056287],[-13.222200000298029,-15.916899999892239],[-13.205399999806923,-15.990699999975375],[-13.18579999998253,-16.074899999803929],[-13.171700000163849,-16.164400000036149],[-13.421900000195487,-16.263199999717528],[-13.724199999595346,-16.320100000306024],[-13.893099999640404,-16.344699999590418],[-14.078299999686086,-16.371999999659916],[-14.27990000018985,-16.394100000310729],[-14.35879999997794,-16.415600000235198],[-14.402399999990614,-16.418500000251576],[-14.40179999994101,-16.528899999682036],[-14.387700000122328,-16.605099999861135],[-14.365100000049805,-16.741600000367129],[-14.339800000203152,-16.875399999960838],[-14.314700000373046,-16.969699999683556],[-14.281500000322154,-17.058699999788221],[-14.267199999588632,-17.184499999703199],[-14.266799999555571,-17.244700000309727],[-14.249900000403638,-17.34679999972354],[-14.168200000383965,-17.327999999615439],[-14.129399999869939,-17.437699999575408],[-14.139700000272635,-17.547700000280706],[-14.128300000228116,-17.625999999596548],[-14.106199999747776,-17.685999999953811],[-13.945500000380925,-17.651199999986066],[-13.828400000128418,-17.637500000177255],[-13.776699999894957,-17.629400000095853],[-13.746199999618231,-17.710300000029026],[-13.734900000031132,-17.788600000061585],[-13.712699999991703,-17.840699999649381],[-13.432399999716431,-17.763500000158199],[-13.27999999968851,-17.715599999715756],[-13.127399999644078,-17.70700000034504],[-13.026699999849651,-17.67769999989822],[-12.94230000005585,-17.659000000400148],[-12.903599999999246,-17.747599999891815],[-12.894800000169733,-17.870299999829445],[-12.874699999854824,-18.044999999595291],[-12.84390000000246,-18.190800000392869],[-12.823999999704096,-18.331299999985006],[-12.812500000100455,-18.425000000253515],[-12.789900000027931,-18.560099999651467],[-12.778499999983412,-18.643200000084111],[-12.02840000037898,-19.189300000126988],[-11.997599999628283,-19.339299999800069],[-11.953099999990298,-19.491600000387773],[-11.946700000359307,-19.646599999834066],[-11.945999999852248,-19.767999999815537],[-11.898999999558381,-19.891600000079592],[-11.873800000169149,-20.002300000404656],[-11.867999999689435,-20.051199999689448],[-11.80769999964304,-20.11529999979652],[-11.739100000257647,-20.189600000188619],[-11.697700000426916,-20.287100000381038],[-11.680899999935777,-20.35649999981074],[-11.634099999658423,-20.430800000318015],[-11.598300000290825,-20.492199999936599],[-11.578800000025558,-20.564000000025477],[-11.570400000229137,-20.607599999807274],[-11.627200000435215,-20.674599999721085],[-11.670499999973957,-20.741599999977481],[-11.623499999680057,-20.846400000296953],[-11.571000000278776,-20.96910000038099],[-11.518499999979131,-21.086599999888389],[-11.493600000165571,-21.145300000060786],[-11.476999999690976,-21.198900000161451],[-11.57220000037802,-21.229999999958338],[-11.664700000392573,-21.266299999982571],[-11.7544999997347,-21.282100000175205],[-11.882399999982084,-21.321100000407935],[-11.859999999926107,-21.418000000264911],[-11.829200000073742,-21.565800000213734],[-11.776400000198457,-21.72859999993894],[-11.740300000356893,-21.845600000290037],[-11.712400000295201,-21.947199999654242],[-11.695799999820609,-21.987800000091024],[-11.659999999554715,-22.05619999976642],[-11.847999999831982,-22.075000000208377],[-11.918800000297617,-22.083000000304434],[-11.92379999981285,-22.161699999642568],[-11.923500000237178,-22.207399999595182],[-12.07610000028161,-22.218399999906072],[-12.332200000352053,-22.239999999947955],[-12.517299999940315,-22.284100000056771],[-12.72429999999237,-22.320599999769414],[-12.808699999786171,-22.331200000096278],[-12.871400000031056,-22.344200000325564],[-12.859999999986538,-22.417699999633339],[-12.840600000178691,-22.480899999603356],[-12.823799999687552,-22.551799999756497],[-12.807099999653833,-22.60230000013355],[-12.976100000156345,-22.613299999991437],[-13.16410000043358,-22.631999999638065],[-13.376599999593049,-22.655799999807204],[-13.542700000304821,-22.676900000081432],[-13.659700000099905,-22.717999999855593],[-13.681500000106244,-22.725700000143359],[-13.645299999807257,-22.839200000223894],[-13.609300000423113,-22.937600000130747],[-13.595399999722682,-22.99299999962253],[-13.570299999892544,-23.078699999734859],[-13.545200000062437,-23.176899999925208],[-13.506299999989288,-23.307699999745189],[-13.472699999905338,-23.456000000114489],[-13.44749999961781,-23.563899999788518],[-13.433199999782584,-23.664299999847685],[-13.413500000399065,-23.777200000268319],[-13.402199999913671,-23.842299999698156],[-13.38509999984686,-23.957500000343625],[-13.289900000058147,-23.922000000189886],[-13.240100000430994,-24.056999999803963],[-13.192900000120581,-24.186799999896635],[-13.165000000058855,-24.306699999778104],[-13.159300000036598,-24.339100000046237],[-13.142699999562005,-24.389000000129347],[-13.237900000249049,-24.419399999655713],[-13.308600000257261,-24.442200000342332],[-13.393000000051098,-24.45759999973065],[-13.491000000071395,-24.488099999871885],[-13.463199999568795,-24.572699999616042],[-13.462899999993159,-24.632500000283763],[-13.443399999727855,-24.689699999877817],[-13.410199999676999,-24.774200000000256],[-13.396200000315741,-24.836400000269705],[-13.379599999841147,-24.881000000268223],[-13.46129999986082,-24.893899999897489],[-13.62990000033024,-24.959399999708271],[-13.681799999681914,-24.94970000029468],[-13.768900000148177,-24.96999999993626],[-13.801500000149426,-24.977600000348819],[-13.787600000347291,-25.019799999673083],[-13.751600000064851,-25.116399999727925],[-13.715500000223287,-25.222899999627391],[-13.682100000155884,-25.336799999814861],[-13.665400000122165,-25.396099999980429],[-13.643200000082734,-25.460400000331639],[-13.612600000246882,-25.561699999659748],[-13.593200000439035,-25.613500000385514],[-13.565599999953015,-25.672599999814086],[-13.669099999979027,-25.687999999823909],[-13.769900000230875,-25.69590000029882],[-13.851600000250547,-25.708600000314966],[-13.911500000263882,-25.718800000359646],[-13.993099999826132,-25.746399999696642],[-13.89090000035679,-25.977699999668818],[-13.879700000328784,-26.024499999763741],[-13.865300000036134,-26.140099999974648],[-13.834700000200316,-26.245700000247055],[-13.826100000387349,-26.321799999966981],[-13.800799999642365,-26.439599999780597],[-13.786899999840264,-26.490999999675779],[-13.764699999800833,-26.549800000209178],[-13.7507999999987,-26.588900000083715],[-13.731499999749945,-26.632900000368068],[-13.644200000165434,-26.632499999817473],[-13.60839999989954,-26.698500000269906],[-13.574999999832103,-26.806000000245763],[-13.563599999787584,-26.893899999600862],[-13.508300000154719,-27.025599999694087],[-13.474900000087283,-27.13029999980818],[-13.439000000262263,-27.198400000093045],[-13.419700000013542,-27.23729999966886],[-13.441000000427694,-27.31780000016677],[-13.484099999949857,-27.408100000278253],[-13.502899999708097,-27.459299999825173],[-13.433799999832223,-27.602299999720085],[-13.400599999781333,-27.6894999998602],[-13.383899999747614,-27.735500000192406],[-13.35619999970247,-27.812999999791412],[-13.262499999588639,-27.977200000207766],[-13.248399999769992,-28.04249999969446],[-13.23460000042528,-28.083499999945072],[-13.21240000038585,-28.138999999965034],[-13.198499999685385,-28.182399999965625],[-13.179099999877536,-28.230599999934004],[-13.170700000081149,-28.271600000375802],[-13.028999999590722,-28.268500000159634],[-12.881899999551999,-28.238799999620738],[-12.754000000202911,-28.214099999899268],[-12.672199999725818,-28.218500000232407],[-12.633000000077029,-28.372699999685256],[-12.591499999788843,-28.476099999756201],[-12.574399999722067,-28.586800000081393],[-12.538499999897047,-28.666000000086264],[-12.502600000072029,-28.740300000123085],[-12.477799999817559,-28.783499999711907],[-12.638399999625321,-28.829900000056714],[-12.790999999669753,-28.833000000048184],[-12.913399999911427,-28.869600000245367],[-13.006000000383434,-28.886799999837997],[-13.090400000177269,-28.908799999983305],[-13.174700000411946,-28.942800000326461],[-13.185500000406858,-28.947700000143119],[-13.099800000056357,-29.148500000360997],[-13.23590000008365,-29.184999999968593],[-13.333900000103913,-29.199800000252548],[-13.420999999671878,-29.226600000204552],[-13.529799999687087,-29.265300000093358],[-13.614099999921798,-29.284899999913716],[-13.690400000393179,-29.301999999713345],[-13.818099999725723,-29.357500000054646],[-13.818200000183143,-29.350400000211785],[-13.804100000364464,-29.419499999775436],[-13.776499999878412,-29.479000000347558],[-13.756999999613143,-29.548099999652695],[-13.726599999793837,-29.607500000260629],[-13.715500000223287,-29.64079999981481],[-13.707100000426866,-29.66930000030138],[-13.690499999952271,-29.714500000013221],[-13.775200000220075,-29.254600000173692],[-13.855399999666535,-29.786900000105859],[-13.828000000095324,-29.869999999813974],[-13.80030000005018,-30.005199999745013],[-13.789199999581299,-30.104700000326165],[-13.772500000445913,-30.218399999653712],[-13.758500000186357,-30.343699999684151],[-13.750199999949059,-30.397999999854481],[-13.733699999931888,-30.473500000199849],[-13.719899999688879,-30.539599999655792],[-13.711499999892458,-30.586700000304479],[-13.705999999886744,-30.631499999890366],[-13.547899999836599,-30.647700000236064],[-13.514899999802255,-30.74419999964384],[-13.484699999999497,-30.838199999839162],[-13.465399999750739,-30.925100000158594],[-13.456999999954352,-30.988499999889143],[-13.432300000157305,-31.056500000215493],[-13.396600000348833,-31.140900000336011],[-13.380100000331662,-31.208799999986187],[-13.369100000320202,-31.26260000017599],[-13.357999999851357,-31.306999999676989],[-13.515899999884954,-31.363499999780039],[-13.515600000309316,-31.471000000358728],[-13.504499999840435,-31.534000000106804],[-13.422599999804216,-31.601500000294006],[-13.386800000436621,-31.725000000263641],[-13.345700000181527,-31.829600000065419],[-13.315399999921345,-31.931899999750549],[-13.304300000350795,-32.006199999947107],[-13.303999999876826,-32.103699999643737],[-13.516400000375469,-32.157399999940367],[-13.74790000020799,-32.211200000010983],[-13.88679999956854,-32.2345999996652],[-14.041999999828009,-32.269700000252392],[-14.180900000086853,-32.30699999997875],[-14.278900000107118,-32.341900000098853],[-14.333399999673832,-32.358199999644569],[-14.305699999628688,-32.499100000364379],[-14.586199999920538,-32.589699999949005],[-14.528300000072603,-32.803899999756496],[-14.369100000380634,-33.214600000118665],[-14.360800000143337,-33.274100000324566],[-14.335999999888868,-33.351799999927564],[-14.308600000317693,-33.418099999654949],[-14.289399999628062,-33.466000000290258],[-14.278300000057511,-33.513899999689706],[-14.376399999636902,-33.539199999917066],[-14.485300000109534,-33.566800000188458],[-14.567000000129205,-33.596600000106804],[-14.637799999696545,-33.610499999633412],[-14.615799999673659,-33.683300000287836],[-14.588299999645063,-33.765300000311136],[-14.555299999610719,-33.865300000232402],[-14.527799999582122,-33.931099999843362],[-14.500400000010911,-33.994599999899997],[-14.492099999773615,-34.030899999853638],[-14.478399999988028,-34.083099999978764],[-14.470200000208154,-34.094400000037616],[-14.598200000014664,-34.108200000250804],[-14.753400000274134,-34.144799999829381],[-14.867799999854181,-34.167700000292484],[-14.9904000001124,-34.188299999787468],[-15.077499999680365,-34.21340000018612],[-15.145600000371873,-34.229399999649708],[-15.175499999700664,-34.23850000027376],[-15.167099999904243,-34.315400000127759],[-15.136900000101482,-34.416999999811502],[-15.106599999841302,-34.507200000056244],[-15.08740000005,-34.565799999820889],[-15.065400000027081,-34.635599999793023],[-15.043400000004198,-34.687399999744848],[-15.029700000218609,-34.727899999679721],[-15.242099999818954,-34.793500000144803],[-15.2035999997789,-34.89450000021796],[-15.192500000208316,-34.968600000039132],[-15.134800000376961,-35.127600000123387],[-15.07729999966382,-35.223699999982514],[-15.069000000324852,-35.257199999991414],[-15.276000000376875,-35.291100000255376],[-15.485700000203057,-35.329499999846895],[-15.630099999569286,-35.345400000195916],[-15.823500000293173,-35.37930000031502],[-15.970600000331892,-35.401900000182529],[-16.136700000145368,-35.426699999792007],[-16.281100000409925,-35.438199999882386],[-16.439199999561772,-35.442900000108622],[-16.575400000046454,-35.443200000289345],[-16.730699999865053,-35.463599999909256],[-16.910500000362443,-35.497299999689567],[-17.030300000389079,-35.519899999840327],[-17.182799999976087,-35.540200000142342],[-17.346299999574558,-35.564999999858479],[-17.477000000053529,-35.576399999974392],[-17.626900000323801,-35.587800000352715],[-17.741299999903848,-35.601399999685263],[-17.863900000162069,-35.615000000234062],[-17.847200000128346,-35.726099999863884],[-17.830599999653757,-35.801599999759325],[-17.824899999631498,-35.883699999826682],[-17.811199999845911,-35.936900000316719],[-17.800199999834451,-35.961199999952129],[-17.791899999597153,-35.99000000005254],[-17.636700000236015,-35.967599999666092],[-17.625599999767132,-36.020700000224416],[-17.606300000416706,-36.082599999810512],[-17.5925000001737,-36.173200000245409],[-17.581300000145692,-36.246100000039704],[-17.570300000134267,-36.281400000284137],[-17.556600000348681,-36.332100000263466],[-17.461300000102511,-36.28340000030186],[-17.428500000084714,-36.331799999742273],[-17.409100000276865,-36.422100000183129],[-17.397999999807983,-36.505800000119514],[-17.39240000024315,-36.558499999775108],[-17.386799999780013,-36.593700000169449],[-17.378500000441012,-36.648600000262967],[-17.358699999701777,-36.887499999877441],[-17.331199999673178,-36.96619999980016],[-17.330900000097508,-37.068900000050263],[-17.319900000086083,-37.127800000276714],[-17.295099999831614,-37.201899999654017],[-17.286799999594319,-37.254200000210211],[-17.273000000249606,-37.299899999871258],[-17.259299999565688,-37.330399999763209],[-17.531600000077663,-37.402699999838077],[-17.509600000054778,-37.459099999816353],[-17.493100000037611,-37.526400000013048],[-17.490000000230385,-37.632699999867981],[-17.47880000020238,-37.751700000341152],[-17.445699999710616,-37.87269999980942],[-17.420999999913601,-37.939599999770749],[-17.40449999989643,-37.995700000048977],[-17.398900000331594,-38.034499999702867],[-17.382400000314423,-38.090499999726205],[-17.1754000002624,-38.049099999992904],[-17.139599999996474,-38.17180000025089],[-17.114799999742004,-38.26209999982725],[-17.101000000397327,-38.307100000240212],[-17.079000000374407,-38.371499999743833],[-17.073500000368693,-38.39929999971195],[-17.07339999991127,-38.422900000312701],[-16.839099999847168,-38.405300000186294],[-16.544899999769729,-38.372599999857769],[-16.430500000189713,-38.361699999671799],[-16.383499999895815,-38.57369999987381],[-16.116599999830459,-38.545400000062308],[-16.100000000254198,-38.605200000038181],[-16.072599999784689,-38.665000000160362],[-16.034200000202055,-38.756799999677824],[-16.001200000167714,-38.835599999665973],[-15.951799999675321,-38.950499999854472],[-15.924400000104146,-39.018500000065835],[-15.907900000086975,-39.06530000022758],[-15.888599999838252,-39.13099999978504],[-15.863900000041205,-39.175500000143991],[-16.05179999986105,-39.233100000121489],[-16.029799999838165,-39.286100000253171],[-16.005100000041118,-39.366400000258494],[-15.991299999798109,-39.42559999971207],[-15.982999999560812,-39.459399999884894],[-15.971899999990228,-39.505800000243646],[-15.966399999984517,-39.531199999659776],[-15.998999999985767,-39.562899999675864],[-15.954900000380873,-39.743899999681837],[-16.19179999976172,-39.780100000209671],[-16.36069999980678,-39.812000000077646],[-16.513200000292088,-39.831199999669934],[-16.551300000299051,-39.839599999683763],[-16.510099999586533,-39.946599999694335],[-16.485300000230396,-40.059700000010288],[-16.463199999750088,-40.143400000252491],[-16.449400000405376,-40.206100000221639],[-16.42460000015091,-40.28539999971926],[-16.588000000190256,-40.31280000001388],[-16.715999999996765,-40.340200000258015],[-16.86299999957803,-40.38420000024373],[-16.810399999719323,-40.646100000330947],[-16.752800000345356,-40.7787000001113],[-16.828899999901893,-40.834800000286073],[-16.781899999607997,-41.05790000009906],[-16.762600000257567,-41.138200000050908],[-16.756999999794402,-41.183500000296483],[-16.751400000229598,-41.220500000129384],[-16.702300000211174,-41.236899999726944],[-16.631000000153325,-41.36619999980671],[-16.630800000136777,-41.446300000129938],[-16.616999999893768,-41.499499999971803],[-16.594999999870883,-41.554799999822229],[-16.505100000071334,-41.554600000031712],[-16.480499999833413,-41.585300000189939],[-16.450300000030655,-41.652699999761296],[-16.433699999556058,-41.709900000144813],[-16.419999999770472,-41.754699999757825],[-16.256500000172004,-41.733999999931036],[-16.204399999905483,-41.838000000179228],[-16.198800000340643,-41.909200000135854],[-16.185000000097638,-41.966200000183704],[-16.143699999825994,-42.094100000124961],[-16.129800000023863,-42.165099999841367],[-16.118800000012403,-42.21569999984424],[-16.09949999976368,-42.258200000152335],[-16.031500000427926,-42.239900000015858],[-15.957299999681068,-42.43579999978656],[-16.166899999948129,-42.496700000104127],[-16.117500000354063,-42.611499999791633],[-16.100899999879474,-42.669799999703585],[-16.076200000082427,-42.744099999858825],[-16.065200000070966,-42.772200000010898],[-16.046000000279665,-42.806299999685564],[-16.130299999616046,-42.858599999731631],[-16.168399999623041,-42.868700000261242],[-16.165499999832335,-42.916799999976078],[-16.154400000261784,-42.982800000032185],[-16.31789999986022,-43.001100000258539],[-16.298700000068919,-43.045100000147151],[-16.254799999582243,-43.120899999686635],[-16.205500000445603,-43.202600000313765],[-16.183500000422718,-43.26029999982746],[-16.164299999733089,-43.308099999971624],[-16.145000000382662,-43.363699999706064],[-16.232200000408049,-43.379799999894175],[-16.21809999969107,-43.504899999688611],[-16.182399999882598,-43.586100000165956],[-16.160500000317139,-43.635499999753037],[-16.14120000006838,-43.696799999700211],[-16.130200000056956,-43.732400000278595],[-16.151800000046748,-43.78379999994528],[-16.132400000238899,-43.892199999913807],[-16.093900000198843,-43.980800000000883],[-16.080099999955834,-44.039700000038486],[-16.058000000373823,-44.135899999986819],[-16.041500000356653,-44.192800000214781],[-16.01109999963905,-44.306399999974943],[-15.99739999985343,-44.333700000234003],[-15.95900000027083,-44.413799999826111],[-15.776000000407091,-44.518900000092366],[-15.617700000340395,-44.592600000312586],[-15.470299999827711,-44.668299999871167],[-15.347499999552944,-44.747700000143816],[-15.346700000385086,-44.982199999726568],[-15.218499999663734,-45.012899999702668],[-15.136300000051875,-45.134400000196059],[-15.084100000226197,-45.282699999893794],[-15.059400000429186,-45.324899999805872],[-14.808299999873942,-45.426300000292684],[-14.751000000075642,-45.449200000180262],[-14.665899999774782,-45.642500000145873],[-14.616500000180721,-45.736000000277841],[-14.572700000151466,-45.810299999881344],[-14.534299999670534,-45.865500000292293],[-14.218299999586755,-45.85729999984266],[-14.119599999957726,-46.020699999961842],[-14.029500000141667,-46.066099999948307],[-13.895899999871988,-46.107499999995589],[-13.797699999835142,-46.126300000016116],[-13.683199999797708,-46.150799999915407],[-13.598599999987325,-46.161999999850437],[-13.51950000018269,-46.195900000130607],[-13.461699999893913,-46.350800000053766],[-13.431399999633731,-46.454399999944535],[-13.417600000289019,-46.516499999924029],[-13.401100000271846,-46.552199999843872],[-13.512299999587219,-46.698799999743784],[-13.533899999577043,-46.751299999985413],[-13.49549999999441,-46.831800000133178],[-13.470699999739939,-46.910199999937184],[-13.451400000389514,-46.975499999842981],[-13.426699999694172,-47.035100000136907],[-13.399100000106449,-47.122600000181386],[-13.382600000089276,-47.167199999961007],[-13.374299999851981,-47.191299999982768],[-13.357900000292231,-47.226499999895083],[-13.474700000070769,-47.33799999995037],[-13.381199999973486,-47.556000000027076],[-13.076199999901165,-47.503800000284016],[-12.556099999556041,-47.414299999794871],[-12.313700000169483,-47.369399999879008],[-12.106700000117463,-47.332099999965891],[-11.847999999831982,-47.277900000047758],[-11.602899999772966,-47.229299999851143],[-11.439600000191041,-47.19000000025423],[-11.229999999923983,-47.130199999733136],[-11.120999999892259,-47.105799999744107],[-11.027899999828033,-47.237599999768292],[-10.112600000035405,-47.918399999853648],[-10.041200000418462,-48.091999999986186],[-9.9836000001461969,-48.177599999911052],[-9.9506999996709791,-48.25949999986706],[-10.023900000335104,-48.350499999834447],[-10.10540000033823,-48.435999999721943],[-10.151500000108555,-48.47949999988127],[-10.17590000032993,-48.506700000102711],[-10.068899999565275,-48.716200000109524],[-10.011300000191341,-48.827799999829693],[-9.9809999999311607,-48.921199999908247],[-9.9451000001061409,-49.053799999920884],[-9.8874999998338744,-49.143200000073968],[-9.8626999995794069,-49.220000000236141],[-9.3670999999131137,-49.138799999911612],[-9.1111000003000928,-49.086600000117826],[-8.8687000000152363,-49.05039999997652],[-8.5936999997290968,-48.980000000235925],[-8.4711000003692085,-48.969100000028149],[-8.3866999996770755,-48.961799999738737],[-8.2827999996179731,-49.044100000133973],[-8.1653000002307046,-49.153000000008525],[-8.0585999999400499,-49.252900000161937],[-7.9518999996493616,-49.372100000059177],[-7.8807000000489635,-49.469700000263032],[-7.8532000000203332,-49.5317999997716],[-8.0791999998471429,-49.597700000267864],[-8.0105000000043258,-49.733799999956261],[-7.9638999997435187,-49.832599999770622],[-7.8980999996913797,-49.938099999754201],[-7.8623999998829071,-50.013600000237986],[-7.8267000000744336,-50.075000000113803],[-7.8020999998365133,-50.106499999885898],[-7.7855999998193415,-50.136300000221659],[-7.5622000002075698,-50.121900000093554],[-7.3307000003750487,-50.091799999720344],[-7.1753999996581568,-50.088000000073833],[-7.1099999996391094,-50.084400000264779],[-7.0907000002886837,-50.140499999776907],[-7.0357999997905809,-50.238299999776572],[-7.0082999997619506,-50.308199999948151],[-6.9782000004166127,-50.35689999980675],[-6.9507000003880162,-50.403999999906247],[-6.9342999999299684,-50.436999999724044],[-6.697399999650826,-50.393100000286111],[-6.4495999998176785,-50.343900000004325]]},"properties":{"geogdesc":"SOUTH ATLANTIC RIDGE","type":"DIVERGENT","OBJECTID":1}},{"type":"Feature","id":2,"geometry":{"type":"LineString","coordinates":[[-32.297100000005067,37.411800000356209],[-32.390899999678005,37.139399999777012],[-32.644799999566501,37.175999999911689],[-32.706600000186121,37.034900000301327],[-32.946800000289024,37.064300000260594],[-33.003900000070772,36.917500000160707],[-33.223500000266576,36.943200000103189],[-33.317299999939507,36.693100000072903],[-33.594100000374482,36.740999999792272],[-33.772499999857786,36.184800000004657],[-33.985199999932085,36.220000000113039],[-34.053899999774885,36.071600000160807],[-34.14080000022463,36.077199999683366],[-34.335200000132893,35.615300000303094],[-34.458700000016385,35.626499999917748],[-34.74700000005501,35.009700000278166],[-36.373300000260713,35.280300000212307],[-36.624900000408147,34.690999999774832],[-36.78730000036478,34.711800000294957],[-36.8605000001306,34.556799999944751],[-37.048100000374795,34.566200000127331],[-37.244800000024121,34.124100000015979],[-37.33629999995599,34.139399999861268],[-37.530699999864247,33.704600000172363],[-37.679400000035287,33.735199999671849],[-37.800699999736821,33.50170000017669],[-39.40179999965499,33.765700000242092],[-39.584800000417047,33.065600000089027],[-39.699199999997077,33.082899999979269],[-40.550099999853373,31.800799999964607],[-40.707999999886987,31.814500000068524],[-41.181400000412175,31.19710000017011],[-41.428499999738278,31.236400000060435],[-42.137600000443371,29.974099999646917],[-42.725500000107708,30.069700000378813],[-43.036499999777952,29.470999999825612],[-43.08920000009411,29.46900000037957],[-43.484900000032148,28.802200000035011],[-43.560400000437362,28.812299999707427],[-43.944599999873439,28.102700000223347],[-44.022400000019701,28.108799999940658],[-44.38610000000611,27.235200000207932],[-44.50730000014854,27.253600000333826],[-44.864199999572548,26.28240000032185],[-44.816200000094263,26.269999999676621],[-44.898500000163558,26.057399999681696],[-45.092900000071815,26.082200000141423],[-45.500099999613482,25.192599999809101],[-45.788300000092988,25.252999999823924],[-46.117700000386698,24.587500000222001],[-46.19549999963467,24.597999999931684],[-46.479099999733727,23.918500000276389],[-44.921399999811726,23.649099999643024],[-45.024299999788106,22.964500000181015],[-45.067800000241697,22.975099999932656],[-45.246199999724979,21.805200000189085],[-45.387999999774514,21.824400000171288],[-45.513800000297401,21.24870000027256],[-45.419999999726144,21.222999999740463],[-45.559599999593722,20.593200000010174],[-45.772299999668022,20.621200000052724],[-45.941599999746167,19.800699999958624],[-45.998700000426219,19.824500000157091],[-46.184000000031027,18.9301000003002],[-46.2274999995863,18.936600000393469],[-46.31900000041648,18.419999999886045],[-46.389900000441237,18.419999999886045],[-46.52260000018731,17.588199999852201],[-46.405899999967893,17.568500000345765],[-46.586600000090563,16.604900000369437],[-46.529399999851393,16.589499999920708],[-46.751299999788266,15.441300000376456],[-45.125399999615631,15.264799999795276]]},"properties":{"geogdesc":"NORTH & CENTRAL ATLANTIC RIDGE AXIS","type":"DIVERGENT","OBJECTID":2}},{"type":"Feature","id":3,"geometry":{"type":"LineString","coordinates":[[-32.269799999992998,37.374999999935959],[-31.514699999975033,37.28369999971072],[-31.36830000044338,37.704800000215918],[-31.07310000028324,37.679300000019673],[-30.606300000303914,38.399599999842309],[-30.42789999992231,38.386999999800338],[-29.906200000343183,39.386599999921764],[-29.762000000095156,39.397299999805249],[-29.608700000441971,39.992900000089392],[-29.610200000116876,40.034199999921135],[-29.588000000077443,40.073900000004521],[-29.580000000314115,40.10510000016199],[-29.653499999655601,40.106800000140204],[-29.638199999737687,40.205900000153285],[-29.628199999808945,40.2907999997432],[-29.594900000198965,40.380900000093852],[-29.574900000341479,40.467400000164801],[-29.571100000027197,40.5528999999052],[-29.567099999696385,40.599100000336534],[-29.339899999770331,40.565900000255724],[-29.30809999983525,40.702700000162544],[-29.277799999575066,40.86900000025765],[-29.259100000274248,40.982499999910694],[-29.239100000416759,41.122799999717884],[-29.224700000124148,41.20980000011577],[-29.319899999912842,41.245699999823721],[-29.283699999613869,41.384499999974757],[-29.246999999722668,41.525699999859249],[-29.214399999721419,41.679600000199059],[-29.196699999605002,41.802999999957017],[-29.158300000022365,41.912299999881007],[-29.26119999999877,41.92689999997048],[-29.244499999965054,42.082400000280181],[-29.244200000389412,42.180499999885697],[-29.228500000438395,42.233000000252609],[-29.222299999925617,42.288800000002105],[-29.428299999894961,42.286100000169704],[-29.389700000295793,42.415000000044145],[-29.360000000085236,42.529999999694532],[-29.340200000244295,42.606700000221714],[-29.321799999620833,42.673700000295007],[-29.314700000381098,42.714799999702251],[-29.375799999595344,42.727799999974181],[-29.350499999748696,42.835899999975744],[-29.326400000001268,42.953900000092112],[-29.310799999609394,43.023699999840588],[-29.310100000000645,43.084900000096496],[-29.173700000397712,43.077000000026139],[-29.099400000091762,43.209699999898511],[-29.006300000027572,43.387400000129084],[-28.936400000085506,43.491099999746567],[-28.884099999802444,43.625999999904643],[-28.833399999651682,43.69710000028801],[-28.795499999661267,43.771900000096245],[-28.528599999595912,43.762400000247084],[-28.510300000328186,43.839199999923764],[-28.48859999988094,43.93270000022428],[-28.473499999979559,44.026900000019715],[-28.44630000042493,44.09539999982664],[-28.443399999735924,44.144299999818244],[-28.425699999619507,44.1989999998261],[-28.371000000036247,44.181100000047564],[-28.322900000100525,44.301399999697082],[-28.291799999774192,44.403800000122096],[-28.255800000390046,44.513200000226092],[-28.212299999936462,44.624100000165413],[-28.162799999884982,44.746700000122992],[-28.145299999785109,44.813699999846236],[-28.13529999985635,44.861799999762127],[-28.104900000037077,44.907799999682545],[-28.165000000066925,44.919000000305608],[-28.140799999862097,44.96809999989749],[-28.116999999690325,45.031899999880309],[-28.106500000169383,45.065200000303641],[-28.073300000118529,45.1231999999248],[-27.998100000187264,45.100399999874156],[-27.990399999999607,45.16840000020764],[-27.980699999646518,45.214100000056142],[-27.975900000147835,45.284899999709197],[-27.980699999646518,45.344499999881592],[-27.944500000245831,45.333200000309425],[-27.938400000190477,45.394099999825883],[-27.934500000317104,45.428099999966769],[-27.922799999798617,45.466200000150756],[-27.880300000326027,45.451799999853399],[-27.867100000132655,45.479799999836061],[-27.857700000253537,45.523099999716614],[-27.875099999895987,45.539700000010576],[-27.820699999888365,45.531400000002947],[-27.802500000179762,45.598299999965548],[-27.775699999759897,45.703600000174973],[-27.759300000200145,45.82479999982516],[-27.74699999963202,45.880100000291108],[-27.692999999657523,45.883999999754245],[-27.688600000191933,45.935299999869834],[-27.674799999948924,45.980399999738459],[-27.600099999609846,45.982100000246071],[-27.58969999964803,46.074499999993932],[-27.570299999840181,46.14370000003121],[-27.562300000076853,46.20929999986874],[-27.50569999988732,46.207899999914659],[-27.491499999611214,46.299900000121525],[-27.486199999622016,46.353300000021648],[-27.474000000409642,46.482499999755952],[-27.444900000248705,46.636800000099939],[-27.441800000441486,46.695599999711632],[-27.441600000424938,46.757099999966513],[-27.370500000383633,46.753999999735271],[-27.368500000218233,46.852299999715605],[-27.354899999991737,46.924600000214276],[-27.326399999880444,46.997799999823478],[-27.378999999739143,47.109600000184315],[-27.432300000104945,47.204199999889333],[-27.467799999896869,47.267299999997334],[-27.463999999582587,47.3430999998115],[-27.464999999665284,47.400000000074684],[-27.46579999973147,47.471400000233345],[-27.441699999984063,47.525500000020457],[-27.449699999747391,47.597699999726771],[-27.467100000288138,47.661300000275581],[-27.567400000049506,47.655100000222738],[-27.591899999830005,47.780899999887573],[-27.621499999583126,47.885199999865883],[-27.635400000283589,47.995100000064227],[-27.652500000350368,48.090699999944199],[-27.706100000291805,48.204899999874812],[-27.717500000336322,48.324499999713005],[-27.730099999581789,48.424400000111071],[-27.744600000331857,48.517199999753174],[-27.749300000271418,48.589200000202204],[-27.886000000348321,48.608700000092412],[-28.009599999790911,48.607100000227568],[-28.042399999808705,48.686999999754867],[-28.088100000444236,48.807600000033439],[-28.157600000353202,48.908400000271172],[-28.206999999947296,48.999899999906503],[-28.259599999806035,49.093999999847028],[-28.317600000111359,49.166600000069941],[-28.358199999875939,49.217599999843188],[-28.421900000203557,49.283300000107424],[-28.449699999807791,49.372399999902086],[-28.488700000338362,49.479799999999869],[-28.537400000323689,49.578399999724112],[-28.565100000368865,49.63790000020331],[-28.718200000005485,49.650600000211696],[-28.817200000108482,49.650399999846037],[-28.862000000220437,49.736200000023779],[-28.901799999918858,49.811599999954716],[-28.968899999629336,49.901800000023428],[-28.979800000081671,49.986699999861528],[-28.996399999657935,50.064800000000311],[-29.015499999890142,50.147999999902318],[-29.121099999640681,50.189999999943204],[-29.201900000035071,50.22480000005767],[-29.325599999935118,50.32510000006755],[-29.424800000054649,50.415599999878587],[-29.50610000004124,50.467399999889544],[-29.538700000042493,50.494999999763586],[-29.658500000069129,50.60199999973333],[-29.766500000018169,50.692999999836623],[-29.836199999943684,50.748399999798586],[-29.874600000424632,50.786299999740436],[-29.905200000260468,50.86049999985805],[-29.936400000145927,50.932200000001771],[-29.982000000324035,50.992799999949355],[-29.981699999850065,51.101400000066199],[-30.002899999806797,51.2559999998631],[-30.006500000104531,51.419099999790483],[-30.004099999906039,51.626099999760662],[-30.009599999911771,51.762200000240682],[-30.02090000039718,51.854499999970663],[-30.035600000265468,51.949500000169401],[-30.022099999598115,52.027199999877908],[-30.368100000366418,52.05880000008559],[-30.806899999826634,52.089000000126298],[-31.057299999874814,52.101099999964717],[-31.269300000340383,52.104700000191293],[-31.254700000031189,52.258899999970438],[-31.257700000279314,52.34539999983263],[-31.258700000362019,52.42179999978714],[-31.576800000170319,52.469700000089411],[-31.865500000242008,52.50480000021885],[-32.060599999759013,52.522999999954457],[-32.350200000354299,52.556899999844241],[-32.645599999632672,52.583099999739744],[-32.861900000004702,52.598799999727952],[-33.009000000043407,52.617400000006263],[-33.327200000309126,52.630899999986511],[-33.715000000042949,52.64230000019014],[-34.169799999928145,52.66810000002139],[-34.566000000356681,52.679600000219907],[-34.932600000133782,52.703200000018491],[-34.876399999977302,52.698299999975227],[-35.018200000026845,52.699399999831421],[-35.142699999993042,52.711999999755925],[-35.15879999997712,52.860200000122802],[-35.164400000440274,52.990899999769056],[-35.177300000159704,53.13149999982781],[-35.181299999592198,53.20560000013932],[-35.321199999933746,53.24069999985408],[-35.284999999634763,53.381899999754097],[-35.258800000162836,53.469399999765187],[-35.254100000223275,53.510999999863344],[-35.453099999613663,53.545799999898726],[-35.389699999760033,53.671300000207921],[-35.317900000109979,53.830899999855255],[-35.258099999655769,53.954000000071353],[-35.206499999879753,54.111800000031963],[-35.155999999745553,54.220500000200936],[-35.112199999716317,54.304799999844811],[-35.30409999986697,54.322399999943194],[-35.488499999846482,54.33430000006706],[-35.413200000356134,54.516000000215762],[-35.361399999665252,54.673900000121115],[-35.292699999822439,54.789399999948181],[-35.266100000317415,54.906400000112853],[-35.202800000022904,54.970299999792402],[-35.328300000071799,54.997399999914037],[-35.254700000272898,55.14710000020618],[-35.16839999987279,55.325800000082765],[-35.078799999648894,55.489600000045229],[-34.967099999843008,55.684300000061796],[-34.897999999967119,55.777500000213386],[-34.870899999971577,55.85020000001024],[-34.630600000309556,55.812900000214711],[-34.617899999708357,55.935300000062767],[-34.565099999833095,56.061000000223949],[-34.5126999999909,56.211399999876484],[-34.498200000139143,56.343700000216188],[-34.466299999746639,56.440699999990819],[-34.439599999784178,56.501100000241962],[-34.337600000331385,56.496500000142042],[-34.311899999553319,56.578999999905058],[-34.254700000212466,56.660100000117239],[-34.219299999979647,56.744700000083483],[-34.073899999632374,56.698500000052121],[-34.048300000210062,56.775999999930974],[-33.998699999701124,56.832800000219656],[-33.969799999556741,56.900299999834971],[-33.806200000399159,56.880000000039452],[-33.685200000273277,56.876400000137217],[-33.587200000252984,56.86890000015508],[-33.565200000230092,56.995900000195128],[-33.544499999865565,57.088499999810352],[-33.517799999903126,57.163500000126263],[-33.501000000310292,57.258699999887241],[-33.380499999776603,57.269600000139462],[-33.204899999626583,57.282400000042742],[-33.081999999792707,57.450700000210816],[-33.012899999916804,57.548000000058202],[-32.973300000234936,57.609900000134644],[-32.911699999631857,57.665700000097296],[-32.814200000102076,57.645300000066044],[-32.700700000147322,57.774499999794941],[-32.618699999653678,57.880699999939985],[-32.496399999869425,57.954899999998162],[-32.46150000012711,58.009600000057709],[-32.267999999844129,58.000299999940481],[-32.120200000196682,58.141800000161176],[-31.973300000174508,58.25360000006954],[-31.865199999768041,58.335499999920017],[-31.808099999986311,58.398499999996758],[-31.740400000226188,58.46579999999846],[-31.556899999871952,58.443900000034901],[-31.426499999866937,58.571100000179506],[-31.303499999575639,58.683800000108903],[-31.178999999609442,58.798899999942108],[-31.041300000348159,58.888200000086748],[-30.966600000009112,58.971999999934077],[-30.801100000245249,58.945400000228581],[-30.640399999980065,59.094599999977035],[-30.461400000447156,59.234700000229473],[-30.301799999823782,59.386199999776856],[-30.168199999554119,59.527100000045309],[-30.041500000304275,59.623999999856473],[-29.847100000396019,59.747599999826363],[-29.645499999892266,59.873000000028746],[-29.512000000080047,59.966400000001244],[-29.365799999666603,60.081100000192158],[-29.225700000206846,60.173799999886576],[-29.114999999585326,60.266300000212169],[-29.021300000369823,60.335400000086096],[-28.91190000030501,60.303900000008689],[-28.820699999948793,60.422700000036002],[-28.636700000002357,60.55860000009924],[-28.411599999800824,60.705400000177292],[-28.185100000381833,60.849399999939799],[-28.030799999747639,60.959900000212748],[-27.845700000159379,61.067599999996752],[-27.575799999845891,61.254200000082513],[-27.395400000197224,61.39170000009328],[-27.232499999750065,61.533300000047667],[-27.026800000254713,61.660700000051015],[-26.752600000034757,61.831100000055436],[-26.528899999949019,61.941299999922741],[-26.317199999957435,62.102399999995981],[-26.109100000263556,62.238900000068924],[-25.886699999836189,62.378600000015098],[-25.655299999562793,62.509699999809065],[-25.43659999989055,62.621800000079602],[-25.302599999587812,62.617600000136889],[-25.160099999929557,62.714999999957385],[-25.037099999638247,62.804500000047838],[-24.882599999885837,62.920700000180616],[-24.731599999973742,62.996899999805727],[-24.5290999998447,63.115100000169264],[-24.437500000353726,63.099799999864935],[-24.24609999979527,63.234099999961735],[-24.008299999890845,63.347899999817912],[-23.732500000436886,63.474599999992165],[-23.479199999699695,63.568500000152817],[-23.320600000057368,63.652999999970881],[-23.162599999566314,63.697300000074186],[-23.05410000002507,63.651299999972366],[-22.87709999975926,63.77130000003438],[-22.804700000059583,63.795300000114004],[-22.649600000257571,63.814200000151082],[-22.547300000330772,63.839399999946764],[-22.460300000321933,63.894400000145275],[-22.35170000032327,63.946700000128487],[-22.283599999631765,63.971100000144332]]},"properties":{"geogdesc":"NORTH & CENTRAL ATLANTIC RIDGE AXIS","type":"DIVERGENT","OBJECTID":3}},{"type":"Feature","id":4,"geometry":{"type":"LineString","coordinates":[[-22.247800000264167,63.814500000139851],[-22.149000000177715,63.86019999988892],[-22.069999999932204,63.918599999871994],[-21.947300000114858,63.981500000041336],[-21.842700000447024,64.034000000134171]]},"properties":{"geogdesc":"NORTH & CENTRAL ATLANTIC RIDGE AXIS","type":"DIVERGENT","OBJECTID":4}},{"type":"Feature","id":5,"geometry":{"type":"LineString","coordinates":[[-21.925500000108524,63.867000000179779],[-21.854099999593249,63.913600000188168],[-21.773900000146789,63.964199999876044],[-21.722199999913329,63.998099999917272],[-21.697300000099769,64.017700000165263]]},"properties":{"geogdesc":"NORTH & CENTRAL ATLANTIC RIDGE AXIS","type":"DIVERGENT","OBJECTID":5}},{"type":"Feature","id":6,"geometry":{"type":"LineString","coordinates":[[-21.729399999610507,63.816200000122819],[-21.623900000317391,63.878599999911245],[-21.571100000442112,63.92240000003644],[-21.415700000166094,64.013800000062972],[-21.319100000261589,64.069500000059435],[-21.261799999564996,64.143399999996419],[-21.161400000244534,64.21139999991999],[-21.020699999836804,64.302000000102353]]},"properties":{"geogdesc":"NORTH & CENTRAL ATLANTIC RIDGE AXIS","type":"DIVERGENT","OBJECTID":6}},{"type":"Feature","id":7,"geometry":{"type":"LineString","coordinates":[[-20.895599999821002,64.12459999981904],[-20.794400000434361,64.192399999836013],[-20.613599999854269,64.328199999989963],[-20.455000000211903,64.431399999974985],[-20.358899999899585,64.512699999877597],[-20.176700000102031,64.627899999904898],[-20.032099999820925,64.707500000181241],[-19.910099999612314,64.78759999996845],[-19.802000000104162,64.849099999970875]]},"properties":{"geogdesc":"NORTH & CENTRAL ATLANTIC RIDGE AXIS","type":"DIVERGENT","OBJECTID":7}},{"type":"Feature","id":8,"geometry":{"type":"LineString","coordinates":[[-115.71579999967405,33.340800000009288],[-115.62790000003992,33.262600000250373],[-115.59490000000559,33.235499999737016],[-115.68650000039487,33.151500000022757],[-115.71799999985599,33.130699999677923],[-115.5940999999394,33.039699999708979],[-115.50850000004634,32.959299999815109],[-115.58289999991143,32.875700000027514],[-115.41239999973402,32.70959999982022],[-115.21049999965464,32.513200000101648],[-115.32909999958206,32.419700000185543],[-115.08579999967189,32.236700000111178],[-114.76680000023832,31.995799999963374],[-114.52050000008008,31.784999999834351],[-114.33280000027679,31.599499999833441],[-114.20590000011209,31.459299999924337],[-114.11810000003706,31.356300000166911],[-114.32899999996249,31.193199999879763],[-114.43940000011003,31.096300000296402],[-114.30279999959225,30.910700000079736],[-114.12930000006507,30.679900000346795],[-113.9858999998832,30.511700000212258],[-113.80730000038336,30.313199999894131],[-114.04000000031515,30.119600000077064],[-113.91009999990234,29.98240000032381],[-113.7584000003815,29.833900000088217],[-113.86879999963071,29.728499999693831],[-113.96939999986606,29.646499999615205],[-113.77419999989161,29.439699999652834],[-113.52190000013545,29.205499999758413],[-113.28239999964126,29.008399999641703],[-113.34030000038749,28.949599999780684],[-113.087999999733,28.715499999714829],[-112.81249999985472,28.497599999837799],[-112.58870000020984,28.322299999838979],[-112.32140000011141,28.126099999828],[-112.01510000038071,27.904900000202442],[-111.70950000025877,27.693300000232959],[-111.50609999960616,27.570900000175424],[-111.38290000019664,27.495900000377624],[-111.56839999981796,27.213700000017923],[-111.37390000035059,27.104199999729357],[-111.50530000043831,26.927399999621173],[-111.22829999998677,26.722600000154696],[-110.95730000003151,26.535700000373382],[-110.76049999992476,26.416099999938648],[-110.67799999983892,26.360000000151931],[-110.78009999974914,26.22530000015189],[-110.57209999961439,26.064699999805189],[-110.2912999997469,25.890999999674492],[-110.02399999964848,25.707499999688221],[-109.87090000001183,25.60809999999233],[-109.8054999999928,25.55769999997387],[-110.00749999963131,25.340899999830715],[-109.7883000003669,25.179100000228491],[-109.5907999997531,25.017800000013306],[-109.34909999997528,24.855500000325076],[-109.17790000018915,24.736300000027263],[-109.06079999993668,24.658799999986851],[-109.2747000001102,24.397100000347042],[-109.00370000015494,24.152099999702244],[-108.8046999998662,23.983900000280407],[-108.61099999956667,23.814700000186434],[-108.43990000023798,23.675100000347143],[-108.35729999969473,23.612199999770343],[-108.65080000016341,23.242900000197558],[-108.38810000044542,23.083199999875166],[-108.20259999992578,22.992900000258423],[-108.0982999998336,22.938000000282909],[-108.46689999977609,22.078500000124244],[-108.39710000029145,22.040799999626309],[-108.77249999989805,21.261600000384153],[-108.68910000018695,21.251100000121536]]},"properties":{"geogdesc":"GULF OF CALIFORNIA PLATE BOUNDARY","type":"DIVERGENT","OBJECTID":8}},{"type":"Feature","id":9,"geometry":{"type":"LineString","coordinates":[[-6.1023000002893184,82.864400000047581],[-6.0948999996772981,82.874300000045523],[-6.0553999995545436,82.905399999991687],[-5.9972999996900942,82.932400000045533],[-5.9593000001405523,82.954899999957433],[-5.7947999995610529,82.982399999948512],[-5.7582000001273039,83.003100000020623],[-5.6983000001140027,83.049100000054011],[-5.5171999999582395,83.093299999961019],[-5.3647999999303533,83.150400000003899],[-5.0917000002505208,83.208600000015409],[-4.9422999995724348,83.24999999995751],[-4.7290000003468453,83.295000000006993],[-4.3845000001517374,83.362599999950135],[-4.1257999998662571,83.40220000004112],[-3.7857999995941971,83.448700000016132],[-3.5361000000530405,83.486000000045607],[-3.1826000000119388,83.532499999962866],[-2.8091999996724422,83.584600000003789],[-2.4812000003928367,83.636700000016688],[-2.2502000001524998,83.669300000015355],[-1.9022000001171107,83.715399999965172],[-1.6067000003813006,83.769999999977784],[-1.2025000001894386,83.82660000001313],[-0.90600000037096273,83.863700000011136],[-0.48659999982026558,83.930900000044431],[-0.129700000396271,83.986999999982231],[0.13999999990066872,84.004599999987619],[0.35260000041585782,84.041700000021308],[0.65600000035583828,84.076200000045361],[0.9867999998670276,84.11969999997973],[1.3749000000748111,84.169800000043651],[1.6124000004035599,84.201700000020082],[1.9415999997824442,84.247500000034265],[2.2765999996409763,84.291699999959448],[2.6367000002279446,84.350300000032291],[2.8513000000102346,84.37439999998999],[3.2337000001957592,84.423399999991545],[3.485900000392828,84.458599999964576],[3.6626000001846681,84.476399999991742],[3.9289000002003842,84.518599999959662]]},"properties":{"geogdesc":"SPREADING RIDGE, EURASIAN BASIN","type":"DIVERGENT","OBJECTID":9}},{"type":"Feature","id":10,"geometry":{"type":"LineString","coordinates":[[6.2168999998858796,84.742500000003162],[6.2665999999539403,84.770900000019537],[6.6453999998417288,84.82089999998135],[6.9383999998198886,84.858099999964224],[7.209999999824805,84.897200000004474],[7.5439999996006373,84.947800000028806],[7.8293000002894724,84.987400000003746],[8.2906999998222108,85.005099999982349],[8.7517999997792764,85.033799999998166],[9.5227000002056439,85.060999999971983],[10.166800000026482,85.102899999965516],[10.803900000166658,85.146400000008668],[11.366400000425212,85.203700000027524],[11.702099999892507,85.248800000021973],[12.045300000429245,85.281099999987973],[12.236100000039766,85.311699999975531],[12.564100000217669,85.338900000029184],[12.977399999814683,85.371500000009092],[13.404099999621648,85.401999999982223],[13.683599999830767,85.41530000003165]]},"properties":{"geogdesc":"SPREADING RIDGE, EURASIAN BASIN","type":"DIVERGENT","OBJECTID":10}},{"type":"Feature","id":11,"geometry":{"type":"LineString","coordinates":[[16.416499999930156,85.603199999974336],[16.675699999807822,85.603500000022194],[17.151600000090632,85.628300000002454],[17.739099999721901,85.650599999978098],[18.200599999712029,85.668099999993231],[18.558199999643119,85.685000000007946],[19.30739999962227,85.73220000003073],[19.777199999849692,85.754899999981987],[20.288199999891368,85.770199999985337],[20.84890000000107,85.785099999983728],[21.556100000099857,85.810199999993927],[22.171099999759726,85.820600000014508],[23.030699999886394,85.839800000013724],[23.539299999729579,85.850700000013589],[24.116800000330386,85.860599999990868],[24.78359999978284,85.880700000029265],[25.36369999970039,85.893000000010147],[25.856199999559461,85.91019999997404],[26.12150000039081,85.915799999997716],[26.615200000349127,85.937300000021423],[27.493099999743521,85.935400000027954],[28.165899999692201,85.942600000017947],[28.861499999729922,85.945999999974646],[29.5171000000527,85.958599999992558],[29.848200000037824,85.957799999995274],[30.411999999954745,85.987600000030739],[31.356999999957949,86.0074999999715],[31.897599999752746,86.025699999989229],[32.835699999634443,86.055999999977629],[33.78859999984185,86.085800000013165],[34.477800000248578,86.09119999998839],[35.632700000094509,86.081999999978407],[35.579100000153076,86.191299999995962],[35.842599999937242,86.223300000028274],[36.297700000296381,86.264000000028361],[36.8678000002852,86.305200000004291],[37.329799999867546,86.325399999982665],[38.203600000270349,86.358900000006727],[38.786899999554251,86.383600000020323],[39.38190000025493,86.413799999989507],[39.857300000047218,86.435599999979829],[40.592600000224245,86.465899999984657],[41.07779999992875,86.47410000002688],[41.632800000016161,86.486099999998032],[42.320099999816577,86.502999999997485],[43.268500000101007,86.527599999993058],[43.864900000019176,86.550899999979336],[44.526600000397274,86.568199999973231],[45.198600000279775,86.593900000013292],[45.849299999748148,86.614799999997487],[46.658900000231114,86.644600000004374],[47.29859999968803,86.665700000010943],[47.709299999968302,86.694099999990613],[47.957499999834546,86.713400000005805],[48.30449999978724,86.74559999998425],[48.274299999984478,86.771300000015032],[48.709799999620927,86.784500000022206],[49.164000000354811,86.795899999992614],[49.552899999730457,86.801899999975035],[50.050400000003052,86.812899999994272],[50.703099999636827,86.831199999994382],[51.146399999918351,86.845600000024277],[51.704800000286987,86.859000000011406],[52.083299999700806,86.864599999976733],[52.857299999934426,86.866500000016771],[53.164199999714754,86.874100000016227],[53.828399999850468,86.901699999984743],[54.600900000409176,86.920700000022237],[55.433100000066368,86.930600000013584],[56.353499999831648,86.958500000020948],[57.127599999624366,86.9712000000128],[57.96610000025175,86.990799999993598],[58.937899999776498,87.003299999990887],[59.752499999774699,87.00899999999335],[60.311399999735542,87.013300000006964],[60.630400000067425,87.016900000021366]]},"properties":{"geogdesc":"SPREADING RIDGE, EURASIAN BASIN","type":"DIVERGENT","OBJECTID":11}},{"type":"Feature","id":12,"geometry":{"type":"LineString","coordinates":[[65.388299999660333,86.712600000011037],[65.486800000171144,86.701200000004917],[65.789400000044964,86.682500000016688],[66.115099999583535,86.660000000011578],[66.36099999970871,86.634099999979085],[66.793099999962266,86.621399999974543],[67.331899999608169,86.59380000001218],[68.417899999594738,86.556999999981016],[68.86289999956773,86.546200000008113],[69.269099999925018,86.527299999995762],[69.676799999957197,86.513300000025183],[70.226700000072,86.495700000000724],[70.72659999964479,86.479799999994782],[71.128500000095585,86.459700000001178],[71.398099999935098,86.444599999972652],[71.573100000035495,86.427700000008826],[71.941499999961437,86.393499999982268],[72.335999999800251,86.370899999984573],[72.519900000187562,86.359700000000842],[72.702799999593879,86.343600000000109],[72.97309999994043,86.331899999980934],[73.204100000180759,86.331100000022047],[73.315799999986638,86.317900000010454],[73.692700000166454,86.289899999982353],[74.070600000428968,86.252100000006536],[74.484199999601614,86.227399999993096],[74.787099999949419,86.197299999998307],[75.449499999936279,86.142699999996978],[75.846800000006638,86.09810000002139],[76.308799999588985,86.061399999983308],[76.620000000174073,86.035300000014203],[76.800999999872417,86.00860000001525],[77.255399999724517,85.967399999982277],[77.608200000156884,85.921299999976128],[78.050100000322658,85.891999999981095],[78.530400000071054,85.859599999992824],[78.934000000213274,85.84039999998619],[79.335400000173593,85.820300000006355],[79.681899999635775,85.819000000015407],[80.125500000391298,85.797700000017812],[80.469199999621921,85.782499999971392],[80.766900000437971,85.766100000031329],[81.074499999826998,85.742899999999025],[81.433099999840749,85.719499999993488],[81.74480000001806,85.700200000011023],[82.12310000031367,85.670600000005578],[82.492500000322337,85.655599999972381],[82.770000000366025,85.641099999993671],[83.064900000052191,85.625300000003207],[83.342699999671538,85.607200000016007],[83.634800000024455,85.589799999987207],[83.847399999641326,85.579199999969916]]},"properties":{"geogdesc":"SPREADING RIDGE, EURASIAN BASIN","type":"DIVERGENT","OBJECTID":12}},{"type":"Feature","id":13,"geometry":{"type":"LineString","coordinates":[[-6.4495999998176785,-50.343900000004325],[-4.2467000004330471,-52.047799999907049],[-3.9533000004217596,-51.98190000016799],[-2.3667000003553675,-54.32960000002776],[-1.3867000001524226,-54.05590000022935],[-0.43999999955945912,-54.86999999983]]},"properties":{"geogdesc":"SOUTH ATLANTIC RIDGE","type":"DIVERGENT","OBJECTID":13}},{"type":"Feature","id":14,"geometry":{"type":"LineString","coordinates":[[-69.280000000377356,10.75000000030801],[-69.280000000377356,10.81000000007047],[-69.300000000234832,10.900000000225676],[-69.339999999949782,11.010000000204347],[-69.34999999987852,11.050000000275423]]},"properties":{"geogdesc":"FALCON BASIN FAULT BET MARICAIBO & PERIJA","type":"DIVERGENT","OBJECTID":14}},{"type":"Feature","id":15,"geometry":{"type":"LineString","coordinates":[[-81.719999999763587,18.425000000253501],[-81.696100000032729,18.329699999726856],[-81.72689999988512,18.253800000102078],[-81.703000000154248,18.111699999765118]]},"properties":{"geogdesc":"ANOMALY 1, WEST CAYMAN TROUGH","type":"DIVERGENT","OBJECTID":15}},{"type":"Feature","id":16,"geometry":{"type":"LineString","coordinates":[[-81.737699999880007,18.555000000148397],[-81.740199999637611,18.543099999837828],[-81.740799999687241,18.529400000089602],[-81.740799999687241,18.516899999693841],[-81.740700000128129,18.505000000256015],[-81.741100000161211,18.494199999797651],[-81.740999999703774,18.483799999747649],[-81.742100000243923,18.475199999983509],[-81.741700000210841,18.465400000201992],[-81.741599999753404,18.456799999849764],[-81.740500000111595,18.439199999834742]]},"properties":{"geogdesc":"SPREADING AXIS, CAYMAN TROUGH","type":"DIVERGENT","OBJECTID":16}},{"type":"Feature","id":17,"geometry":{"type":"LineString","coordinates":[[-81.703000000154248,18.111699999765118],[-81.705000000319657,18.111400000325187],[-81.700999999988824,18.100199999772471],[-81.696700000082345,18.08760000023981],[-81.691699999668828,18.070400000053127],[-81.688500000302469,18.057700000088214],[-81.685300000037813,18.048399999870913],[-81.679499999558132,18.02959999993109],[-81.675199999651653,18.015200000056005],[-81.673800000434184,18.007200000155105],[-81.667999999954489,17.993200000283064],[-81.663000000439283,17.977999999658454],[-81.658699999634479,17.969400000141924],[-81.654100000152354,17.953899999690677],[-81.650099999821535,17.94199999978559],[-81.646199999948138,17.930400000255609],[-81.641500000008591,17.913900000129392],[-81.638299999743936,17.902599999947565],[-81.633300000228729,17.891100000062803],[-81.629699999930963,17.882100000127441],[-81.627899999782102,17.876299999698325],[-81.624999999991417,17.869799999600922],[-81.622500000233813,17.862900000376868],[-81.61970000000224,17.854999999904273]]},"properties":{"geogdesc":"SPREADING AXIS, CAYMAN TROUGH","type":"DIVERGENT","OBJECTID":17}},{"type":"Feature","id":18,"geometry":{"type":"LineString","coordinates":[[-29.842299999999032,-54.948499999984776],[-29.824100000290414,-55.004599999785178],[-29.838699999701294,-55.038800000057506],[-29.859400000065833,-55.092700000130449],[-29.879799999956379,-55.154299999977667],[-29.902200000012353,-55.223700000007661],[-29.94669999965032,-55.311400000222903],[-29.975799999811262,-55.383199999760997],[-30.002000000181518,-55.470300000195564],[-30.031300000358996,-55.536599999751481],[-30.056699999764763,-55.587300000050547],[-30.079099999820741,-55.654599999886869],[-30.097199999970229,-55.716599999921513],[-30.117599999860797,-55.777299999846697],[-30.138399999784433,-55.826299999953804],[-30.161199999873489,-55.884299999809308],[-30.179599999598633,-55.936999999945471],[-30.204100000277446,-56.008800000156043],[-30.218000000079584,-56.06130000024681],[-30.240499999694666,-56.12650000005651],[-30.261000000042657,-56.182699999920921],[-30.279500000225241,-56.233699999964749],[-30.290799999812336,-56.293499999933545],[-30.309299999994906,-56.341800000055059],[-30.326299999604277,-56.374899999763613],[-30.413000000037464,-56.376000000198935],[-30.508599999859268,-56.382199999784994],[-30.577000000126436,-56.383099999752623],[-30.638799999847723,-56.380100000227948],[-30.689299999981937,-56.374400000237827],[-30.690300000064639,-56.4060000002141],[-30.708299999756711,-56.466799999810661],[-30.722000000440612,-56.523700000062107],[-30.739899999675259,-56.586800000238959],[-30.757500000232557,-56.659900000216247],[-30.764499999913184,-56.712599999799281],[-30.77770000010657,-56.777899999845928],[-30.78979999975984,-56.818100000024984],[-30.804099999595046,-56.859399999762594],[-30.718899999735079,-56.877100000163615],[-30.654600000256167,-56.886299999949621],[-30.558099999910766,-56.900100000204532],[-30.516599999622603,-56.90949999983021],[-30.484500000111865,-56.91289999997813],[-30.482899999979526,-56.951500000088544],[-30.503699999903162,-57.000200000116756],[-30.526999999584419,-57.045299999833802],[-30.554600000070451,-57.094000000066259],[-30.57580000002719,-57.133899999771977],[-30.589899999845848,-57.178699999940996],[-30.482000000354251,-57.194699999929938],[-30.392299999672932,-57.209699999933783],[-30.327899999736598,-57.220000000081122],[-30.24530000009165,-57.231300000094805],[-30.187800000276823,-57.241799999956051],[-30.157799999592299,-57.248799999944517],[-30.165600000237397,-57.335299999913218],[-30.177600000331555,-57.374799999969611],[-30.189299999951722,-57.422900000023724],[-30.208099999709969,-57.464900000096357],[-30.230600000223365,-57.526499999946424],[-30.242600000317506,-57.567100000175863],[-30.250600000080837,-57.594100000097434],[-30.265499999965666,-57.621200000161792],[-30.207600000117768,-57.638900000218442],[-30.138199999767906,-57.66120000003874],[-30.057000000238748,-57.690799999843371],[-30.022400000072079,-57.701299999995726],[-29.987599999888872,-57.714300000133484],[-29.934300000421405,-57.733200000233687],[-29.883499999813232,-57.744799999949841],[-29.881699999664367,-57.788599999883367],[-29.888799999802423,-57.836100000057463],[-29.900399999863485,-57.884800000184789],[-29.907299999984989,-57.937100000208638],[-29.912500000415065,-57.975900000200532],[-29.921900000294166,-58.023200000164557],[-29.929399999567,-58.061899999972759],[-29.938000000278262,-58.075299999956101],[-29.880199999989465,-58.092700000161358],[-29.838099999651671,-58.115099999946885],[-29.802999999892812,-58.136399999793198],[-29.751899999708993,-58.156299999832598],[-29.753499999841313,-58.170799999976438],[-29.776600000404333,-58.219199999886143],[-29.808899999931615,-58.265199999825008],[-29.846799999922052,-58.338799999871682],[-29.8848000003699,-58.409899999825313],[-29.91199999992455,-58.468799999922304],[-29.954100000262343,-58.550399999786976],[-29.99439999955295,-58.622200000185401],[-30.021899999581567,-58.671299999775464],[-30.04079999979723,-58.708299999796779],[-30.05809999988055,-58.730999999959792],[-30.075300000404773,-58.756099999773198],[-30.083100000151571,-58.786899999789355],[-30.048499999984902,-58.793600000202019],[-29.986700000263593,-58.798800000019156],[-29.901900000436701,-58.806100000148952],[-29.821700000091923,-58.812299999968843],[-29.761899999637716,-58.822200000079086],[-29.70439999982289,-58.832199999965603],[-29.660999999826746,-58.833999999930782],[-29.60339999955448,-58.845199999770649],[-29.557400000241607,-58.854099999941283],[-29.55800000029123,-58.891900000071381],[-29.567800000203423,-58.927300000157715],[-29.563100000263862,-58.983799999827035],[-29.567600000186896,-59.036699999782549],[-29.57399999981789,-59.100199999788238],[-29.585100000286769,-59.158899999772842],[-29.589400000193237,-59.216200000184131],[-29.580000000314115,-59.27329999998539],[-29.596199999857316,-59.321299999934631],[-29.600000000171601,-59.389999999984219],[-29.588899999702718,-59.433999999852631],[-29.591000000325575,-59.489700000115235],[-29.59920000010543,-59.562799999828108],[-29.599499999681083,-59.605499999879548],[-29.601299999829951,-59.669000000110778],[-29.601600000303922,-59.71170000007298],[-29.599699999697631,-59.755399999910082],[-29.605300000160781,-59.782999999846517],[-29.61100000018304,-59.807199999955337],[-29.496599999704699,-59.812800000096047],[-29.431900000192698,-59.831600000035735],[-29.317099999681275,-59.846300000076226],[-29.308899999901399,-59.875999999898426],[-29.293300000407836,-59.918200000094799],[-29.28809999997776,-59.983300000114532],[-29.27850000008209,-60.043700000053995],[-29.272400000026778,-60.076699999995583],[-29.271399999944041,-60.099399999789618],[-29.276899999949791,-60.129100000136816],[-29.372600000228999,-60.132399999789698],[-29.455100000314843,-60.126499999886086],[-29.523899999716768,-60.120499999942815],[-29.583399999697008,-60.115500000039354],[-29.645400000333161,-60.109300000111354],[-29.686600000147362,-60.106400000147566],[-29.709600000252962,-60.103200000199188],[-29.710899999911319,-60.124799999921066],[-29.74260000028729,-60.179699999855046],[-29.752499999758616,-60.213900000128895],[-29.764499999852752,-60.251400000046466],[-29.770100000315907,-60.277500000097682],[-29.771100000398604,-60.305799999833944],[-29.772099999583006,-60.334099999787782],[-29.780199999803752,-60.357899999868607],[-29.781700000376969,-60.374900000196703],[-29.781199999886471,-60.385000000111809]]},"properties":{"geogdesc":"SPREADING RIDGE, SOUTH SANDWICH ARC","type":"DIVERGENT","OBJECTID":18}},{"type":"Feature","id":19,"geometry":{"type":"LineString","coordinates":[[-18.52000000007703,67.480000000144798],[-18.319999999705608,67.74000000014253],[-18.020000000046817,68.060000000115139],[-17.699999999632205,68.400000000117004],[-17.329999999573932,68.699999999899703],[-17.140000000029566,68.859999999962099],[-16.490000000169953,68.809999999896661],[-16.260000000012319,69.040000000093059],[-16.019999999925954,69.260000000155713],[-15.730000000195888,69.550000000027751],[-15.409999999781316,69.840000000122444],[-15.009999999936793,70.170000000128255],[-14.740000000064217,70.389999999992554],[-14.46000000026288,70.349999999975324],[-14.240000000034001,70.519999999873093],[-14.019999999805091,70.73000000009425],[-13.879999999904456,70.819999999942951],[-13.399999999731726,70.769999999898147],[-12.909999999630237,70.69999999991488],[-12.259999999770628,70.569999999908006],[-11.999999999826775,70.709999999998402],[-11.670000000381773,70.870000000025854],[-11.349999999967165,71.05000000011573],[-11.84999999999738,71.149999999965786],[-12.350000000027595,71.250000000126889],[-12.100000000012471,71.389999999980276],[-11.729999999954199,71.590000000031324],[-11.359999999895892,71.779999999921969],[-10.359999999835493,71.609999999891627],[-9.4000000003883315,71.459999999975636],[-7.9499999999413857,71.220000000103724],[-7.3800000004099831,71.120000000049941],[-6.900000000237255,71.279999999903481],[-6.3299999998075567,71.389999999980276],[-5.9299999999630701,71.459999999975636],[-5.6899999998767052,71.540000000005605],[-5.1799999999177295,71.430000000052814],[-4.7500000002870308,71.330000000135172],[-4.3600000003712376,71.430000000052814],[-4.0899999996003631,71.490000000113824],[-3.6799999998271171,71.399999999918037],[-2.9399999997105368,71.500000000061021],[-2.3999999999653485,71.590000000031324],[-1.7400000001770111,71.68999999993828],[-0.97000000027421818,71.810000000087456],[-0.37999999998703327,71.909999999911733],[0.28999999973006396,72.019999999917971],[0.9099999998034618,72.130000000064129],[1.9900000001921021,72.319999999879144],[2.7799999999523815,72.439999999970993],[3.6200000002546573,72.580000000018103],[4.2800000000430281,72.700000000061678],[4.9699999996175785,72.819999999873986],[5.5899999996909759,72.930000000068233],[6.0799999997924647,73.020000000129855],[6.7700000002653455,73.13999999991438]]},"properties":{"geogdesc":"REYKJANES - NANSEN  RIDGE, NORTH ATLANTIC","type":"DIVERGENT","OBJECTID":19}},{"type":"Feature","id":20,"geometry":{"type":"LineString","coordinates":[[7.0799999998528964,73.209999999964509],[7.3800000004099831,73.249999999982265]]},"properties":{"geogdesc":"REYKJANES - NANSEN  RIDGE, NORTH ATLANTIC","type":"DIVERGENT","OBJECTID":20}},{"type":"Feature","id":21,"geometry":{"type":"LineString","coordinates":[[7.7900000001832304,73.370000000020568],[8.1400000003840489,73.43000000002209]]},"properties":{"geogdesc":"REYKJANES - NANSEN  RIDGE, NORTH ATLANTIC","type":"DIVERGENT","OBJECTID":21}},{"type":"Feature","id":22,"geometry":{"type":"LineString","coordinates":[[8.4000000003279016,73.490000000005338],[8.6400000004142647,73.530000000097658],[8.8200000000298751,73.629999999925786]]},"properties":{"geogdesc":"REYKJANES - NANSEN  RIDGE, NORTH ATLANTIC","type":"DIVERGENT","OBJECTID":22}},{"type":"Feature","id":23,"geometry":{"type":"LineString","coordinates":[[8.9599999999305417,73.709999999934283],[9.0500000001875129,73.760000000111546],[9.1400000004444824,73.879999999903021],[9.1800000001594544,73.980000000006612],[9.2199999998743944,74.10000000003042],[9.1600000003019684,74.240000000088486],[9.119999999688698,74.37999999993913],[8.9799999997880295,74.540000000081676],[8.800000000172421,74.760000000066611],[8.6400000004142647,74.940000000000865],[8.4599999999003277,75.069999999973987],[8.2099999998852358,75.18999999995016],[7.9499999999413857,75.379999999993728],[7.8399999998269285,75.529999999925806],[7.6300000004251087,75.730000000028284],[7.5699999999543524,75.979999999946969],[7.5300000002394123,76.120000000019971],[7.4699999997686559,76.280000000083831],[7.5500000000968646,76.43000000004011],[7.5500000000968646,76.600000000063318],[7.6199999995980505,76.800000000041848],[7.6199999995980505,76.969999999925932],[7.6700000001400479,77.15000000007619],[7.8000000001119902,77.480000000025782],[7.8599999996844163,77.709999999914473],[7.8100000000407164,77.909999999965137],[7.8399999998269285,78.090000000011131],[7.8000000001119902,78.239999999910523],[6.7800000001940726,78.440000000000396],[5.6300000003042463,78.640000000074792],[4.6899999998162745,78.809999999936537],[3.8600000003410222,78.950000000016331],[3.4199999998832662,79.029999999952423],[3.8700000002697821,79.229999999940645],[4.4100000000149375,79.529999999967757],[3.2700000000538707,79.660000000053898],[2.3900000000366219,79.779999999970073],[1.4800000002331604,79.910000000058076],[0.61000000014467137,80.029999999974919],[-0.25000000001509104,80.149999999972422],[-0.98000000020294464,80.219999999939063],[-1.7600000000344975,80.310000000021944],[-2.3199999996371394,80.369999999944554],[-1.6999999995637411,80.630000000042443],[-2.9199999998530504,80.750000000071509],[-3.4000000000257797,80.789999999939994],[-2.8199999996673544,80.990000000021169],[-2.419999999822835,81.130000000004003],[-3.4800000003540221,81.25000000003493],[-4.6699999999587885,81.36999999994849],[-4.1400000001423596,81.550000000060948],[-3.8600000003410222,81.619999999986661],[-5.0300000000883349,81.9100000000535],[-4.5100000002006331,82.049999999951069],[-3.8500000004122961,82.289999999972181],[-3.7300000003691132,82.329999999981112],[-5.0000000003021219,82.519999999974544],[-5.8700000003906112,82.689999999946934]]},"properties":{"geogdesc":"REYKJANES - NANSEN  RIDGE, NORTH ATLANTIC","type":"DIVERGENT","OBJECTID":23}},{"type":"Feature","id":24,"geometry":{"type":"LineString","coordinates":[[-29.334700000238563,39.313399999826608],[-29.29740000029776,39.2571000000315],[-29.260799999965677,39.251800000061415],[-29.1854000000179,39.277299999685901],[-29.14730000001094,39.292100000123199],[-29.087899999589823,39.322900000322996],[-29.050599999649013,39.336499999882626],[-28.982800000329771,39.36540000009736],[-28.951600000444312,39.380199999721476],[-28.894400000205142,39.413300000070187],[-28.852499999883896,39.372500000182882],[-28.781700000316555,39.30099999981897],[-28.743600000309591,39.26420000023802],[-28.688000000202724,39.215700000302853],[-28.664400000047504,39.18010000030916],[-28.620199999985186,39.119600000174941],[-28.567600000126447,39.128500000272581],[-28.485399999616295,39.157000000285372],[-28.450299999857428,39.132699999880941],[-28.421399999713039,39.091100000275468],[-28.396299999882899,39.056700000043527],[-28.366500000113234,39.019300000342234],[-28.343700000024196,38.993699999943551],[-28.289599999592248,38.938399999830246],[-28.213399999578286,38.952099999752782],[-28.122000000103856,38.967499999668775],[-28.06029999994167,38.982999999985871],[-27.955199999783321,39.005600000160122],[-27.794500000416434,39.001400000337441],[-27.720600000143545,38.942000000335526],[-27.677200000147415,38.913399999871352],[-27.605599999615592,38.865199999737271],[-27.560600000385421,38.834200000128348],[-27.486700000112531,38.782999999925096],[-27.239900000362084,38.777600000252946],[-27.201899999914211,38.701799999906669],[-27.172900000210699,38.665999999901523],[-27.127199999575168,38.609199999994743],[-27.089099999568205,38.569199999660277],[-27.030500000111573,38.49200000023761],[-27.006099999890164,38.464500000198584],[-26.942900000053093,38.399099999872114],[-26.902500000305061,38.358999999678055],[-26.828600000032171,38.279799999755518],[-26.717399999818468,38.420100000122652],[-26.648099999926046,38.357200000325882],[-26.614600000299518,38.322400000283174],[-26.534599999971277,38.255700000299747],[-26.495699999898125,38.222099999963952],[-26.415800000027339,38.148099999777443],[-26.379999999761445,38.117999999914112],[-26.302999999681333,38.046999999819107],[-26.171999999626692,38.037400000090827],[-26.076799999837977,37.965599999961547],[-26.043300000211449,37.935500000008226],[-25.918299999754741,37.840100000306755],[-25.810200000246592,37.878700000181446],[-25.736299999973703,37.815300000145967],[-25.699699999641624,37.788700000246436],[-25.634200000063483,37.723399999702501],[-25.537499999701556,37.818300000287785],[-25.462099999753747,37.75059999998421],[-25.427800000061069,37.717999999860865],[-25.353899999788176,37.662299999904157],[-25.267800000302948,37.76880000008174],[-25.100199999916224,37.648299999804387],[-24.983699999713355,37.643499999689425],[-24.932699999986959,37.607700000195834],[-24.889999999599528,37.584700000008731],[-24.843499999796144,37.551999999753718],[-24.815399999717904,37.533800000251993],[-24.776499999644791,37.49859999991461],[-24.733899999714779,37.467599999945925],[-24.664500000263232,37.410499999761441],[-24.701099999697014,37.353400000142074],[-24.736899999962908,37.273099999987082],[-24.747600000398695,37.217099999990921],[-24.679000000115007,37.128100000115943],[-24.632500000311623,37.09629999985637],[-24.554100000115717,37.017000000065977],[-24.499199999617616,36.972399999981228],[-24.43220000036456,36.908800000203165],[-24.38419999998796,36.865299999768659],[-24.312600000354436,36.790599999777776],[-24.254699999608238,36.781400000133615],[-24.148099999774971,36.787600000224636],[-24.081800000130645,36.792499999982198],[-23.981999999961499,36.799799999672707],[-23.918800000124392,36.809000000035049],[-23.809099999585609,36.821300000235446],[-23.742100000332552,36.830400000217765],[-23.655999999948992,36.84449999975714],[-23.556999999845996,36.856800000048914],[-23.445799999632293,36.868400000346384],[-23.358199999573817,36.870799999834091],[-23.253799999922528,36.883699999937321],[-23.163900000122979,36.888000000253847],[-23.052699999909279,36.894699999711989]]},"properties":{"geogdesc":"AZORES SPREADING CENTER AND TRIPLE JUNCTION","type":"DIVERGENT","OBJECTID":24}},{"type":"Feature","id":25,"geometry":{"type":"LineString","coordinates":[[91.122000000317314,85.290800000002946],[91.190300000127067,85.284799999970176],[91.358699999681633,85.278400000006414],[91.504399999604559,85.273600000019769],[91.659199999830918,85.267899999973139],[91.882200000307932,85.260000000016746],[92.114399999749196,85.249100000031063],[92.255500000190011,85.243500000029414],[92.355599999934796,85.241200000011915],[92.405700000035949,85.236699999983216],[92.528599999869812,85.231399999963926],[92.656100000084137,85.2260999999788],[92.879099999662813,85.217399999967796],[93.156799999723091,85.205200000035219],[93.511899999896514,85.184600000006427],[93.916999999713667,85.166700000033984],[94.331199999834283,85.147400000013818],[94.59979999959107,85.132800000023465],[94.831999999930645,85.119999999968499],[95.150600000229474,85.104100000007421],[95.446499999998338,85.089399999996047],[95.747000000147651,85.074099999985791],[96.029200000130928,85.058500000006731],[96.261300000013051,85.047500000012406],[96.548100000376792,85.034899999962235],[96.84859999962778,85.020300000037423],[97.149000000217995,85.006499999996024],[97.631500000148336,84.983100000025644],[97.9410999997028,84.967500000019584],[98.159600000256759,84.95750000003477],[98.605699999871575,84.938699999990249],[98.865099999765818,84.926599999969781],[99.425100000266738,84.891100000007114],[99.629900000136857,84.880200000002631],[99.73919999974423,84.873999999965747],[100.16709999965043,84.851600000034779],[100.4765999996458,84.834500000031483],[100.76789999993252,84.817200000040216],[101.1594000004215,84.79540000002136],[101.36879999977371,84.788799999988214],[101.70109999985812,84.768900000010575],[101.97420000043626,84.755599999992953],[102.27010000020512,84.739399999991662],[102.65250000039065,84.715999999999696],[103.1032000003859,84.684900000006607],[103.89070000038855,84.636600000010773],[104.13200000013329,84.623000000004197],[104.44150000012863,84.60500000002196],[104.86029999973135,84.576299999970374],[105.15620000039854,84.562500000020108],[105.69339999991213,84.526199999960852],[105.90280000016267,84.510099999981904],[106.12129999981833,84.489600000009503],[106.45359999990274,84.459300000017166],[106.79500000029059,84.438200000025446],[107.81469999973453,84.363199999963967],[108.65229999983832,84.299800000008617],[109.37159999959039,84.237500000028461],[110.11359999987236,84.18110000002477],[110.61439999996874,84.137099999987683],[111.27900000013754,84.095999999993893],[112.03470000020511,84.040499999970208],[112.42160000031365,84.002599999987311],[112.70839999977906,83.968799999997145],[112.9952999997019,83.906700000014325],[113.54619999989939,83.808900000024934],[113.85119999997171,83.745699999970867],[114.2383000000968,83.667899999992883],[114.72089999958625,83.57030000004346],[115.04869999974763,83.485600000022913],[115.41749999970668,83.3930999999492],[115.87289999964149,83.268300000012474],[116.48309999980268,83.08229999995072],[117.09779999988692,82.885500000001699],[117.63520000031535,82.679099999970134],[118.28640000027423,82.422400000031431],[118.83749999958997,82.179699999948923],[119.33390000022074,81.952999999940232],[119.91230000044683,81.690800000044987],[120.64999999992402,81.346499999989959],[121.58359999988275,80.918600000046183],[121.94339999999571,80.724799999992456],[122.07090000021003,80.644499999942695],[122.18480000019785,80.580599999965074],[122.25770000038801,80.526099999969489],[122.3350999996029,80.47119999998533],[122.36239999961499,80.450899999933327],[122.48539999990633,80.372000000002998],[122.83589999969934,80.333099999988661],[122.94520000020502,80.275700000059516],[122.9998999997883,80.23100000006697],[123.05460000026982,80.162799999981459],[123.14570000016862,80.108199999927592],[123.27320000038293,80.039899999983945],[123.42349999978798,79.945799999969708],[123.64209999990108,79.787199999993248],[123.98820000022852,79.590899999948093],[124.14310000001403,79.498399999941498],[124.28879999993691,79.38080000004642],[124.35259999982364,79.332000000081365],[124.44819999964548,79.278800000021747],[124.56209999963332,79.217699999917969],[124.82609999990798,79.129600000081183],[125.03100000023545,79.046899999986849],[125.15399999962847,78.98620000001479],[125.26330000013415,78.912999999928047],[125.37259999974157,78.827699999928328],[125.52290000004496,78.69909999995285],[125.64140000041317,78.60149999995501],[125.75519999994358,78.491199999981916],[125.95099999996766,78.389999999963948],[126.07400000025896,78.305399999957473],[126.21070000033589,78.200699999984892],[126.32910000024668,78.12599999996624],[126.57500000037192,77.943000000075259],[126.77080000039592,77.793800000078235],[125.62390000031331,77.660200000023906],[126.77599999992765,77.019999999964526],[131.27239999990186,77.797800000063759],[131.39540000019315,77.721600000034869],[131.55479999990169,77.64389999992099],[131.69140000041946,77.553999999918275],[131.9690999995814,77.406000000036173],[132.15130000027727,77.301299999927465],[132.35169999978348,77.187799999904229],[132.51560000031333,77.095600000053551],[132.73409999996898,77.003799999992381],[132.90259999998096,76.913400000075995],[133.10750000030848,76.803799999985941],[133.15760000040962,76.778799999979825],[133.39440000023131,76.671199999908737],[133.67669999977372,76.530900000036354],[133.84510000022655,76.455399999916594],[134.01819999972068,76.376299999927554],[134.18660000017351,76.277300000076096],[134.35969999966767,76.175499999991672],[134.5281999996796,76.083799999963475],[134.71479999984106,75.996000000046905],[134.77400000024565,75.970600000095018],[134.75579999963873,75.9793999999238],[134.89690000007957,75.925299999895969],[134.9560999995858,75.89869999991096],[135.01080000006741,75.865399999991212],[135.05179999986507,75.842099999915291],[135.02899999977598,75.798599999910977],[134.99719999984089,75.744899999895551],[134.95629999960232,75.692100000011351],[134.89260000017302,75.632400000098457],[134.865300000161,75.566700000088531],[134.84720000001147,75.485900000014411],[134.80170000029082,75.424199999967939],[134.77440000027872,75.36679999992748],[134.76990000035576,75.287299999893548],[134.76540000043269,75.232799999933206],[134.76540000043269,75.199199999918221],[134.76999999991486,75.182900000079272],[134.77910000021831,75.172400000058033],[134.99770000033143,75.091800000064737],[135.19800000027848,75.05199999998834],[135.56219999985706,74.930600000051427],[135.72610000038694,74.877199999942064],[136.16309999969826,74.70889999996092],[136.42720000043036,74.611399999983789],[136.63209999985955,74.518100000010563],[136.8779000004256,74.435300000040655],[137.00539999974163,74.372900000101467],[137.16930000027145,74.312700000111434],[137.36510000029554,74.238700000099186],[137.53349999985005,74.181699999932334],[137.67010000036782,74.132000000012326],[137.80209999960687,74.077200000089945],[137.9067999997321,74.033400000057952],[138.01610000023786,73.965700000055591],[138.19369999965497,73.873699999881538],[138.32119999986929,73.811599999887463],[138.43959999978011,73.753100000082497],[138.6899999998283,73.645800000060461],[139.02690000029313,73.48230000001206],[139.22270000031722,73.373200000034785],[139.42300000026427,73.287100000022178],[139.85549999965264,73.068400000013455],[140.08320000006921,72.943400000111353],[140.20159999998,72.829600000004618],[140.31999999989088,72.759599999955171],[140.21079999984261,72.731199999944337],[140.06509999991965,72.704099999997297],[139.80570000002544,72.64579999986826],[139.58270000044675,72.614600000011819],[139.37789999967839,72.581899999968698],[139.18670000003479,72.553299999866894],[138.91819999983704,72.504000000035319],[138.73620000005604,72.47530000009138],[138.37210000003654,72.413499999937159],[137.98980000030846,72.352799999927285],[137.76679999983145,72.312799999959935],[137.63929999961712,72.283699999964327],[137.40719999973501,72.239299999994486],[137.15690000014425,72.190599999928338],[136.93839999959022,72.154400000022719],[136.93839999959022,72.153000000132181],[136.8109999998334,72.123700000026986],[136.53340000023053,72.07610000002903],[136.35590000037251,72.036800000095909],[136.12830000041336,72.004500000077641],[136.00089999975819,71.984799999893383],[135.89169999970994,71.956599999910111],[135.78240000010248,71.932600000043394],[135.70050000006631,71.917100000035816],[135.6505000004226,71.90720000003104],[135.64140000011915,71.902999999865173]]},"properties":{"geogdesc":"Ridge north of Taimyr, Arctic Ocean","type":"DIVERGENT","OBJECTID":25}},{"type":"Feature","id":26,"geometry":{"type":"LineString","coordinates":[[135.64140000011915,71.902999999865173],[135.65959999982772,71.898700000006642],[135.69150000022029,71.849200000130779],[135.70059999962538,71.819399999896106],[135.75069999972652,71.776700000055158],[135.77340000025646,71.75250000003669],[135.85539999985181,71.701100000018087],[136.02839999978679,71.613799999900067],[136.1603999999241,71.530300000101477],[136.28790000013842,71.46099999987274],[136.45640000015044,71.350699999872106],[136.6885999995917,71.187000000110018],[136.85709999960363,71.055900000038378],[137.01650000021053,70.927000000011461],[137.11210000003229,70.839000000087324],[137.26690000025872,70.749200000110889],[137.45359999997928,70.628799999867709],[137.5901999995987,70.525800000023196],[137.70409999958653,70.398000000136619],[137.84520000002738,70.31539999986515],[137.98179999964682,70.201600000086032],[138.05469999983697,70.129000000098586],[138.20489999968294,70.034500000101403],[138.4189000003139,69.864400000111971],[138.52369999999829,69.767000000128505],[138.62840000012358,69.691300000062071],[138.73769999973092,69.586800000137956],[138.83329999955276,69.512100000036298],[138.92440000034981,69.430700000122343],[138.99720000008261,69.365000000014277],[139.147500000386,69.278199999947986],[139.3387000000296,69.166799999894096],[139.48900000033296,69.080899999850274],[139.56180000006572,69.035300000093471],[139.63459999979844,68.992899999862345],[139.66200000026794,68.975000000013196],[139.68019999997651,68.965199999937568],[139.72569999969724,68.953699999874047],[139.6755999995961,68.924300000056462],[139.59369999955985,68.891500000105694],[139.4935999998151,68.848900000012463],[139.42080000008229,68.825900000133785],[139.30699999965364,68.788000000023189],[139.19779999960531,68.738499999838908],[138.99760000011565,68.687300000134542],[138.90650000021694,68.662499999997095],[138.8154999998772,68.635899999856306],[138.78819999986513,68.622700000077444],[138.90659999977601,68.532899999882858],[138.98849999981221,68.489600000105625],[139.17979999991326,68.397599999966303],[139.3527999998482,68.328799999856329],[139.4847999999856,68.269900000110795],[139.60310000033729,68.200699999909574],[139.7853000001349,68.104199999938473],[139.96740000037332,68.003799999916197],[140.1039000004337,67.947499999951035],[140.19050000040949,67.884199999878149],[140.23150000020709,67.820700000056704],[140.35440000004104,67.705300000134045],[140.51379999974949,67.585799999955327],[140.72780000038048,67.458800000029171],[140.86889999992297,67.350400000081635],[141.00090000006028,67.257399999982994],[141.1421000000602,67.148000000107331],[141.34240000000727,66.988400000059897],[141.48809999993023,66.893899999990438],[141.64749999963868,66.790099999993103],[141.74760000028186,66.745300000066734],[141.94340000030587,66.563099999920027],[142.13920000032994,66.406899999908759],[142.22119999992529,66.361299999980901],[142.38960000037815,66.255300000088724],[142.60360000011079,66.158000000166666],[142.79029999983135,66.056600000097319],[143.09979999982676,65.867499999880692],[143.25920000043357,65.764899999976635],[143.39119999967255,65.677000000015084],[143.59610000000006,65.560500000088666],[143.7554999997086,65.441600000015484],[143.8829000003638,65.348800000028731],[144.03319999976881,65.25940000008427],[144.1197000001855,65.215499999938771],[144.26540000010843,65.142899999985985],[144.43379999966302,65.020199999825252],[144.62050000028191,64.885300000102333],[144.77989999999039,64.778900000188742],[144.93920000013981,64.689500000166319],[145.11679999955692,64.580400000048414],[145.17139999958107,64.539300000149922],[145.22599999960525,64.50020000006397],[145.30339999971838,64.403999999816065],[145.34899999989653,64.374499999839614],[145.43089999993271,64.303499999904261],[145.57659999985566,64.165000000050284],[145.78609999966525,64.009900000088535],[146.10020000004107,63.809699999982733],[146.2277000002554,63.737299999992153],[146.3096000002916,63.687000000014095]]},"properties":{"geogdesc":"Ridge in northeast Asia","type":"DIVERGENT","OBJECTID":26}},{"type":"Feature","id":27,"geometry":{"type":"LineString","coordinates":[[146.3096000002916,63.687000000014095],[146.16399999992777,63.648600000028367],[146.15950000000481,63.630400000041746],[146.06860000012253,63.272300000105282],[146.02310000040185,62.949099999922403],[145.9777999997994,62.672499999884437],[145.86409999982808,62.287600000009292],[145.79600000003489,61.910600000048419],[145.79600000003489,61.697699999892464],[145.82799999998656,61.350499999921645],[145.82359999962264,61.08970000000911],[145.78720000020539,60.873400000066802],[145.74629999996688,60.688899999886168],[145.68720000001974,60.492199999866877],[145.60540000044097,60.24920000003538],[145.5645000002024,60.081600000029468],[145.5189999995834,59.967899999924484],[145.45989999963624,59.865299999900238],[144.86360000017547,59.844599999866077],[144.6225000004473,59.349399999999534],[144.49059999986909,59.027599999804288],[144.31779999995061,58.693400000122118],[144.14039999965169,58.353499999962693],[143.89929999992356,57.925799999946086],[143.59449999986776,57.397500000000704],[143.38520000007466,57.074800000086],[143.20329999985276,56.656799999858407],[142.90299999971998,56.223999999758206],[142.66189999999182,55.727299999756056],[142.58010000041298,55.387499999852295],[142.49829999993588,55.010799999865135],[142.38459999996456,54.59370000014394],[142.33919999980301,54.30790000003072]]},"properties":{"geogdesc":"Ridge near OKHOTSK Sea northeast asia","type":"DIVERGENT","OBJECTID":27}},{"type":"Feature","id":28,"geometry":{"type":"LineString","coordinates":[[146.3096000002916,63.687000000014095],[146.46890000044098,63.749400000049114],[146.46890000044098,63.749400000049114],[146.74659999960298,63.803799999897699],[147.31090000001038,63.878000000008242],[147.6067999997793,63.920099999903393],[148.08009999984699,64.008100000090394],[148.33499999981822,64.061899999882343],[148.72180000036767,64.13150000019229],[148.8720000002136,64.161300000022237],[148.9176000003917,64.171199999852334],[148.97670000033884,64.187099999930297],[149.06319999985723,64.165300000094263],[149.24989999957779,64.05599999981311],[149.45020000042319,63.928299999933472],[149.70510000039434,63.775800000186912],[149.88719999973452,63.685200000073706],[150.16950000017519,63.53350000006165],[150.4107999999199,63.362600000019036],[150.65670000004513,63.190699999840575],[150.83419999990315,63.05900000007847],[150.96170000011739,62.961899999982322],[151.03910000023063,62.901899999952839],[151.06640000024268,62.868700000055625],[151.2257000003921,62.924700000110114],[151.58529999959026,62.990900000021689],[151.83110000015631,63.036400000126314],[151.96760000021666,63.05700000003452],[152.11330000013959,63.044699999821397],[152.20429999958094,62.918499999810997],[152.37730000041427,62.798099999971733],[152.49570000032512,62.687699999797964],[152.55939999975442,62.63329999998016],[152.64599999973018,62.509600000010906],[152.85539999998068,62.336800000031303],[153.1377000004214,62.173699999806722],[153.21509999963629,62.120499999974257],[153.45640000027927,62.007600000045286],[153.50190000000001,61.979799999885714],[153.54739999972065,61.956200000106328],[153.75219999959077,62.018200000172925],[153.99350000023384,62.088700000116212],[154.64880000008259,62.239600000064925],[155.09030000021525,62.301099999872847],[155.53630000027093,62.406700000009252],[155.8413000003433,62.463600000115612],[156.10070000023751,62.530899999806543],[156.32369999981617,62.581299999899279],[156.73789999993681,62.639899999893125],[156.7878999995805,62.65249999996675],[156.81519999959258,62.665000000180207],[156.86990000007415,62.698399999820545],[157.02009999992012,62.629499999873673],[157.14760000013436,62.552000000082565],[157.33879999977799,62.442699999813428],[157.50270000030784,62.34780000003358],[157.66199999955899,62.260999999952752],[157.91239999960715,62.118799999879649],[158.10360000014904,61.965200000048483],[158.33579999959034,61.791400000108204],[158.5771000002334,61.705199999852475],[159.0413999995568,61.497499999983212],[159.26449999959291,61.380000000044248],[159.40110000011069,61.310099999955803],[159.62870000006981,61.165600000116783],[160.11129999955929,60.896699999846959],[160.35260000020227,60.756900000112751],[160.72590000008435,60.551799999787811],[160.95810000042397,60.385799999825274],[161.19020000030608,60.248299999921862],[161.55450000034207,60.058000000001563],[161.82760000002196,59.887200000213539],[161.99610000003389,59.775100000043928],[162.20089999990401,59.641999999862328],[162.49690000013032,59.41819999996639],[162.8610999997089,59.188199999945333],[163.01589999993524,59.061999999956832],[163.26629999998343,58.895499999966255],[163.46659999993051,58.758900000171558],[163.51670000003165,58.730500000049744]]},"properties":{"geogdesc":"Ridg near OKHOTSK Sea, northeast asia","type":"DIVERGENT","OBJECTID":28}},{"type":"Feature","id":29,"geometry":{"type":"LineString","coordinates":[[108.6752999999439,53.483799999840365],[109.73529999957677,55.441200000089452],[109.90000000017278,55.755000000222559]]},"properties":{"geogdesc":"Ridge through Lake Baikal, Siberia","type":"DIVERGENT","OBJECTID":29}},{"type":"Feature","id":30,"geometry":{"type":"LineString","coordinates":[[109.90000000017278,55.755000000222559],[110.1539999996204,55.755000000222559],[110.5043999998543,55.749899999909537],[110.92770000027835,55.775499999871833],[111.18719999973169,55.798600000112479],[111.50119999965005,55.831799999858632],[111.95180000008619,55.877900000113613],[112.48440000011765,55.929000000003015],[112.99409999960265,55.967300000129619],[113.33549999999052,56.00800000014241],[113.83160000014732,56.069099999916133],[114.3868999998104,56.112300000147037],[114.79650000044887,56.15549999987126],[115.31989999971948,56.234000000003391],[115.97080000010266,56.307400000092983],[116.48509999996811,56.347800000209979],[117.03130000022604,56.428500000019618],[117.87329999979542,56.506499999760038],[118.22839999996889,56.531599999950807],[118.6471000000125,56.566800000075936],[119.02939999974059,56.596900000104291],[119.68030000012381,56.659599999856148],[120.15369999975067,56.692100000036469],[120.60430000018683,56.724700000245221],[121.15500000036776,56.757200000146938],[121.5782999998935,56.802100000030279],[122.19729999988424,56.851900000157364],[122.81179999995187,56.901799999964034],[123.2441999997811,56.939100000109356],[123.65830000034259,56.963900000222814],[124.04519999955286,56.988800000116804],[124.46849999997694,57.013600000001667],[124.79169999975785,57.033400000204878],[124.84179999985898,56.931800000116354],[124.98299999985888,56.690099999859811],[125.05590000004904,56.449400000162733],[125.08780000044152,56.234900000002604],[125.1516000003283,55.935300000062767],[125.20629999991149,55.766600000123027],[125.23820000030406,55.67949999991658],[125.2790999996443,55.638399999985218],[125.6614999998298,55.615299999834576],[126.21220000001077,55.620500000040856],[126.58090000041068,55.612800000232589],[127.23179999989557,55.602599999979326],[127.60959999970063,55.602700000250721],[127.76889999985005,55.602700000250721],[128.10119999993449,55.612999999755139],[128.75660000024067,55.625899999991475],[129.20719999977851,55.605400000021262],[130.19490000016913,55.672300000213838],[131.02789999989244,55.682599999803045],[131.68330000019873,55.728800000154337]]},"properties":{"geogdesc":"Ridge east of Lake Baikal, Siberia","type":"DIVERGENT","OBJECTID":30}},{"type":"Feature","id":31,"geometry":{"type":"LineString","coordinates":[[-22.918699999606542,36.991299999891361],[-22.136000000000859,37.038599999704765],[-21.605800000167882,37.058800000318904],[-20.806300000071062,37.173399999651494],[-20.343399999965143,37.234000000255449],[-19.846800000216117,37.307999999671758],[-19.299799999892002,37.442299999821692],[-18.954699999647289,37.52950000009308],[-18.432899999610736,37.609899999963417],[-17.801700000407664,37.716899999690987],[-17.397700000232348,37.710199999876657],[-16.993799999616122,37.696899999725197],[-16.463599999783149,37.636599999991311],[-15.899700000307133,37.569699999644691],[-15.377900000270547,37.415399999734937],[-14.881299999623222,37.240699999908749],[-14.081800000424732,37.55629999994882],[-13.206500000347043,37.085800000223379],[-12.457500000384437,36.612300000080111],[-12.019900000125137,36.360800000215406],[-10.302999999612835,37.294499999840724],[-9.7643000004243472,36.747900000130223],[-9.4025000001459471,36.374500000192441],[-9.0911000004426068,36.012900000294614],[-8.8638000000591308,35.731999999922991],[-8.594499999795282,35.353700000121478],[-8.2831000000919417,34.980499999935347],[-7.710799999921174,35.181199999725983],[-7.0375000003803079,35.464000000176057],[-6.4821000002598046,35.711499999748824],[-5.4301000003902766,36.08809999972339],[-4.8494000004230875,36.265500000288995],[-4.2855000000487413,35.738900000084918],[-2.8378999998002845,36.340399999888398],[-2.5770000002311568,36.08809999972339],[-0.96109999998728191,36.673299999868988]]},"properties":{"geogdesc":"PRESENT DAY PLATE BOUNDARY IBERIA/AFRICA","type":"DIVERGENT","OBJECTID":31}},{"type":"Feature","id":32,"geometry":{"type":"LineString","coordinates":[[58.352899999902881,12.784400000376412],[58.211800000360377,12.371000000180443],[58.105900000135883,12.060500000283875],[57.894099999686844,11.645999999864939],[57.752899999686932,11.369399999893247],[57.576500000369052,11.12710000029657],[57.399999999695432,10.849900000250232],[57.223499999920143,10.641799999785457],[57.117599999695635,10.433600000081624],[56.941200000377734,10.329499999630269],[56.694100000153313,10.121099999726171],[56.905899999704026,9.9820999999115525],[57.15290000036935,9.8778000002607786],[57.399999999695432,9.9473000002130743],[57.647099999919845,9.9473000002130743],[57.82350000013605,9.8430000002150351],[58.105900000135883,9.7038999996564197],[58.105900000135883,9.5646999998981705],[58.070600000360464,9.3905999995722098],[58.141199999911258,9.2513000003904171],[58.247100000135795,9.2165000002897255],[58.458800000127376,9.1120000004027357],[58.423500000351964,8.9724999997620571],[58.423500000351964,8.7981999997296345],[58.388199999678257,8.5539000003398655],[58.635299999902671,8.3096000000733703],[58.776499999902583,8.1697999997211905],[58.988199999894164,8.0650000002974913],[59.129399999894076,8.0650000002974913],[59.341200000343115,8.0650000002974913],[59.552900000334695,7.8902999996675129],[59.764699999885401,7.7503999997411333],[59.623499999885489,7.5055000001066468],[59.588200000110113,7.3305000001111358],[59.72940000010999,7.1905000000249766],[59.976500000334404,7.1204000002111956],[60.117599999876902,6.9452999999620024],[60.258799999876814,6.7700999997530484],[60.399999999876727,6.5598000000703127],[60.576499999652022,6.3844000002831365],[60.858800000092728,6.2090000001108336],[60.929399999643515,6.1036999999958281],[61.211799999643347,5.8931000001441127],[61.423499999634927,5.7878000002210479],[61.635300000083966,5.6472999998081388],[61.56469999963484,5.3662999997827017],[61.74120000030846,5.3311000002281705],[61.952900000300048,5.3311000002281705],[62.129400000075378,5.2257000001364968],[62.164699999850754,5.0147999996823174],[62.199999999626165,4.7686000000849917],[62.376500000299785,4.6279000004410626],[62.517599999842247,4.5575999997160377],[62.552899999617665,4.3463999997280229],[62.729400000291285,4.2055999997166369],[62.941199999841992,4.0296000001070702],[63.152899999833572,3.9239999997986836],[63.329399999608867,3.9239999997986836],[63.505900000282487,3.8183999999930034],[63.717600000274103,3.7831000004388273],[63.964699999600192,3.7478999995996443],[64.105899999600112,3.7127000002528412],[64.282400000273725,3.6422999995684497],[64.458799999591605,3.4661000001654645],[64.599999999591518,3.3603999997658969],[64.74119999959143,3.2546999996197692],[65.058799999807505,3.0433000000811519],[65.199999999807432,2.9375999997692408],[65.411800000256463,3.0433000000811519],[65.729399999574255,3.0785000000330238],[65.941200000023244,3.0433000000811519],[66.047100000247752,2.9023000003763824],[66.223499999565661,2.7612999996380725],[66.400000000239288,2.6554999996060236],[66.611799999789994,2.5145000002303397],[66.717599999557066,2.3381999996246199],[66.788200000006157,2.1618999995641617],[66.717599999557066,1.9501999999105326],[66.717599999557066,1.7385999998807722],[66.68240000023907,1.6680000003561362],[66.85879999955695,1.4916000001548164],[67.035300000230563,1.3857999997349817],[67.141199999556775,1.244600000437003],[67.247099999781284,1.0682000001165779],[67.352900000446695,0.92699999957633827],[67.247099999781284,0.85649999988392267],[67.141199999556775,0.68000000036545427],[67.035300000230563,0.50349999979044391],[66.929400000006069,0.39770000005124784],[67.070600000005982,0.22119999970792176],[67.247099999781284,0.11530000043695321],[67.141199999556775,-0.09649999963797308],[67.035300000230563,-0.30819999985713015],[67.070600000005982,-0.449399999828903],[67.247099999781284,-0.52000000004458447],[67.388200000222071,-0.55530000001748703],[67.388200000222071,-0.73170000013863123],[67.670600000221896,-0.90820000003853707],[67.423499999997475,-1.3316000004447786],[67.670600000221896,-1.508000000119869],[67.811800000221808,-1.6491999996059585],[68.023500000213389,-1.7549999995772843],[67.988200000438013,-2.001900000147816],[68.235299999764095,-2.1429999996402782],[68.129400000437897,-2.3898999999707038],[67.988200000438013,-2.6367000003079726],[68.27060000043781,-2.8835000001291902],[68.164700000213301,-3.0244999995644526],[68.023500000213389,-3.2007000002215182],[68.235299999764095,-3.3767999998391902],[68.376499999764007,-3.4825000000686614],[68.552899999980212,-3.5530000003950377],[68.694099999980125,-3.6233999998151969]]},"properties":{"geogdesc":"CARLSBERG RIDGE, NORTHWEST INDIAN OCEAN","type":"DIVERGENT","OBJECTID":32}},{"type":"Feature","id":33,"geometry":{"type":"LineString","coordinates":[[68.694099999980125,-3.6233999998151969],[68.482399999988516,-3.8347999995984243],[68.27060000043781,-4.010800000181864],[68.411800000437722,-4.1516000002296609],[68.552899999980212,-4.2571999997106325],[68.694099999980125,-4.4683999998689723],[68.588199999755588,-4.6795000001775353],[68.44710000021314,-4.8201999995556841],[68.588199999755588,-4.9608000002658486],[68.623500000429303,-5.0663000004013261],[68.658800000204721,-5.2068999999800525],[68.729399999755515,-5.3123999998821407],[68.588199999755588,-5.5231999998747439],[68.376499999764007,-5.7338999997314097],[68.023500000213389,-6.0148000003392177],[68.164700000213301,-6.1551999999505496],[68.305900000213214,-6.33059999969218],[68.517600000204808,-6.4708999999686023],[68.376499999764007,-6.6812999997680533],[68.199999999988719,-6.8215000004033683],[67.917599999988894,-7.1016999999928201],[68.27060000043781,-7.3468000001030056],[68.129400000437897,-7.556799999677434],[67.917599999988894,-7.8016000003489978],[68.058799999988807,-7.9414999998557727],[68.235299999764095,-8.0812999999303532],[68.305900000213214,-8.1860999996304429],[68.129400000437897,-8.395700000096415],[67.882399999772602,-8.6050999996094664],[67.599999999772777,-8.8144000001260832],[67.388200000222071,-8.9538999998434825],[67.17650000023049,-9.0932999997956205],[66.929400000006069,-9.267500000407157],[66.611799999789994,-9.5461000004029408],[66.752900000230781,-9.6852999998437319],[66.85879999955695,-9.7896000002410837],[66.717599999557066,-9.9635000003734611],[66.505899999565457,-10.102500000038582],[66.294100000014751,-10.310899999948047],[66.435300000014664,-10.4844999995747],[66.611799999789994,-10.623300000171467],[66.752900000230781,-10.796700000318012],[66.611799999789994,-10.969999999602969],[66.400000000239288,-11.108599999591572],[66.294100000014751,-11.281699999850783],[66.435300000014664,-11.523799999968457],[66.223499999565661,-11.731300000237761],[66.047100000247752,-11.834899999783138],[65.800000000023331,-12.007599999940693],[65.623500000248043,-12.111100000234593],[65.729399999574255,-12.249100000393083],[65.83529999979875,-12.387000000027378],[66.047100000247752,-12.455999999643216],[66.117600000239449,-12.628200000018635],[66.223499999565661,-12.731499999589555],[66.364699999565545,-12.766000000411506],[66.541200000239158,-13.041199999595525],[66.64709999956537,-13.144300000034098],[66.788200000006157,-13.31609999967983],[66.505899999565457,-13.419099999665427],[66.364699999565545,-13.590700000217385],[66.223499999565661,-13.693600000076955],[66.011799999574038,-13.796500000245256],[66.047100000247752,-14.001999999748445],[66.152900000014824,-14.241600000227455],[66.152900000014824,-14.344199999810289],[66.258800000239376,-14.480999999635737],[66.435300000014664,-14.754200000077455],[66.64709999956537,-14.754200000077455],[66.788200000006157,-14.822399999575859],[66.894100000230651,-15.027000000380282],[66.999999999556863,-15.095199999854183],[67.141199999556775,-15.231500000148642],[67.247099999781284,-15.367600000266719],[67.247099999781284,-15.503700000329241],[67.141199999556775,-15.639699999800493],[67.282399999556688,-15.775599999803459],[67.388200000222071,-15.945400000137214],[67.423499999997475,-16.013199999734706],[67.247099999781284,-16.115000000341606],[66.999999999556863,-16.284400000130795],[66.752900000230781,-16.38609999963824],[66.541200000239158,-16.521400000384748],[66.68240000023907,-16.758199999965633],[66.894100000230651,-16.927100000344833],[66.611799999789994,-17.12949999959935],[66.364699999565545,-17.264399999870349],[66.152900000014824,-17.39919999972706],[65.941200000023244,-17.533799999819806],[65.729399999574255,-17.668400000292603],[65.482399999807257,-17.735699999789368],[65.341199999807344,-17.802900000398935],[65.164700000032042,-17.970800000340901],[65.129400000256638,-18.03789999966612],[65.235299999582836,-18.172100000006321],[65.341199999807344,-18.339699999753712],[65.411800000256463,-18.507099999750775],[65.482399999807257,-18.70779999989902],[65.588199999574343,-18.975100000000971],[65.694099999798837,-19.208500000312188],[65.83529999979875,-19.375099999984457],[65.941200000023244,-19.57469999983671],[66.047100000247752,-19.77410000040647],[66.188199999790243,-19.940099999840445],[66.258800000239376,-20.039599999753147],[66.364699999565545,-20.17220000041252],[66.611799999789994,-20.139100000215628],[66.788200000006157,-20.039599999753147],[66.85879999955695,-20.139100000215628],[66.964699999781487,-20.370800000044298],[67.247099999781284,-20.271600000410675],[67.388200000222071,-20.17220000041252],[67.599999999772777,-20.072800000246062],[67.741199999772689,-20.337799999706952],[67.811800000221808,-20.370800000044298],[68.058799999988807,-20.304699999617359],[68.129400000437897,-20.437000000062589],[68.199999999988719,-20.536200000158246],[68.341199999988604,-20.635300000071897],[68.411800000437722,-20.800400000225267],[68.588199999755588,-20.734399999801269],[68.764700000429215,-20.998200000243489],[68.623500000429303,-21.129899999709316],[68.694099999980125,-21.294500000154542],[68.800000000204633,-21.42589999982652],[68.835299999980009,-21.622900000302057],[68.976499999979922,-21.655699999844096],[69.082400000204416,-21.786899999806735],[69.082400000204416,-21.950700000201358],[69.188199999971502,-22.016099999882158],[69.152900000196126,-22.179600000367088],[69.082400000204416,-22.310299999925856],[69.258800000420621,-22.44079999964066],[69.364699999746833,-22.473499999658433],[69.470599999971327,-22.668999999666784],[69.258800000420621,-22.766700000126548],[69.152900000196126,-22.864300000086672],[69.22349999974692,-23.059300000184571],[69.152900000196126,-23.253999999831677],[69.258800000420621,-23.383599999877987],[69.400000000420548,-23.513099999597731],[69.54120000042046,-23.674800000248389],[69.54120000042046,-23.836399999890595],[69.576500000195836,-23.965400000155199],[69.647099999746629,-24.094399999736417],[69.717599999738326,-24.223199999693687],[69.894100000411953,-24.319700000261719],[69.999999999738165,-24.448299999955484],[70.035300000411866,-24.512499999909281],[69.894100000411953,-24.640900000020014],[69.823499999962834,-24.705100000269894],[69.894100000411953,-24.865300000207597],[70.070600000187241,-24.993300000404229],[70.176500000411778,-25.089200000278218],[70.035300000411866,-25.185099999637824],[69.964699999962747,-25.280899999788048],[69.999999999738165,-25.408500000101366],[69.999999999738165,-25.567799999779361]]},"properties":{"geogdesc":"CENTRAL INDIAN OCEAN RIDGE","type":"DIVERGENT","OBJECTID":33}},{"type":"Feature","id":34,"geometry":{"type":"LineString","coordinates":[[43.670599999670017,12.025999999833198],[43.952900000110716,12.025999999833198],[44.270599999885924,12.060500000283875],[44.623499999877453,12.09509999967001],[45.047099999877169,12.09509999967001],[45.399999999868662,12.09509999967001],[45.858800000084692,12.129599999936991],[46.141200000084488,12.198600000102493],[46.38819999985148,12.198600000102493],[46.564699999626775,12.336500000328625],[46.776500000075814,12.233099999881514],[46.917599999618304,12.405500000276069],[47.023499999842805,12.474399999861156],[47.411800000067132,12.439899999928819],[47.623500000058712,12.612199999953132],[47.870600000283133,12.543299999693412],[48.082399999833839,12.784400000376412],[48.294099999825413,12.646600000260316],[48.541200000049834,12.818800000250963],[48.858800000265944,13.025200000430042],[49.105899999592069,12.922000000268113],[49.317599999583649,13.059599999651981],[49.529400000032652,13.231399999777238],[49.741199999583358,13.437500000075371],[50.058799999799476,13.197000000369187],[50.30590000002389,13.30010000026148],[50.552899999790888,13.368799999688735],[50.835299999790678,13.334499999743652],[51.082400000015099,13.265799999796938],[51.294100000006708,13.162699999566691],[51.435300000006627,13.403099999911642],[51.611799999781915,13.643300000078826],[51.717600000447327,13.951799999699631],[51.858800000447211,14.157199999906167],[51.929399999998033,14.396699999772043],[52.070599999997917,14.601699999908602],[52.21179999999783,14.7040999997865],[52.317599999764909,14.738299999627653],[52.42349999998941,14.635800000076207],[52.705899999989235,14.533399999746086],[52.917599999980816,14.464999999811612],[53.235299999756066,14.396699999772043],[53.447100000205069,14.430899999577282],[53.658800000196649,14.362500000425198],[53.870599999747348,14.362500000425198],[53.941200000196474,14.635800000076207],[53.941200000196474,14.738299999627653],[54.188199999963466,14.601699999908602],[54.364699999738761,14.738299999627653],[54.682400000412301,14.772399999855217],[55.070600000179205,14.806499999989361],[55.388200000395294,14.772399999855217],[55.70590000017053,14.738299999627653],[55.952899999937493,14.669999999838673],[56.129399999712824,14.635800000076207],[56.341200000161827,14.601699999908602],[56.482400000161739,14.464999999811612],[56.658800000377937,14.294099999943212],[56.870599999928643,14.19150000024513],[56.976500000153145,14.054600000131064],[57.117599999695635,13.814800000399558],[57.258799999695519,13.746199999716774],[57.470600000144557,13.677599999639225],[57.505899999919968,13.471799999646889],[57.505899999919968,13.30010000026148],[57.541199999695351,13.059599999651981],[57.82350000013605,12.956399999710172],[57.964700000135963,12.922000000268113],[58.176499999686676,12.887599999875386],[58.352899999902881,12.784400000376412]]},"properties":{"geogdesc":"GULF OF ADEN SPREADING RIDGE","type":"DIVERGENT","OBJECTID":34}},{"type":"Feature","id":35,"geometry":{"type":"LineString","coordinates":[[36.869999999568847,23.540000000319747],[36.058199999802227,24.96119999983755],[35.830199999809992,25.331799999860635],[35.646700000354066,25.635100000386675],[35.474600000044362,25.911600000118131],[35.240900000029868,26.320700000377187],[35.094600000057333,26.520799999924137],[34.800699999555569,26.979100000294739],[34.645799999770063,27.219100000016237],[34.52390000001887,27.393300000343494],[34.447900000021491,27.509700000128699]]},"properties":{"geogdesc":"SPREADING CENTER IN RED SEA","type":"DIVERGENT","OBJECTID":35}},{"type":"Feature","id":36,"geometry":{"type":"LineString","coordinates":[[36.869999999568847,23.540000000319747],[36.949999999897052,23.460000000011885],[37.079999999869003,23.340000000360099],[37.189999999983428,23.259999999931495],[37.300000000097882,23.149999999707781],[37.380000000426122,23.0700000002868],[37.439999999998548,23.00999999973854],[37.499999999570967,22.950000000374846]]},"properties":{"geogdesc":"RED SEA RIDGE AXIS","type":"DIVERGENT","OBJECTID":36}},{"type":"Feature","id":37,"geometry":{"type":"LineString","coordinates":[[37.550000000112973,22.860000000404415],[37.550000000112973,22.860000000404415],[37.650000000298697,22.669999999617445],[37.749999999586059,22.480000000396579],[37.829999999914307,22.330000000034893],[37.879999999558009,22.140000000209326],[37.940000000028768,21.949999999986002],[37.969999999814981,21.779999999637653],[37.979999999743704,21.689999999897495],[38.020000000356973,21.510000000134305],[38.030000000285732,21.360000000168551],[38.050000000143186,21.179999999980311],[38.060000000071945,21.109999999946272],[38.129999999573101,20.959999999783296],[38.199999999972611,20.79999999985063],[38.239999999687555,20.669999999718048],[38.2700000003721,20.529999999676164],[38.280000000300824,20.419999999951404],[38.33999999987325,20.24999999968982],[38.449999999987703,20.070000000340624],[38.58999999988837,19.85999999979451],[38.719999999860278,19.629999999641107],[38.869999999689675,19.449999999840806],[39.040000000274887,19.310000000298356],[39.219999999890497,19.119999999686392],[39.410000000333163,18.889999999686776],[39.570000000091319,18.740000000077686]]},"properties":{"geogdesc":"RED SEA RIDGE AXIS","type":"DIVERGENT","OBJECTID":37}},{"type":"Feature","id":38,"geometry":{"type":"LineString","coordinates":[[39.680000000205744,18.65999999958235],[39.680000000205744,18.65999999958235],[39.800000000248957,18.500000000287198],[39.849999999892617,18.430000000146226]]},"properties":{"geogdesc":"RED SEA RIDGE AXIS","type":"DIVERGENT","OBJECTID":38}},{"type":"Feature","id":39,"geometry":{"type":"LineString","coordinates":[[39.920000000292134,18.230000000375863],[39.930000000220865,18.230000000375863],[40.00999999965078,18.089999999843702],[40.080000000050262,17.950000000038436],[40.139999999622688,17.840000000269633],[40.219999999950929,17.700000000108361],[40.300000000279134,17.529999999923149],[40.430000000251084,17.359999999809613],[40.499999999752234,17.260000000081163],[40.580000000080474,17.120000000021975],[40.710000000052382,16.949999999689261],[40.800000000309353,16.799999999919695],[40.869999999810545,16.700000000069366]]},"properties":{"geogdesc":"RED SEA RIDGE AXIS","type":"DIVERGENT","OBJECTID":39}},{"type":"Feature","id":40,"geometry":{"type":"LineString","coordinates":[[41.090000000039417,16.429999999981842],[41.090000000039417,16.429999999981842],[41.200000000153878,16.289999999984406],[41.320000000197055,16.130000000003346],[41.470000000026452,16.010000000196897],[41.560000000283424,15.920000000094108],[41.590000000069637,15.860000000400998],[41.659999999570822,15.800000000085872]]},"properties":{"geogdesc":"RED SEA RIDGE AXIS","type":"DIVERGENT","OBJECTID":40}},{"type":"Feature","id":41,"geometry":{"type":"LineString","coordinates":[[41.659999999570822,15.800000000085872],[41.779999999614006,15.660000000167557],[41.810000000298544,15.60000000028089]]},"properties":{"geogdesc":"RED SEA RIDGE AXIS","type":"DIVERGENT","OBJECTID":41}},{"type":"Feature","id":42,"geometry":{"type":"LineString","coordinates":[[41.879999999799701,15.460000000287311],[41.879999999799701,15.460000000287311],[41.950000000199175,15.349999999658573]]},"properties":{"geogdesc":"RED SEA RIDGE AXIS","type":"DIVERGENT","OBJECTID":42}},{"type":"Feature","id":43,"geometry":{"type":"LineString","coordinates":[[42.029999999629091,15.210000000397514],[42.029999999629091,15.210000000397514],[42.090000000099849,15.080000000096717]]},"properties":{"geogdesc":"RED SEA RIDGE AXIS","type":"DIVERGENT","OBJECTID":43}},{"type":"Feature","id":44,"geometry":{"type":"LineString","coordinates":[[42.139999999743551,14.979999999983699],[42.139999999743551,14.979999999983699],[42.220000000071757,14.850000000269945]]},"properties":{"geogdesc":"RED SEA RIDGE AXIS","type":"DIVERGENT","OBJECTID":44}},{"type":"Feature","id":45,"geometry":{"type":"LineString","coordinates":[[42.230000000000516,14.790000000160855],[42.230000000000516,14.790000000160855],[42.279999999644218,14.679999999811637]]},"properties":{"geogdesc":"RED SEA RIDGE AXIS","type":"DIVERGENT","OBJECTID":45}},{"type":"Feature","id":46,"geometry":{"type":"LineString","coordinates":[[42.269999999715459,14.310000000289939],[42.269999999715459,14.310000000289939],[42.369999999901182,14.080000000345271],[42.460000000158153,13.84999999963172]]},"properties":{"geogdesc":"RED SEA RIDGE AXIS","type":"DIVERGENT","OBJECTID":46}},{"type":"Feature","id":47,"geometry":{"type":"LineString","coordinates":[[42.560000000343855,13.760000000030072],[42.560000000343855,13.760000000030072],[42.659999999631253,13.639999999961875]]},"properties":{"geogdesc":"RED SEA RIDGE AXIS","type":"DIVERGENT","OBJECTID":47}},{"type":"Feature","id":48,"geometry":{"type":"LineString","coordinates":[[42.800000000430217,13.470000000373068],[42.800000000430217,13.470000000373068],[43.019999999760799,13.23000000005649],[43.139999999803976,13.070000000092874]]},"properties":{"geogdesc":"RED SEA RIDGE AXIS","type":"DIVERGENT","OBJECTID":48}},{"type":"Feature","id":49,"geometry":{"type":"LineString","coordinates":[[121.57680000021863,24.796200000150765],[123.00750000041685,24.959200000240937],[124.37969999981919,25.237100000352356],[125.31489999991015,25.394300000237628]]},"properties":{"geogdesc":"SPREADING IN OKINAWA TROUGH S (ACTIVE)","type":"DIVERGENT","OBJECTID":49}},{"type":"Feature","id":50,"geometry":{"type":"LineString","coordinates":[[124.93639999959805,25.825200000020875],[125.7898999996694,26.369900000099893],[126.40800000003479,27.00179999985566],[127.11380000001778,27.857800000186483],[127.86059999979844,28.795600000210928],[128.70819999983101,29.920200000169675],[129.52070000010471,31.094900000050163],[129.83049999967568,31.57539999995285]]},"properties":{"geogdesc":"SPREADING IN OKINAWA TROUGH N (ACTIVE)","type":"DIVERGENT","OBJECTID":50}},{"type":"Feature","id":51,"geometry":{"type":"LineString","coordinates":[[96.407500000426495,15.19819999979833],[96.26100000043742,15.189500000300516],[96.146999999992161,15.185700000199297],[96.04149999980072,15.180300000108495],[96.045999999723733,15.052900000111418],[96.046999999806431,14.845700000076421],[96.045999999723733,14.667699999955007],[96.036500000285514,14.518699999888998],[96.033000000445213,14.360900000096288],[96.034999999712298,14.234900000192249],[96.033999999629572,14.11179999998914],[96.03450000012009,13.988099999782285],[96.028499999623875,13.865800000131673],[96.025500000274064,13.797299999919881],[96.023500000108669,13.773499999735256],[95.945499999945824,13.768700000135869],[95.8845000002907,13.765699999859409],[95.830999999908386,13.763800000225498],[95.830999999908386,13.666200000398119],[95.830999999908386,13.581099999825495],[95.829999999825688,13.479499999675783],[95.83349999966596,13.402200000146308],[95.836000000321917,13.340899999774861],[95.835499999831399,13.289799999644641],[95.833000000073781,13.231399999777238],[95.771499999928139,13.23000000005649],[95.683000000244391,13.225599999924707],[95.687500000167404,13.090200000001808],[95.685000000409786,12.963600000355592],[95.687999999759583,12.874900000282508],[95.684000000327089,12.803700000428195],[95.683000000244391,12.751999999747454],[95.576000000378059,12.739299999892715],[95.452000000004062,12.728100000194068],[95.328500000120556,12.711999999718271],[95.243500000277109,12.708100000355794],[95.196999999575439,12.703700000053534],[95.21199999991768,12.554499999599825],[95.218000000413909,12.436300000238646],[95.224000000011841,12.290800000110538],[95.233500000348386,12.161799999563945],[95.237000000188701,11.998499999715253],[95.251000000448258,11.854600000066242],[95.262500000051901,11.722499999734865],[95.265999999892216,11.56190000014446],[95.275500000228746,11.432000000186543],[95.284500000074786,11.304599999716032],[95.291000000163194,11.190299999826145],[95.297500000251645,11.092700000227536],[95.296999999761127,11.030400000282908],[95.143500000091421,11.001899999679447],[95.035999999734571,10.97689999982896],[94.90100000024745,10.951800000289442],[94.770000000192795,10.923399999964127],[94.627000000044035,10.891899999963872],[94.448500000103309,10.866900000070244],[94.27049999975479,10.835000000036564],[94.154999999634626,10.81779999975935],[94.068999999708481,10.798599999663422],[94.064000000193246,10.782899999800344],[94.071500000364409,10.699899999693834],[94.078999999637219,10.632600000141281],[94.091999999814064,10.57660000002965],[94.097499999819789,10.514099999798134],[94.101500000150622,10.473299999664405],[94.104500000398744,10.444299999888635],[93.992500000118895,10.41869999972908],[93.893000000423683,10.395099999776715],[93.780499999653301,10.373000000429892],[93.791000000072586,10.264800000293116],[93.801000000001309,10.168799999695446],[93.812000000012773,10.077300000304971],[93.824000000106892,9.9895999998161233],[93.839999999633548,9.9044000004418304],[93.860499999981556,9.8191999998696531],[93.884999999762059,9.7339999996340403],[93.904500000027312,9.6585999996197529],[93.933000000138648,9.5781999997456033],[93.958500000001848,9.5033000001743471],[93.983500000272869,9.4253000003848104],[94.000499999882223,9.3374999996684505],[94.019499999656972,9.2754000000425929],[94.031499999751134,9.2195999996065225],[94.048500000258812,9.1727000003377412],[94.06549999986818,9.1153999996646391],[93.961999999842163,9.0887999996787325],[93.883999999679347,9.0655999996804706],[93.814499999770348,9.0394000001981389],[93.83199999987022,8.9337000001338662],[93.856499999650723,8.8117000002278321],[93.898500000429422,8.6574999997757534],[93.95749999991915,8.4997999996817182],[93.992500000118895,8.375599999940988],[94.028500000401337,8.2673000002032939],[94.08400000005075,8.1292000002022267],[94.128499999688728,8.0149000003647046],[94.18449999982866,7.902499999558569],[94.238499999803153,7.8014000002736292],[94.286500000179757,7.7058000001103135],[94.324000000137104,7.6310000001633718],[94.357499999763647,7.573499999676522],[94.390000000205802,7.5160000001220064],[94.409499999572731,7.4708999998208476],[94.427999999755329,7.4352000003186127],[94.337000000313964,7.3865999997942708],[94.227000000199538,7.3295999997039267],[94.152000000284829,7.292399999582269],[94.07700000037012,7.243300000075573],[94.095499999654393,7.201100000091837],[94.112999999754265,7.158899999749412],[94.13900000010797,7.094899999857323],[94.187500000076753,7.0056000004450256],[94.221999999786007,6.9400999998385444],[94.267500000404993,6.8651999998758386],[94.317999999640875,6.7882000000438705],[94.369000000265615,6.7157000000642686],[94.411499999738169,6.6497000002265603],[94.470500000126179,6.5775999995748222],[94.513999999681474,6.5175000000485621],[94.57349999966172,6.4504999998389474],[94.617499999707476,6.4037999999665498],[94.679500000343651,6.3361999999671887],[94.954699999748001,5.9264000002139001]]},"properties":{"geogdesc":"SPREADING RIDGE IN ANDAMAN SEA","type":"DIVERGENT","OBJECTID":51}},{"type":"Feature","id":52,"geometry":{"type":"LineString","coordinates":[[132.82729999959233,0.41880000009077295],[132.78489999967886,0.75630000026628041],[132.77919999965661,1.3042999995961595],[132.83639999989578,1.9036999998812336],[132.86269999982508,2.4011000000465903],[132.89939999971628,2.9554999999860048],[132.92450000044474,3.5301000003966254],[132.90970000011902,3.8771999996165496],[132.9233999999046,4.1375000000271083],[133.0766999995578,4.4421000004017035],[133.19230000013536,4.7329999999283521],[133.27580000030392,5.0420000004460785]]},"properties":{"geogdesc":"AYU TROUGH (ACTIVE SPREADING)","type":"DIVERGENT","OBJECTID":52}},{"type":"Feature","id":53,"geometry":{"type":"LineString","coordinates":[[139.01000000024294,39.680000000210661],[138.23000000041137,39.309999999775222],[137.85000000042436,39.199999999884426]]},"properties":{"geogdesc":"YAMATO BASIN SPREADING CENTER","type":"DIVERGENT","OBJECTID":53}},{"type":"Feature","id":54,"geometry":{"type":"LineString","coordinates":[[137.52000000008098,39.150000000231657],[136.73000000032076,39.000000000138861]]},"properties":{"geogdesc":"YAMATO BASIN SPREADING CENTER","type":"DIVERGENT","OBJECTID":54}},{"type":"Feature","id":55,"geometry":{"type":"LineString","coordinates":[[136.90000000000762,38.61000000032346],[136.51000000009182,38.510000000090116],[135.97000000034666,38.380000000099315]]},"properties":{"geogdesc":"YAMATO BASIN SPREADING CENTER","type":"DIVERGENT","OBJECTID":55}},{"type":"Feature","id":56,"geometry":{"type":"LineString","coordinates":[[143.49829999999633,6.2801999998029769],[143.82409999999231,6.1188999996662092],[144.19080000022683,5.9459999996412556],[144.44940000005485,5.8704999996663938],[144.77960000041472,5.7789000003944127],[145.06310000005641,5.7149000003100658],[145.33189999982974,5.6901999997659409],[145.64159999984159,5.6857999999868429]]},"properties":{"geogdesc":"SOROL TROUGH NE OF EAURIPIC RISE, ACTIVE EXTENSI","type":"DIVERGENT","OBJECTID":56}},{"type":"Feature","id":57,"geometry":{"type":"LineString","coordinates":[[140.09110000027337,6.7852999998259866],[140.29419999955368,6.7549000000102275],[140.59219999994539,6.6736000001732672],[140.9049000002054,6.6475000004369127],[141.287700000424,6.6605000002711465],[141.67490000010821,6.6881000003442352],[141.96850000013603,6.7315999999435938],[142.25489999956832,6.7969000002007727],[142.47700000042008,6.8766999998395946]]},"properties":{"geogdesc":"SOROL TROUGH NW OF EAURIPIC RISE, ACTIVE EXTENSI","type":"DIVERGENT","OBJECTID":57}},{"type":"Feature","id":58,"geometry":{"type":"LineString","coordinates":[[138.56050000034691,9.0282000003934151],[139.39900000007597,8.7722999995875455],[140.04879999991905,8.5682999996361922],[140.79069999974359,8.3034000001775397],[141.45659999957078,8.0281999996811972],[142.11509999968422,7.6324000002883059],[142.64050000001851,7.2493000002299794],[143.11019999978856,6.9879999998721063],[143.26680000016378,6.918200000276272],[143.8683000000546,6.7366000001620474],[144.64390000042056,6.5927000002126892],[145.45169999985634,6.5010999997073515],[146.05900000022689,6.5098000002139882]]},"properties":{"geogdesc":"CAROLINE RIDGE(ACTIVE SPREADING)","type":"DIVERGENT","OBJECTID":58}},{"type":"Feature","id":59,"geometry":{"type":"LineString","coordinates":[[142.27769999965739,22.57839999972159],[142.63479999999623,22.101900000412677],[142.99039999976191,21.423600000304024],[143.37099999979858,20.571000000084439],[143.68570000022396,19.958599999749605],[143.88179999982367,19.55359999985674],[144.28279999975089,18.866699999882805],[144.53600000003067,18.406299999954875],[144.78190000015582,17.677099999971379],[144.87700000038544,17.056899999987774],[144.81559999979888,16.530000000023829],[144.64139999976464,15.917300000070341],[144.29599999994429,14.929699999573103],[143.87589999978485,13.948900000320204],[143.57590000012604,13.317300000074471],[143.09730000006908,12.65419999974462],[142.80020000020099,12.188199999906033],[142.57619999964129,11.834600000261631]]},"properties":{"geogdesc":"MARIANA SPREADING (ACTIVE)","type":"DIVERGENT","OBJECTID":59}},{"type":"Feature","id":60,"geometry":{"type":"LineString","coordinates":[[0.97530000026338437,-54.797000000022003],[1.3278000002218204,-54.634000000159361],[1.53939999975598,-54.511400000209441],[1.8213999997227155,-54.30630000022758],[2.1738999996811184,-54.10009999980327],[2.3853999996561863,-53.934400000220933],[2.7380000000720108,-53.809699999734889],[2.9495000000470792,-53.72630000017169],[3.2315000000138148,-53.72630000017169],[3.3724999999971823,-53.809699999734889],[3.5134999999805498,-53.851299999896881],[3.724999999955585,-53.892800000023492],[3.9364999999306529,-53.975900000241339],[4.0071000003797419,-54.017300000160617],[4.2186000003548108,-54.141400000245724],[4.3596000003381778,-54.30630000022758],[4.6416000003049138,-54.223900000047898],[4.9236000002716498,-54.223900000047898],[5.135100000246684,-54.347400000040736],[5.3466999997808431,-54.429499999964456],[5.4876999997642111,-54.511400000209441],[5.699199999739279,-54.388500000239198],[5.981199999706015,-54.265099999844075],[6.1221999996893821,-54.10009999980327],[6.2631999996727501,-53.975900000241339],[6.4746999996477852,-53.892800000023492],[6.6156999996311532,-53.809699999734889],[6.6863000000802755,-53.809699999734889],[6.9683000000470106,-53.934400000220933],[7.2503000000137465,-54.10009999980327],[7.4617999999887816,-54.10009999980327],[7.6732999999638496,-54.05869999977746],[8.0259000003796732,-54.182699999864433],[8.3079000003464092,-54.05869999977746],[8.4489000003297772,-53.892800000023492],[8.6604000003048451,-53.72630000017169],[8.8719000002798811,-53.60099999980401],[9.0129000002632473,-53.433299999779251],[9.1539000002466153,-53.265000000230494],[9.4359999997724771,-53.138299999965419],[9.6474999997475113,-52.968699999769079],[9.8589999997225792,-52.926299999941719],[9.9999999997059454,-52.841199999793929],[10.211499999680981,-52.926299999941719],[10.493499999647717,-52.8836999997459],[10.634499999631085,-52.841199999793929],[10.846100000063576,-52.841199999793929],[10.987100000046942,-52.798599999859654],[11.198600000021978,-52.670500000046125],[11.339600000005344,-52.627699999775373],[11.55109999998038,-52.627699999775373],[11.76259999995545,-52.713200000225648],[12.044700000379605,-52.627699999775373],[12.326700000346341,-52.542000000257559],[12.608700000313076,-52.499099999770586],[12.961200000271479,-52.413200000158319],[13.243200000238215,-52.370200000154803],[13.525299999764075,-52.284000000051698],[13.736799999739111,-52.240900000245901],[14.018799999705845,-52.154400000077636],[14.300799999672581,-52.111100000171888],[14.51229999964765,-52.111100000171888],[14.723900000080139,-52.197700000084041],[14.864900000063505,-52.240900000245901],[15.005900000046841,-52.197700000084041],[15.287900000013575,-52.154400000077636],[15.569899999980313,-52.154400000077636],[15.922399999938749,-52.197700000084041],[16.204500000362906,-52.240900000245901],[16.416000000337942,-52.284000000051698],[16.698000000304674,-52.284000000051698],[16.980000000271414,-52.284000000051698],[17.262000000238146,-52.327100000226672],[17.473599999772308,-52.413200000158319],[17.685099999747372,-52.456200000213329],[18.249099999680844,-52.542000000257559],[18.601599999639248,-52.627699999775373],[18.954200000055106,-52.670500000046125],[19.236200000021842,-52.713200000225648],[19.518199999988578,-52.713200000225648],[19.729699999963611,-52.798599999859654],[20.011800000387769,-52.841199999793929],[20.152800000371133,-52.841199999793929],[20.364300000346205,-52.841199999793929],[20.646300000312937,-52.841199999793929],[20.928300000279677,-52.8836999997459],[21.210300000246409,-52.926299999941719],[21.492399999772239,-52.926299999941719],[21.703899999747303,-52.8836999997459],[21.844899999730675,-52.968699999769079],[22.056399999705711,-52.968699999769079],[22.267899999680775,-52.968699999769079],[22.479399999655811,-53.01119999988898],[22.620399999639179,-53.095900000134598],[22.76150000007997,-53.138299999965419],[23.043500000046706,-53.1805000001807],[23.325500000013438,-53.1805000001807],[23.607499999980178,-53.265000000230494],[23.818999999955242,-53.307100000188214],[24.101100000379404,-53.349200000164679],[24.312600000354436,-53.349200000164679],[24.594600000321172,-53.349200000164679],[24.80610000029624,-53.475299999866287],[25.017600000271276,-53.559099999737469],[25.229100000246341,-53.433299999779251],[25.299600000238009,-53.222800000060452],[25.440699999780502,-53.053599999960809],[25.51119999977217,-52.8836999997459],[25.652199999755538,-52.798599999859654],[25.652199999755538,-52.627699999775373],[25.793199999738903,-52.542000000257559],[25.863699999730606,-52.413200000158319],[26.004699999713974,-52.370200000154803],[26.21619999968901,-52.456200000213329],[26.427699999664075,-52.456200000213329],[26.639199999639111,-52.542000000257559],[26.780300000079901,-52.627699999775373],[26.780300000079901,-52.755900000206147],[26.921300000063269,-52.798599999859654],[27.132800000038337,-52.841199999793929],[27.344300000013369,-52.8836999997459],[27.555799999988441,-52.926299999941719],[27.696799999971809,-52.926299999941719],[27.767299999963473,-52.670500000046125],[27.908299999946841,-52.499099999770586],[28.119900000379335,-52.327100000226672],[28.119900000379335,-52.154400000077636],[28.190400000371,-52.024500000198827],[28.331400000354368,-51.89410000015949],[28.401900000346068,-51.763399999840608],[28.472400000337736,-51.588499999734836],[28.683900000312807,-51.588499999734836],[28.89540000028784,-51.588499999734836],[29.247900000246275,-51.500799999968379],[29.459499999780434,-51.324900000186815],[29.67099999975547,-51.192600000047122],[29.811999999738834,-50.971100000097508],[30.023499999713902,-50.837700000114154],[30.164499999697277,-50.703900000270067],[30.37599999967231,-50.48009999987881],[30.587499999647378,-50.345399999858508],[30.657999999639046,-50.119899999806414],[30.799100000079832,-49.893300000037705],[30.9401000000632,-49.756799999843722],[31.081100000046568,-49.574300000114548],[31.151600000038268,-49.391100000088727],[31.433600000005001,-49.528600000162037],[31.645099999980037,-49.574300000114548],[31.997599999938476,-49.62000000008851],[31.997599999938476,-49.436900000105631],[32.209200000370934,-49.253199999754663],[32.420700000346002,-49.022599999762761],[32.49120000033767,-48.79089999991686],[32.632200000321035,-48.651299999821511],[32.702700000312731,-48.511400000102007],[32.843700000296103,-48.27729999982396],[32.984700000279467,-48.042199999705439],[33.125700000262839,-47.853300000073986],[33.337299999796997,-47.711100000296334],[33.337299999796997,-47.473399999833141],[33.478299999780369,-47.234599999750529],[33.548799999772029,-47.090799999766453],[33.548799999772029,-46.850200000008051],[33.619299999763733,-46.608599999711728],[33.760299999747104,-46.3657999997423],[33.830799999738772,-46.170899999865064],[33.901299999730469,-46.024200000185949],[34.112799999705501,-46.024200000185949],[34.324299999680569,-46.073100000061906],[34.535799999655609,-46.073100000061906],[34.747400000088092,-46.073100000061906],[34.81790000007976,-46.073100000061906],[34.958900000063132,-45.827999999967332],[35.099900000046503,-45.581900000073936],[35.099900000046503,-45.384099999956192],[35.1704000000382,-45.135999999953057],[35.240900000029868,-45.03639999970946],[35.240900000029868,-44.886800000148291],[35.311400000021571,-44.786799999827622],[35.381900000013239,-44.686599999982938],[35.522899999996604,-44.686599999982938],[35.804899999963339,-44.686599999982938],[36.01650000039583,-44.786799999827622],[36.228000000370862,-44.836799999896115],[36.439500000345937,-44.786799999827622],[36.721500000312666,-44.736699999850892],[36.862500000296038,-44.686599999982938],[37.07400000027107,-44.636499999981375],[37.215000000254435,-44.536000000043472],[37.356099999796932,-44.586299999986359],[37.567599999771964,-44.636499999981375],[37.779099999747032,-44.536000000043472],[37.920099999730397,-44.435400000096145],[38.131599999705436,-44.334699999717188],[38.343099999680504,-44.132599999693753],[38.484099999663876,-44.132599999693753],[38.766200000088027,-44.132599999693753],[38.907200000071398,-44.183200000305263],[39.118700000046431,-44.183200000305263],[39.189200000038134,-43.929800000098687],[39.259700000029795,-43.726399999919281],[39.259700000029795,-43.522199999758719],[39.330200000021499,-43.317400000279683],[39.612199999988235,-43.317400000279683],[39.823699999963274,-43.368599999797169],[40.105800000387433,-43.368599999797169],[40.317300000362494,-43.368599999797169],[40.317300000362494,-43.573300000297323],[40.387800000354162,-43.82820000002453],[40.669800000320897,-43.82820000002453],[41.02230000027933,-43.878999999677397],[41.304300000246037,-43.878999999677397],[41.445399999788528,-43.77730000007945],[41.586399999771892,-43.522199999758719],[41.586399999771892,-43.317400000279683],[41.656899999763603,-43.111800000038635],[41.656899999763603,-42.905599999940392],[41.797899999746967,-42.698699999675419],[41.938899999730332,-42.698699999675419],[42.220899999697039,-42.750499999806145],[42.361899999680404,-42.802199999898683],[42.4323999996721,-42.594999999883967],[42.502899999663768,-42.38700000026936],[42.502899999663768,-42.126099999776088],[42.573399999655472,-41.864100000087625],[42.573399999655472,-41.653700000325131],[42.64389999964714,-41.442699999912811],[42.64389999964714,-41.17790000032317],[42.64389999964714,-41.018500000026322],[42.785000000087962,-40.805300000214515],[42.996500000062994,-40.858699999945244],[43.208000000038069,-40.911999999944221],[43.560499999996466,-40.965200000236607],[43.91299999995487,-40.965200000236607],[44.195100000379057,-40.965200000236607],[44.406600000354089,-40.911999999944221],[44.547600000337461,-40.858699999945244],[44.547600000337461,-40.645000000092224],[44.759100000312536,-40.537999999715581],[44.900100000295865,-40.430699999969491],[45.041100000279236,-40.323299999686427],[45.252600000254304,-40.215700000312161],[45.534699999780159,-40.107900000241685],[45.67569999976353,-40.053999999841523],[45.957699999730231,-40.107900000241685],[46.098699999713595,-39.946000000293772],[46.169199999705299,-39.78360000030824],[46.098699999713595,-39.512199999824233],[46.169199999705299,-39.239699999850217],[46.169199999705299,-39.0209000002613],[46.310199999688663,-38.801499999658844],[46.592199999655406,-38.801499999658844],[46.874300000079558,-38.746500000165121],[47.156300000046294,-38.746500000165121],[47.438300000013029,-38.691500000187865],[47.720299999979765,-38.691500000187865],[47.861299999963137,-38.526199999693681],[48.072900000395627,-38.360500000288816],[48.28440000037066,-38.249900000316046],[48.354900000362363,-38.083599999844289],[48.636900000329064,-38.028099999936153],[48.9189000002958,-37.916900000264384],[49.271400000254232,-37.805600000116705],[49.48299999978839,-37.749900000218545],[49.764999999755133,-37.694100000143429],[49.976499999730166,-37.63829999969817],[50.187999999705234,-37.63829999969817],[50.469999999671963,-37.63829999969817],[50.681600000104424,-37.582399999971223],[50.893100000079492,-37.470600000105556],[51.104600000054525,-37.41459999976302],[51.386600000021268,-37.358599999704744],[51.598099999996329,-37.302500000219389],[51.7390999999797,-37.246399999721397],[52.021200000403852,-37.190299999929202],[52.303200000370587,-37.077900000312709],[52.303200000370587,-36.852499999937237],[52.303200000370587,-36.569899999977814],[52.303200000370587,-36.399899999653002],[52.373700000362255,-36.115600000341949],[52.585200000337323,-36.058600000028584],[52.867200000304067,-36.058600000028584],[52.937700000295735,-36.115600000341949],[53.149200000270795,-36.172499999805225],[53.360799999804961,-36.172499999805225],[53.360799999804961,-36.001599999925517],[53.360799999804961,-35.830299999743062],[53.360799999804961,-35.601300000185233],[53.431299999796629,-35.429200000249153],[53.572299999779993,-35.371700000060422],[53.783799999755061,-35.314199999675388],[53.995299999730094,-35.256600000177791],[54.06579999972179,-35.026000000058872],[54.06579999972179,-34.736799999920024],[54.347799999688526,-34.736799999920024],[54.629799999655269,-34.678899999825639],[54.841400000087724,-34.562799999815773],[54.982400000071095,-34.330200000300934],[55.405400000021196,-34.330200000300934],[55.616899999996257,-34.038599999817365],[55.757899999979628,-33.863200000008028],[56.110500000395454,-33.687399999980244],[56.39250000036219,-33.687399999980244],[56.674500000328926,-33.628699999881171],[56.956500000295662,-33.628699999881171],[57.027000000287359,-33.334599999979041],[57.027000000287359,-32.921299999645626],[56.956500000295662,-32.684299999875485],[56.956500000295662,-32.446600000170513],[56.956500000295662,-32.208300000157195],[57.027000000287359,-31.969300000237602],[57.097500000279027,-31.729799999980443],[57.379599999804896,-31.729799999980443],[57.661599999771624,-31.669800000316158],[57.873099999746657,-31.60980000000831],[58.296099999696764,-31.60980000000831],[58.366599999688454,-31.369300000159981],[58.437099999680122,-31.128200000047102],[58.719200000104287,-31.128200000047102],[59.001200000071023,-31.007399999667623],[59.353700000029463,-30.825900000353997],[59.635699999996191,-30.58349999992064],[59.847199999971224,-30.462000000158934],[60.058800000403721,-30.462000000158934],[60.34080000037045,-30.340399999959057],[60.481800000353829,-30.279500000123004],[60.693300000328854,-30.157600000208575],[60.693300000328854,-29.913499999725932],[60.693300000328854,-29.607500000260629],[60.763800000320558,-29.362000000165949],[60.97530000029559,-29.239000000087049],[61.116300000278962,-28.992599999654672],[61.398399999804823,-28.93090000032765],[61.609899999779849,-28.869199999651542],[61.821399999754931,-28.807400000050773],[62.032899999729956,-28.683799999801568],[62.173899999713328,-28.560000000308339],[62.385399999688396,-28.436100000228144],[62.738000000104215,-28.249900000202015],[63.020000000070951,-28.125700000310754],[63.231500000046026,-28.001199999690748],[63.513500000012762,-27.939000000217355],[63.654499999996126,-27.814300000016289],[63.936499999962855,-27.814300000016289],[64.148100000395317,-27.814300000016289],[64.500600000353757,-27.939000000217355],[64.782600000320485,-27.939000000217355],[65.064600000287228,-27.814300000016289],[65.276100000262261,-27.6894999998602],[65.487699999796419,-27.62710000019986],[65.840199999754859,-27.564600000314808],[66.122199999721587,-27.502099999950079],[66.33369999969662,-27.376899999878535],[66.615699999663363,-27.251600000127858],[66.827300000095846,-27.251600000127858],[67.109300000062589,-27.063399999885277],[67.250300000045954,-26.811999999753347],[67.461800000020986,-26.623100000166193],[67.743799999987715,-26.560000000108879],[67.955299999962804,-26.370699999912912],[68.237400000386955,-26.180999999731824],[68.519400000353684,-26.117699999927908],[68.801400000320413,-26.054399999795987],[69.01290000029546,-25.927699999843217],[69.294900000262189,-25.800799999810497],[69.506499999796347,-25.737299999967163],[69.717999999771422,-25.610199999881999],[69.999999999738165,-25.54780000037433]]},"properties":{"geogdesc":"Southwest Indian Ridge [from Smith & Sandwell 19","type":"DIVERGENT","OBJECTID":60}},{"type":"Feature","id":61,"geometry":{"type":"LineString","coordinates":[[-45.125399999615631,15.264799999795276],[-45.144899999880913,14.021999999944939],[-45.060199999613125,13.996599999652949],[-45.034200000157746,12.682900000114923],[-44.259199999841407,12.631699999581345],[-44.278700000106696,12.106200000200131],[-43.887999999683871,12.087000000237072],[-43.920500000126012,10.924500000318655],[-41.087599999840933,10.789299999729216],[-41.081099999752496,9.9768999997245356],[-40.859700000306141,9.9768999997245356]]},"properties":{"geogdesc":"EQUATORIAL ATLANTIC RIDGE (CANDE ET AL. 1988)","type":"DIVERGENT","OBJECTID":61}},{"type":"Feature","id":62,"geometry":{"type":"LineString","coordinates":[[69.999999999738165,-25.567799999779361],[70.200400000142636,-25.820299999675953],[70.286299999611359,-25.897399999703918],[70.400900000106247,-26.083599999932257],[70.501100000308483,-26.154199999993047],[70.737300000080566,-26.070799999648397],[70.880500000245874,-26.218300000256118],[71.116700000017971,-26.064400000096231],[71.238399999752602,-26.006600000048625],[71.324300000119621,-25.993800000102997],[71.417299999726396,-26.134900000300387],[71.560499999891718,-26.346299999938136],[71.77520000013142,-26.346299999938136],[71.904099999563201,-26.538199999653635],[72.047200000169425,-26.691399999703428],[72.183199999739259,-26.850900000047588],[72.3049000003722,-26.959099999876702],[72.440899999942062,-27.003699999874101],[72.677200000171553,-27.238900000049576],[72.834599999714669,-27.441900000023413],[72.992099999715208,-27.429199999823712],[73.149599999715747,-27.359500000174101],[73.299900000019107,-27.454599999764223],[73.471699999854849,-27.435599999922271],[73.586300000349738,-27.416599999618146],[73.686499999653691,-27.600299999615768],[73.693599999791729,-27.695199999734218],[74.015699999930831,-27.865800000200991],[74.151799999958129,-28.036100000125195],[74.38080000003302,-28.180999999876278],[74.316400000096678,-28.313200000177424],[74.252000000160365,-28.394899999719705],[74.187499999766601,-28.501600000330317],[74.366500000197803,-28.670999999915988],[74.509700000363154,-28.783700000357559],[74.667099999906227,-28.865000000376995],[74.788799999640887,-28.971300000084149],[74.874700000007891,-29.071199999929682],[74.989299999604484,-29.289499999844423],[75.125300000072627,-29.451300000085137],[75.447400000211758,-29.693599999894783],[75.347200000009508,-29.817599999632179],[75.225500000274863,-29.91050000000714],[75.440199999616283,-30.065200000027495],[75.612000000350335,-30.250399999850874],[76.084500000351923,-30.669099999825811],[76.077299999756463,-30.804100000091342],[76.363599999629656,-31.036999999794585],[76.578400000326795,-31.23260000005569],[76.735900000327334,-31.44609999973693],[76.449499999996718,-31.67130000013487],[76.764499999997753,-31.877699999898695],[76.914800000301113,-31.968700000364716],[77.158199999770375,-32.253000000377504],[77.451700000239086,-32.626700000171255],[77.723700000277063,-32.88499999963377],[77.53040000001063,-33.040799999878061],[77.594799999946972,-33.256100000179501],[77.609200000239596,-33.339700000361972],[77.68070000031399,-33.405299999853639],[77.516100000175399,-33.572000000332523],[77.301399999935697,-33.708800000352205],[77.408700000276013,-33.768200000076476],[77.609200000239596,-34.03500000020383],[77.831100000176477,-34.147300000001216],[77.988499999719593,-34.318599999765084],[78.210500000113882,-34.589500000221534],[78.403699999922878,-34.683499999834972],[78.718699999923956,-35.035199999699358],[78.690100000253551,-35.239599999701909],[78.468099999859234,-35.391100000142089],[78.332100000289387,-35.559799999741863],[78.539700000391051,-35.716500000294587],[78.747299999594389,-35.936600000178103],[79.133900000127284,-36.305799999995919],[78.897599999897778,-36.524200000122725],[78.668599999822845,-36.667600000003546],[78.124599999746863,-37.079000000174652],[78.468099999859234,-37.420100000189969],[78.231900000087151,-37.60700000011223],[78.045800000416193,-37.754000000029571],[78.460999999721182,-38.092000000052941],[78.203300000416732,-38.249300000000275],[78.539700000391051,-38.590600000311618],[77.995700000315068,-38.91370000033487],[78.317799999555874,-39.229699999655544],[77.781000000075352,-39.626899999681648],[77.916999999645199,-39.758800000207586],[77.652099999745232,-39.93430000033532],[77.322799999908966,-40.16939999993523],[77.451700000239086,-40.267600000301023],[77.816800000341246,-40.322000000154425],[78.117400000049685,-40.58289999997762],[78.375100000252459,-40.864399999867885],[78.518300000417781,-40.864399999867885],[78.654299999987614,-40.831999999723976],[78.983500000264797,-41.042400000238125],[79.348600000367,-41.273600000311198],[79.563400000165799,-41.48260000027512],[79.749499999836758,-41.72299999977411],[79.921299999672513,-41.829499999793292],[80.250499999949668,-41.584199999881349],[80.458100000051331,-41.41840000009659],[80.708700000116067,-41.176899999975817],[81.159600000127853,-41.450500000100185],[81.589100000166411,-41.621600000248108],[82.090199999838404,-41.972999999694729],[82.634199999914429,-42.348899999690254],[83.020800000447295,-42.612299999789201],[83.543300000092614,-42.963499999856289],[83.897600000199901,-42.670399999820354],[84.258499999954736,-42.389900000005824],[84.578100000336249,-42.108100000183192],[84.835900000098107,-41.878700000252344],[85.052399999588388,-41.594599999834564],[85.268899999976952,-41.440500000112323],[85.59890000032027,-41.115800000186731],[85.763899999593633,-40.960499999915946],[86.248500000146834,-41.231899999681367],[86.506299999908705,-41.394200000190871],[86.640300000211482,-41.270600000127054],[87.227999999859264,-41.56379999983919],[87.527099999892769,-41.763700000026226],[87.846700000274282,-41.955199999691089],[88.145699999850379,-42.153900000039108],[88.3520000002937,-41.993500000022699],[88.537499999915028,-41.817399999732622],[88.836599999948575,-41.847999999694864],[89.2799000002301,-42.092799999826958],[89.527399999589278,-42.283400000254161],[89.888300000242424,-42.435500000053715],[90.280100000307073,-42.602299999844817],[90.568800000378772,-42.768700000200205],[90.960600000443421,-42.994900000285341],[91.393699999881363,-43.280200000048787],[91.661800000045972,-43.384999999697186],[91.971100000024748,-43.452299999936137],[92.40420000036103,-43.489599999987796],[92.899100000418599,-43.757700000241073],[93.280600000080554,-43.950600000052432],[93.68280000010698,-44.120799999846021],[94.14679999985475,-44.393400000007325],[94.528300000415001,-44.686799999721671],[94.724199999998163,-44.920400000286463],[94.827299999991098,-44.803699999714169],[95.105699999660089,-44.985899999796011],[95.301600000141562,-44.942200000162643],[95.549100000399065,-45.015000000065264],[96.291499999815812,-45.493100000010905],[95.693400000206211,-45.988599999827663],[96.167700000356675,-46.323500000190698],[95.920299999658297,-46.550400000195907],[96.353300000435453,-46.776400000215162],[96.600799999794631,-46.896099999805891],[96.78639999987341,-47.085599999873388],[97.260700000023874,-47.316200000234922],[97.724699999771616,-47.538999999977108],[98.044300000153143,-47.691599999709524],[98.229900000231908,-47.9127000002713],[98.704200000382372,-48.105499999860641],[99.302299999992016,-48.304400000264025],[99.508499999977886,-48.105499999860641],[99.766299999739758,-47.795399999935839],[99.900300000042506,-47.525099999767498],[100.06530000021418,-47.344099999769149],[100.30250000006896,-47.176600000174581],[100.61180000004778,-47.337199999891077],[100.83859999994074,-47.511200000161708],[101.03450000042221,-47.663899999965075],[101.22009999960267,-47.733100000175895],[101.52950000003891,-47.705399999736258],[101.96249999991772,-47.857500000295651],[102.44720000003007,-48.023000000165965],[102.56060000042567,-47.940300000213156],[102.88019999990888,-48.105499999860641],[103.34419999965665,-48.180999999991897],[103.98349999997879,-48.400099999843803],[104.08659999997174,-48.297500000052963],[105.18990000004162,-48.747300000152698],[105.06620000014158,-48.950399999807374],[105.59199999961064,-49.159399999732692],[106.09729999963005,-49.360900000106284],[106.35499999983283,-49.092099999850852],[106.53030000040721,-48.862500000011245],[106.75719999985927,-48.563800000105942],[106.96339999984517,-48.27009999995785],[107.83979999956463,-48.597800000217099],[108.55129999956992,-48.82860000011366],[108.40690000020366,-49.011200000054821],[108.69569999983449,-49.132500000251042],[108.63379999965575,-49.253499999869611],[108.88129999991325,-49.381000000156654],[109.42770000018773,-49.528099999831063],[109.9638999996186,-49.694800000289796],[110.42790000026467,-49.847600000229178],[110.72689999984081,-49.933799999972457],[110.9950000000054,-49.701499999713306],[111.31469999994601,-49.841000000200005],[111.32500000034874,-50.033100000218504],[111.63430000032753,-50.165099999719651],[112.08799999967258,-50.27040000014491],[112.67570000021868,-50.342699999834878],[112.86130000029746,-50.184800000251293],[113.35620000035502,-50.355799999833906],[113.8202000001028,-50.480399999910553],[114.0779999998647,-50.197999999739991],[114.37700000033909,-49.867500000059806],[114.9441000000798,-49.940400000185797],[115.51130000027794,-50.105699999751131],[115.65560000008507,-49.933799999972457],[115.86180000007094,-49.999999999900915],[116.20209999991869,-49.681500000143622],[116.48049999958765,-49.220000000236141],[116.96510000014085,-49.354199999753924],[117.3879000000744,-49.581500000195767],[117.36719999970988,-49.674800000001184],[117.934399999908,-49.82109999991723],[118.42929999996556,-49.933799999972457],[118.58390000017542,-49.913899999764382],[118.69740000013017,-49.827700000127798],[119.43980000044522,-49.960299999733103],[120.08940000027178,-50.151899999912231],[120.34709999957623,-49.728100000195496],[120.54300000005769,-49.253499999869611],[120.78019999991251,-48.815100000176891],[121.29580000033458,-48.936899999721781],[121.67729999999654,-49.058400000074535],[121.47099999955323,-49.394400000040484],[121.32669999974608,-49.701499999713306],[121.96600000006825,-49.801199999946611],[122.56400000011875,-49.940400000185797],[122.88370000005941,-49.48800000005285],[123.60540000000987,-49.648199999750567],[123.80129999959306,-49.260300000246303],[124.00760000003638,-48.82860000011366],[124.55400000031084,-48.936899999721781],[125.19329999973468,-49.186300000171059],[125.18300000023028,-49.641499999767021],[125.50270000017093,-49.754700000226066],[125.89450000023552,-49.82109999991723],[126.0903999998187,-49.401099999734008],[126.20380000021434,-49.024699999935763],[126.32750000011438,-48.645399999857467],[126.86370000044359,-48.747300000152698],[127.5029999998674,-48.848899999747886],[127.39989999987445,-49.213199999718988],[127.27619999997441,-49.568199999920942],[127.14210000011255,-49.913899999764382],[127.04929999962404,-50.138699999878412],[127.90510000033471,-50.283599999754273],[128.79190000001608,-50.434499999781892],[128.63720000024711,-50.197999999739991],[129.40019999957099,-50.27040000014491],[129.90549999959035,-50.336100000216682],[130.62729999999831,-50.46070000006484],[131.09129999974613,-50.578499999765462],[131.41090000012761,-50.611199999772339],[131.57590000029924,-50.552399999866758],[131.74080000001348,-50.447600000194669],[131.35930000035162,-50.158499999869861],[131.67900000029223,-50.158499999869861],[132.08109999986124,-50.211199999874019],[132.75129999959492,-50.26380000026726],[133.26690000001699,-50.290100000038308],[134.28770000000105,-50.362400000156761],[135.66939999973994,-50.519699999890101],[135.31880000038785,-50.184800000251293],[136.4735999997763,-50.204599999896288],[137.13350000000554,-50.224300000040031],[137.70059999974626,-50.224300000040031],[138.26770000038525,-50.24410000008789],[138.63889999964448,-50.276999999896262],[138.98949999989489,-50.250699999959032],[139.4226000002312,-50.27040000014491],[139.70099999990023,-50.290100000038308],[139.7215999998073,-51.07890000024409],[139.71130000030288,-51.784499999869816],[139.870599999554,-51.807000000210301],[140.15289999999467,-51.807000000210301],[140.29409999999459,-51.828799999968339],[140.47059999976992,-51.807000000210301],[140.5059000004436,-52.349299999731443],[140.5059000004436,-52.757000000071521],[140.5059000004436,-53.203299999879668],[140.5059000004436,-53.519200000131825],[140.57649999999441,-54.019799999744762],[140.75290000021059,-54.019799999744762],[141.07059999998583,-53.999099999916595],[141.3529000004265,-54.019799999744762],[141.63530000042633,-54.061299999762348],[141.84709999997708,-54.082000000188401],[142.09409999974406,-54.082000000188401],[142.30590000019308,-54.12339999995659],[142.51760000018464,-54.206000000084344],[142.72939999973531,-54.22670000015782],[142.90590000040899,-54.247300000018797],[143.08240000018429,-54.247300000018797],[143.25880000040047,-54.247300000018797],[143.47059999995113,-54.247300000018797],[143.61179999995105,-54.22670000015782],[143.78820000016728,-54.206000000084344],[144.03530000039171,-54.206000000084344],[144.0706000001671,-54.350299999871957],[144.0706000001671,-54.453000000192588],[144.0706000001671,-54.596400000128774],[144.10589999994247,-54.759600000143074]]},"properties":{"geogdesc":"SOUTHEAST INDIAN OCEAN RIDGE [FROM SMITH & SANDW","type":"DIVERGENT","OBJECTID":62}},{"type":"Feature","id":63,"geometry":{"type":"LineString","coordinates":[[144.10589999994247,-54.759600000143074],[144.27170000018032,-54.803399999995634],[144.43160000037938,-54.803000000206005],[144.56759999994921,-54.802700000225094],[144.69940000007,-54.795500000110344],[144.85129999960733,-54.785900000253783],[145.17909999976874,-54.789700000239648],[145.42279999971197,-54.770699999852496],[145.72659999968502,-54.76769999989844],[145.91450000040319,-54.769599999974453],[146.07040000027141,-54.764600000033916],[146.22220000024964,-54.755000000195011],[146.34610000016627,-54.74780000024402],[146.45000000022537,-54.749800000135572],[146.46200000031951,-54.749800000135572],[146.51460000017821,-54.83269999983002],[146.56000000033978,-55.036899999870734],[146.60499999956997,-55.178600000046423],[146.6177000001712,-55.269799999805244],[146.62640000044155,-55.38119999990171],[146.63099999992369,-55.46289999975474],[146.63959999973662,-55.548899999758234],[146.65230000033785,-55.639199999928238],[146.6568000002608,-55.706799999891516],[146.67740000016795,-55.796799999865051],[146.73060000007632,-55.96259999984899],[146.75970000023725,-56.109899999988734],[146.77250000039754,-56.221199999887411],[146.78529999965951,-56.329899999821855],[146.81020000037145,-56.451500000192873],[146.83900000005841,-56.566200000161757],[146.86349999983889,-56.643099999900898],[146.90440000007749,-56.755000000177304],[146.93689999962126,-56.831500000189386],[146.95730000041013,-56.881800000047804],[146.98599999963969,-56.977700000128578],[147.01039999986108,-57.034199999941229],[147.03090000020907,-57.103700000094406],[147.06800000013334,-57.253099999758682],[147.09249999991383,-57.317900000239497],[147.12089999956774,-57.37390000005923],[147.13320000013584,-57.42129999995803],[147.16179999980625,-57.492200000162143],[147.18219999969685,-57.548000000058202],[147.21060000024906,-57.603599999950653],[147.22289999991884,-57.639999999775554],[147.23899999990292,-57.65710000018629],[147.33479999974128,-57.63969999987961],[147.44669999956372,-57.637400000222918],[147.5786000001419,-57.630700000129814],[147.69829999971108,-57.609000000064874],[147.85000000013025,-57.582900000102079],[147.96180000039359,-57.565500000014552],[148.04970000002771,-57.552499999838062],[148.18549999958105,-57.541500000176619],[148.29339999997094,-57.532599999986601],[148.43720000018587,-57.515200000016371],[148.51699999959925,-57.502099999815727],[148.57290000018011,-57.491200000034908],[148.62939999991218,-57.566200000034698],[148.67820000035491,-57.670999999844952],[148.71490000024613,-57.762800000238819],[148.73940000002665,-57.830899999983373],[148.76389999980714,-57.900999999916387],[148.78850000004508,-57.979399999845221],[148.81299999982556,-58.042900000036759],[148.84550000026772,-58.116800000069965],[148.8740999999381,-58.19479999991956],[148.91480000016008,-58.283100000210354],[148.95940000025556,-58.360700000092109],[149.00400000035091,-58.438099999951881],[149.05669999976877,-58.542399999889746],[149.12160000019563,-58.656899999933074],[149.16620000029098,-58.733600000044291],[149.19869999983482,-58.808200000091688],[149.22310000005623,-58.859800000112209],[149.25169999972667,-58.934100000131473],[149.30449999960189,-59.032899999942096],[149.34499999980738,-59.09860000022411],[149.38149999968201,-59.168200000001036],[149.43829999988816,-59.27649999987517],[149.50320000031496,-59.390600000080255],[149.54380000007956,-59.465700000143158],[149.5680999998435,-59.51229999988962],[149.59259999962399,-59.569000000160194],[149.6169999998454,-59.627599999834565],[149.64129999960932,-59.663899999878026],[149.81290000032681,-59.629199999988799],[150.00459999956269,-59.602599999812611],[150.15640000043925,-59.592100000043423],[150.25619999971008,-59.571700000176982],[150.40790000012925,-59.549099999824271],[150.46860000020877,-59.637999999824899],[150.5332000001616,-59.71249999990691],[150.58190000014693,-59.811099999873484],[150.61450000014815,-59.881299999973429],[150.66719999956604,-59.967299999923739],[150.70769999977151,-60.03519999988584],[150.77659999963089,-60.144699999867115],[150.81299999994641,-60.200300000210845],[150.9101999999005,-60.350800000097678],[150.93840000043619,-60.382300000058081],[150.95860000031021,-60.408000000155887],[150.99490000016831,-60.447300000155479],[151.21450000036415,-60.409400000023005],[151.4859000003525,-60.361500000198482],[151.80520000026004,-60.299499999934859],[152.10060000043669,-60.243400000082516],[152.41990000034423,-60.185100000047058],[152.73519999992098,-60.120800000206415],[153.086400000221,-60.052300000217613],[153.27000000013442,-60.011999999905299],[153.45749999992114,-59.971600000200453],[153.48989999990587,-60.021500000148372],[153.55039999996882,-60.093199999876269],[153.61090000003176,-60.156799999783054],[153.6514000002372,-60.214400000006783],[153.71620000020661,-60.311400000003459],[153.77289999995531,-60.406199999839743],[153.82569999983053,-60.506600000074748],[153.88239999957918,-60.595000000060296],[153.93100000000541,-60.671299999931442],[153.99170000008496,-60.757299999925138],[154.06440000025859,-60.850699999892321],[154.10909999991307,-60.930300000108282],[154.20179999994423,-61.027099999832835],[154.27040000022791,-61.098599999998093],[154.34310000040153,-61.189099999938897],[154.43189999966094,-61.290899999947989],[154.5328999999293,-61.407600000202663],[154.62159999962961,-61.493399999833876],[154.7062000003383,-61.577100000083121],[154.77869999959711,-61.643399999889382],[154.88370000019631,-61.76070000011228],[154.98430000043166,-61.838000000145136],[155.09700000032029,-61.922600000020857],[155.1975000000981,-61.995699999889929],[155.29040000014581,-62.102300000108407],[155.37519999997272,-62.197399999862036],[155.46389999967295,-62.284700000030945],[155.54850000038164,-62.355100000197503],[155.72959999963911,-62.487999999840014],[155.89450000025167,-62.601999999978084],[155.97520000018864,-62.686299999830837],[156.05180000023566,-62.766799999985402],[156.0760000004405,-62.792299999815548],[156.10600000022669,-62.852299999975415],[156.35290000043457,-62.802299999967019]]},"properties":{"geogdesc":"SPREADING RIDGE BETWEEN AUSTRALIA/ANTARCTICA","type":"DIVERGENT","OBJECTID":63}},{"type":"Feature","id":64,"geometry":{"type":"LineString","coordinates":[[156.35290000043457,-62.802299999967019],[156.59999999976066,-62.721499999962006],[156.95289999975213,-62.656800000074334],[157.34119999997648,-62.510499999802981],[157.80000000019254,-62.330800000025469],[158.25880000040854,-62.248699999827302],[158.50589999973462,-62.166399999831953],[158.89410000039987,-62.067400000136033],[159.31759999994213,-61.951399999828354],[159.74119999994187,-61.851699999927533],[160.12939999970877,-61.718200000047617],[160.51760000037393,-61.600899999830212],[160.72939999992468,-61.516900000206199],[160.94120000037367,-61.449499999796245],[161.25879999969149,-61.600899999830212],[161.47060000014051,-61.768300000065288],[161.68239999969117,-61.918200000126681],[161.92940000035651,-62.050799999995817],[162.21180000035633,-61.934799999830396],[162.42350000034793,-61.835000000011775],[162.67059999967398,-61.768300000065288],[162.7750000002236,-61.748000000050027]]},"properties":{"geogdesc":"SOUTHEAST INDIAN OCEAN RIDGE [FROM SMITH & SANDW","type":"DIVERGENT","OBJECTID":64}},{"type":"Feature","id":65,"geometry":{"type":"LineString","coordinates":[[-0.47000000024400257,-54.859999999824481],[-0.039999999714939442,-54.679999999974207],[0.45000000038651616,-54.45000000017243],[0.97530000026338437,-54.797000000022003]]},"properties":{"geogdesc":"WESTERN END OF SW INDIAN RIDGE (AFRICAN PLATE)","type":"DIVERGENT","OBJECTID":65}},{"type":"Feature","id":66,"geometry":{"type":"LineString","coordinates":[[-19.579999999709887,-60.809999999939784],[-19.370000000308035,-60.289999999807655],[-18.650000000048941,-60.249999999877325],[-18.549999999863243,-59.939999999859076],[-18.429999999820062,-59.540000000223003],[-18.120000000232508,-59.509999999972301],[-18.059999999761754,-59.149999999796883],[-17.669999999845995,-59.129999999897315],[-16.919999999800687,-59.099999999773452],[-16.409999999841713,-59.099999999773452],[-16.220000000297379,-58.770000000095401],[-16.000000000068468,-58.460000000173657],[-15.970000000282253,-58.439999999932752],[-15.07000000040755,-58.389999999815764],[-13.950000000303939,-58.32000000021214],[-12.649999999686386,-58.240000000009964],[-11.190000000209043,-58.160000000045159],[-9.8899999995914918,-58.090000000148542],[-8.6099999997297232,-57.990000000136767],[-7.5300000002394123,-57.920000000083974],[-7.0100000003517104,-57.869999999985026],[-7.0100000003517104,-57.619999999864156],[-7.0000000004229834,-57.320000000135771],[-6.5400000001077077,-57.270000000152919],[-6.1300000003344621,-57.24000000009687],[-6.0999999996499517,-56.980000000113904],[-6.0599999999349787,-56.670000000140412],[-5.4499999997903403,-56.62999999990447],[-4.6999999997450006,-56.589999999754887],[-4.6799999998875146,-56.209999999892915],[-4.6899999998162745,-55.810000000010398],[-4.0499999998853902,-55.769999999775266],[-3.7200000004403866,-55.739999999914602],[-2.8999999999955639,-55.710000000168002],[-2.0800000004490715,-55.659999999929568],[-1.6100000002050689,-55.649999999918165],[-1.6100000002050689,-55.12999999991942],[-1.0399999997753704,-55.020000000189448],[-0.43999999955945912,-54.86999999983]]},"properties":{"geogdesc":"EASTERN END OF AMERICAN-ANTARCTIC RIDGE (ANTARCT","type":"DIVERGENT","OBJECTID":66}},{"type":"Feature","id":67,"geometry":{"type":"LineString","coordinates":[[162.7750000002236,-61.748000000050027],[163.04999999961146,-61.884899999818813],[163.30999999955526,-62.011899999937526],[163.58000000032615,-62.154699999914264],[163.77999999979929,-62.271300000194081],[163.96499999982836,-62.375800000017854],[164.23499999970099,-62.289899999890999],[164.47000000027214,-62.208399999844005],[164.6550000003013,-62.147700000096705],[164.91999999976036,-62.063500000022877],[165.05500000014581,-62.037700000099434],[165.3050000001609,-62.157099999910294],[165.53999999983378,-62.294499999847382],[165.71499999993415,-62.452199999997433],[165.89500000044808,-62.56300000002517],[165.98000000029154,-62.622800000005164],[166.3199999996653,-62.530699999975063],[166.56999999968039,-62.452199999997433],[166.90500000043727,-62.361899999960734],[167.15999999996757,-62.489200000154852],[167.42500000032493,-62.652699999874464],[167.63000000021157,-62.781000000058903],[167.87499999981318,-62.906500000066721],[168.10499999997074,-62.824400000135192],[168.3600000003994,-62.742100000093913],[168.5550000003573,-62.673399999926623],[168.82999999974507,-62.85180000011453],[169.1249999998887,-63.038299999803257],[169.47999999960467,-63.248399999806388],[169.83999999973423,-63.418900000101445],[170.0300000001769,-63.512699999911057],[170.32999999983574,-63.389800000065463],[170.65000000025032,-63.273100000131805],[170.90000000026541,-63.192099999940936],[171.14499999986703,-63.113000000076838],[171.38499999995338,-63.275399999907698],[171.54499999971154,-63.367399999932829],[171.68499999961216,-63.452499999850062],[171.97999999975579,-63.333800000068742],[172.21500000032694,-63.490399999832448],[172.45500000041326,-63.621800000098879],[172.60500000024271,-63.695000000102162],[172.6600000002999,-63.734899999951999],[172.97999999981616,-63.619600000102928],[173.24500000017355,-63.557299999962396],[173.48999999977511,-63.499399999850347],[173.65499999994677,-63.456899999967227],[173.92499999981939,-63.615100000035419],[174.20499999962072,-63.759199999857074],[174.43499999977837,-63.887099999894993],[174.72999999992194,-64.047299999892317],[174.9700000000083,-64.187000000114807],[175.21000000009465,-64.325999999936954],[175.38500000019508,-64.25440000009128],[175.71499999964007,-64.156500000180941],[176.04499999998342,-64.334699999843053],[176.23999999994132,-64.442700000163711],[176.45499999975669,-64.565400000065324],[176.61500000041309,-64.520299999921804],[176.78500000009998,-64.46209999999931],[177.00500000032889,-64.561100000182265],[177.22499999965947,-64.655499999858677],[177.32499999984512,-64.694000000139695],[177.46499999974583,-64.642599999985009],[177.65500000018849,-64.57400000018049],[177.92999999957627,-64.734499999926541],[178.08000000030404,-64.813400000089644],[178.26500000033315,-64.906799999861576],[178.42500000009127,-64.821900000028492],[178.61499999963564,-64.764400000147944],[178.77500000029212,-64.694000000139695],[179.09499999980835,-64.855899999822554],[179.37499999960968,-64.985200000085172],[179.58000000039465,-65.09489999981426],[179.76000000001025,-65.164299999882672],[179.9350000001107,-65.09489999981426]]},"properties":{"geogdesc":"PACIFIC-ANTARCTIC SPREADING RIDGE (FROM GEOSAT),","type":"DIVERGENT","OBJECTID":67}},{"type":"Feature","id":68,"geometry":{"type":"LineString","coordinates":[[-179.76999999993902,-64.970400000145702],[-179.4299999996669,-65.143299999853582],[-179.13000000000815,-65.273300000069625],[-178.85000000020679,-65.375599999995558],[-178.62499999956441,-65.475400000129127],[-178.47000000021976,-65.547900000152524],[-178.35499999969181,-65.600000000009587],[-178.27500000026191,-65.543800000166698],[-178.06000000044651,-65.452499999827808],[-177.87999999993264,-65.386000000061642],[-177.66500000011723,-65.29209999995831],[-177.49500000043034,-65.408899999868552],[-177.27999999971667,-65.508600000057967],[-177.06000000038611,-65.618199999950562],[-176.86500000042821,-65.54580000014144],[-176.60000000007085,-65.458800000036163],[-176.37999999984197,-65.381799999856128],[-176.2650000002123,-65.348500000128084],[-176.05000000039698,-65.250299999827647],[-175.80499999989703,-65.371399999849331],[-175.57499999973945,-65.489899999826605],[-175.27500000008061,-65.611999999912626],[-174.91000000043587,-65.454599999896544],[-174.59500000043479,-65.321299999850297],[-174.30000000029119,-65.222999999995338],[-174.06000000020484,-65.151699999951703],[-173.8499999999047,-65.069599999819133],[-173.58999999996087,-64.9322999999644],[-173.42000000027397,-65.012600000067451],[-173.22500000031607,-65.1012000001746],[-172.97999999981619,-64.949199999823719],[-172.82000000005803,-64.879299999883756],[-172.57000000004294,-64.789999999914016],[-172.42499999972875,-64.721700000105713],[-172.26499999997063,-64.640499999814097],[-172.39499999994254,-64.59760000015531],[-172.17000000019843,-64.500900000144],[-171.94499999955602,-64.403900000182801],[-171.74999999959812,-64.325999999936954],[-171.67000000016819,-64.243599999891842],[-171.54499999971151,-64.152200000004299],[-171.25499999998146,-64.269599999902155],[-171.00499999996634,-64.3497999998106],[-170.70500000030756,-64.449199999934635],[-170.48500000007863,-64.543899999913805],[-170.24499999999227,-64.646900000122855],[-170.02000000024819,-64.522399999947126],[-169.65000000018989,-64.371500000044293],[-169.33500000018881,-64.23049999996239],[-168.94500000027304,-64.031999999976321],[-168.56500000028601,-63.858500000077953],[-168.29500000041344,-63.734899999951999],[-168.06500000025579,-63.621800000098879],[-167.91000000001287,-63.55290000017893],[-167.78999999996969,-63.486000000196512],[-167.59500000001182,-63.55290000017893],[-167.49000000031091,-63.595100000004223],[-167.33500000006799,-63.661800000018857]]},"properties":{"geogdesc":"PACIFIC-ANTARCTIC SPREADING RIDGE (FROM GEOSAT),","type":"DIVERGENT","OBJECTID":68}},{"type":"Feature","id":69,"geometry":{"type":"LineString","coordinates":[[-167.29500000035301,-63.646199999805475],[-166.890000000095,-63.615100000035419],[-166.419999999851,-63.615100000035419],[-165.9299999997495,-63.612899999928558],[-165.47000000033259,-63.581800000178092],[-164.98000000023112,-63.577299999975672],[-164.54999999970207,-63.56620000002529],[-164.2799999998295,-63.55290000017893],[-163.92500000011344,-63.512699999911057]]},"properties":{"geogdesc":"PACIFIC-ANTARCTIC SPREADING RIDGE (FROM GEOSAT),","type":"DIVERGENT","OBJECTID":69}},{"type":"Feature","id":70,"geometry":{"type":"LineString","coordinates":[[-167.29500000035301,-63.646199999805475],[-167.22499999995352,-63.452499999850062],[-167.16999999989631,-63.221399999896263],[-167.13499999969656,-62.977100000008356],[-167.0699999997106,-62.735300000098448],[-167.02499999958215,-62.542200000141065],[-166.9900000002807,-62.389699999972258],[-166.9650000000097,-62.278200000157447],[-166.92999999980992,-62.119699999821954]]},"properties":{"geogdesc":"PACIFIC-ANTARCTIC SPREADING RIDGE (FROM GEOSAT),","type":"DIVERGENT","OBJECTID":70}},{"type":"Feature","id":71,"geometry":{"type":"LineString","coordinates":[[-163.62999999996984,-63.113000000076838],[-163.28999999969778,-62.924800000091345],[-162.94000000039529,-62.728400000035009],[-162.65500000018042,-62.556100000160782],[-162.36999999996559,-62.408199999918978],[-162.11500000043526,-62.257300000167582],[-161.94000000033486,-62.159400000092589],[-161.70499999976371,-61.995500000174886],[-161.46000000016213,-62.084600000201725],[-160.94000000027444,-62.229400000016277],[-160.40500000004448,-62.403600000107296],[-159.92000000035654,-62.558400000191604],[-159.49999999975626,-62.682499999868256],[-159.21000000002618,-62.760400000185534],[-158.89500000002511,-62.854100000008742],[-158.63500000008125,-62.936099999975475],[-158.34500000035121,-63.006600000176626],[-158.05000000020763,-63.079099999827761],[-157.76499999999277,-63.133399999955216],[-157.55000000017742,-63.174000000192009],[-157.39000000041926,-63.221399999896263],[-157.17000000019038,-63.056499999930303],[-156.9249999996905,-62.879200000035318],[-156.74500000007484,-62.755900000180588],[-156.49999999957498,-62.567600000036563],[-156.14499999985895,-62.327000000173619],[-155.83500000027141,-62.1359999999164],[-155.66000000017101,-61.99779999988602],[-155.38499999988491,-62.075199999992549],[-155.13499999986979,-62.142999999946753],[-154.97500000011166,-62.182699999863097],[-154.81999999986868,-62.044800000158318],[-154.51499999979637,-61.828299999884649],[-154.18999999986656,-61.572300000104576],[-153.87499999986554,-61.302200000094246],[-153.48499999994974,-61.063600000208801],[-153.08500000010525,-60.747599999897652],[-152.63000000020349,-60.44069999980632],[-152.38499999970361,-60.265100000113208],[-152.20999999960321,-60.098500000038015],[-151.94999999965938,-59.88339999999809],[-151.7149999999865,-59.68719999977484],[-151.54500000029964,-59.55569999997013],[-151.4399999997004,-59.439000000118654]]},"properties":{"geogdesc":"PACIFIC-ANTARCTIC SPREADING RIDGE (FROM GEOSAT),","type":"DIVERGENT","OBJECTID":71}},{"type":"Feature","id":72,"geometry":{"type":"LineString","coordinates":[[-54.558400000038304,-61.518900000011797],[-54.636400000201121,-61.557799999838394],[-54.757600000343544,-61.601499999866405],[-54.912599999688155,-61.655200000093366],[-55.070099999688694,-61.703499999972621],[-55.157499999730625,-61.737900000109427],[-55.202099999826018,-61.759999999850002],[-55.23119999998697,-61.772199999843714],[-55.315399999764239,-61.731000000189042],[-55.448300000425171,-61.672899999889367],[-55.549400000252696,-61.707500000058587],[-55.688400000070644,-61.759799999825781],[-55.825500000180625,-61.805600000111447],[-55.953299999970589,-61.853300000096397],[-56.074799999688672,-61.89120000013407],[-56.205100000134557,-61.935500000093441],[-56.299400000298,-61.968700000029145],[-56.371300000405476,-61.993099999906065],[-56.450000000177035,-62.017499999847587],[-56.528099999898956,-62.007600000045301],[-56.634299999699124,-61.982999999834298],[-56.682999999684455,-61.967399999854976],[-56.729500000386153,-61.949700000205254],[-56.755000000249353,-61.941399999885576],[-56.860500000440794,-61.980099999919084],[-56.948000000041837,-62.011000000200774],[-57.048899999852807,-62.048500000012623],[-57.147600000380166,-62.084799999844819],[-57.266499999883209,-62.129799999826773],[-57.331499999869159,-62.155099999913354],[-57.40310000040099,-62.183500000131595],[-57.479399999974049,-62.211999999797683],[-57.569000000197931,-62.247000000119733],[-57.667800000284394,-62.281000000168575],[-57.701400000368345,-62.294099999819466],[-57.755099999868889,-62.316900000015444],[-57.839899999695803,-62.310399999950711],[-57.901999999891068,-62.301499999953251],[-57.913500000393022,-62.298399999880843],[-58.014499999763125,-62.335499999937895],[-58.130900000406875,-62.381299999953576],[-58.253899999799856,-62.435399999914772],[-58.361499999715811,-62.475600000046093],[-58.529100000102517,-62.549999999977352],[-58.625600000447911,-62.58359999999179],[-58.742099999752469,-62.629000000153923],[-58.845100000186292,-62.668899999984554],[-58.941500000074249,-62.705500000128353],[-59.017500000071671,-62.73770000006288],[-59.055299999604664,-62.758900000112838],[-59.108799999986985,-62.785599999869795],[-59.19139999963194,-62.77599999989949],[-59.312999999807438,-62.765799999839494],[-59.386599999606361,-62.753999999838307],[-59.487799999891308,-62.73829999981686],[-59.568099999795187,-62.729799999844545],[-59.628100000265945,-62.717799999828983],[-59.747100000226425,-62.758799999917812],[-59.842999999623864,-62.803599999804],[-59.966500000405688,-62.84659999982123],[-60.022600000104738,-62.865899999848914],[-60.147799999679656,-62.919200000004523],[-60.28240000003202,-62.966299999983335],[-60.416899999926962,-63.016399999947801],[-60.501600000194742,-63.057700000004338],[-60.59769999960875,-63.099000000181704],[-60.653499999732134,-63.125299999861411],[-60.709200000296406,-63.152700000039573],[-60.747300000303383,-63.167499999890872],[-60.903899999780315,-63.139199999897059],[-60.95940000032806,-63.125400000180854],[-61.016999999701994,-63.114600000162881],[-61.117500000378207,-63.158999999831636],[-61.228800000151018,-63.216699999890146],[-61.362799999555435,-63.27669999983106],[-61.438799999552849,-63.309199999906717],[-61.469899999879203,-63.324900000193111],[-61.514699999991144,-63.341799999825831],[-61.479600000232296,-63.359899999939458],[-61.41440000022979,-63.384799999823159],[-61.469499999846121,-63.423099999993759],[-61.621699999857462,-63.484900000119822],[-61.697499999838328,-63.520299999949195],[-61.750899999763234,-63.548300000151862],[-61.815699999732644,-63.576400000119257],[-61.837899999772077,-63.587799999940934],[-61.878300000418449,-63.602400000038763],[-61.942999999930429,-63.630400000041746],[-61.996999999904943,-63.646199999805475]]},"properties":{"geogdesc":"SPREADING RIDGE, BRANSFIELD BASIN","type":"DIVERGENT","OBJECTID":72}},{"type":"Feature","id":73,"geometry":{"type":"LineString","coordinates":[[-109.05759999967201,-34.117000000299491],[-110.57180000003876,-34.60419999995522]]},"properties":{"geogdesc":"JUAN FERNANDEZ-ANTARCTIC SPREADING CENTER","type":"DIVERGENT","OBJECTID":73}},{"type":"Feature","id":74,"geometry":{"type":"LineString","coordinates":[[-179.36040000019884,-15.522699999680587],[-179.31290000031274,-15.382600000167614],[-179.28369999969439,-15.289499999728442],[-179.21359999973578,-15.151500000104184]]},"properties":{"geogdesc":"SPREADING RIDGE, LAU BASIN","type":"DIVERGENT","OBJECTID":74}},{"type":"Feature","id":75,"geometry":{"type":"LineString","coordinates":[[-179.21359999973578,-15.151500000104184],[-179.0226000001087,-15.133000000059482]]},"properties":{"geogdesc":"FRACTURE ZONE, LAU BASIN","type":"DIVERGENT","OBJECTID":75}},{"type":"Feature","id":76,"geometry":{"type":"LineString","coordinates":[[-178.76540000039645,-15.09719999983372],[-178.46089999991634,-15.047700000151821]]},"properties":{"geogdesc":"FRACTURE ZONE, LAU BASIN","type":"DIVERGENT","OBJECTID":76}},{"type":"Feature","id":77,"geometry":{"type":"LineString","coordinates":[[-178.26369999977646,-15.01590000003331],[-177.92449999957054,-14.92380000019563]]},"properties":{"geogdesc":"FRACTURE ZONE, LAU BASIN","type":"DIVERGENT","OBJECTID":77}},{"type":"Feature","id":78,"geometry":{"type":"LineString","coordinates":[[-177.62890000027565,-14.84660000028977],[-177.33470000019827,-14.762099999996622]]},"properties":{"geogdesc":"FRACTURE ZONE, LAU BASIN","type":"DIVERGENT","OBJECTID":78}},{"type":"Feature","id":79,"geometry":{"type":"LineString","coordinates":[[-177.08539999979189,-14.682699999645017],[-176.87759999967369,-14.572200000342717]]},"properties":{"geogdesc":"FRACTURE ZONE, LAU BASIN","type":"DIVERGENT","OBJECTID":79}},{"type":"Feature","id":80,"geometry":{"type":"LineString","coordinates":[[-176.67849999982587,-14.470099999872261],[-176.47439999956453,-14.371699999767554]]},"properties":{"geogdesc":"FRACTURE ZONE, LAU BASIN","type":"DIVERGENT","OBJECTID":80}},{"type":"Feature","id":81,"geometry":{"type":"LineString","coordinates":[[-176.25139999998581,-14.28509999957727],[-175.97470000000828,-14.201699999991336]]},"properties":{"geogdesc":"FRACTURE ZONE, LAU BASIN","type":"DIVERGENT","OBJECTID":81}},{"type":"Feature","id":82,"geometry":{"type":"LineString","coordinates":[[-179.36040000019884,-15.522699999680587],[-179.20399999984011,-15.543099999586419],[-179.04509999972382,-15.567099999967082],[-178.96599999991918,-15.597799999875601],[-178.75519999955284,-15.693599999906086],[-178.54800000038259,-15.809799999691721],[-178.36579999968674,-15.92260000001915],[-178.17509999963531,-16.011200000205282],[-178.03939999964112,-16.086899999786482],[-177.91139999983463,-16.155599999815013],[-177.86459999955727,-16.217600000228728],[-177.72960000007012,-16.074899999803929],[-177.57740000005873,-16.18770000005842],[-177.27709999992601,-16.372499999652977],[-177.07319999968118,-16.535099999876458],[-176.87939999982254,-16.690400000060084],[-176.68800000016242,-16.853999999822065],[-176.49679999962049,-16.991199999713327],[-176.34719999982417,-17.096399999727154],[-176.23890000029948,-17.180300000220377],[-176.06679999998977,-17.279199999589618],[-176.14959999965126,-17.389699999758719],[-176.25480000026704,-17.513299999679781],[-176.1556000001475,-17.564900000322876],[-176.0537000002538,-17.634400000030041],[-175.92310000023224,-17.709599999747834],[-175.84510000006944,-17.773299999929719]]},"properties":{"geogdesc":"SPREADING RIDGE, LAU BASIN","type":"DIVERGENT","OBJECTID":82}},{"type":"Feature","id":83,"geometry":{"type":"LineString","coordinates":[[-176.10369999989749,-18.064299999701703],[-175.8243000001458,-18.288899999863105],[-175.99030000040017,-18.457500000283638],[-176.15820000036254,-18.692199999878252]]},"properties":{"geogdesc":"SPREADING RIDGE, LAU BASIN","type":"DIVERGENT","OBJECTID":83}},{"type":"Feature","id":84,"geometry":{"type":"LineString","coordinates":[[-177.57740000005873,-16.18770000005842],[-177.35779999986298,-15.995000000141111],[-177.25240000012894,-15.903999999885047],[-177.06510000035874,-15.736599999798408],[-176.96519999973219,-15.865699999876162],[-176.83240000042696,-15.768399999826363],[-176.70929999967822,-15.694100000383518],[-176.57880000011414,-15.610000000324654],[-176.44579999989409,-15.514999999784793],[-176.36509999995712,-15.454099999819825],[-176.21439999962067,-15.392699999774967],[-176.10209999976513,-15.520700000163666],[-175.81120000040983,-15.775899999803398],[-175.55980000027893,-15.935000000115137],[-175.47289999982917,-16.018399999888761],[-175.40230000027839,-15.936100000380838],[-175.33169999982931,-15.862199999584419],[-175.2797999995793,-15.792100000137355],[-175.19929999965885,-15.714499999794215],[-175.13979999967862,-15.656200000234298]]},"properties":{"geogdesc":"SPREADING RIDGE, LAU BASIN","type":"DIVERGENT","OBJECTID":84}},{"type":"Feature","id":85,"geometry":{"type":"LineString","coordinates":[[166.02489999996257,-10.515000000138858],[166.35499999986504,-10.535599999898388],[166.59740000014989,-10.521299999697016],[166.7938999997827,-10.549199999924644],[166.81179999991565,-10.751800000216695],[167.04050000041491,-10.751100000057152]]},"properties":{"geogdesc":"SPREADING RIDGE, NORTHWEST FIJI BASIN","type":"DIVERGENT","OBJECTID":85}},{"type":"Feature","id":86,"geometry":{"type":"LineString","coordinates":[[167.24450000021884,-10.781400000126094],[167.44959999966454,-10.791999999780769],[167.56340000009328,-10.805799999801886],[167.69360000008177,-10.831700000036442],[167.80249999965605,-10.844299999751692]]},"properties":{"geogdesc":"SPREADING RIDGE, NORTHWEST FIJI BASIN","type":"DIVERGENT","OBJECTID":86}},{"type":"Feature","id":87,"geometry":{"type":"LineString","coordinates":[[168.15910000040273,-13.537400000066622],[168.35920000033323,-13.554000000266745],[168.59440000002257,-13.580000000384754],[168.59660000020455,-13.691799999822964],[168.82050000030685,-13.711800000164414],[169.03439999958209,-13.734399999923697],[169.17320000028184,-13.74659999958873],[169.31690000003934,-13.741799999672724],[169.30590000002792,-13.620399999872062],[169.44449999981276,-13.608400000406592],[169.55460000038462,-13.614799999796995],[169.55120000010342,-13.809099999623571],[169.74729999970313,-13.790499999889748],[169.74860000025981,-13.938599999885293],[169.9047999997037,-13.938499999693338],[170.05229999977547,-13.937300000114446],[170.06080000002933,-14.056099999983399],[170.30930000036952,-14.034699999617903],[170.48039999969822,-14.018800000356546],[170.61900000038136,-14.001900000060546],[170.72400000008233,-14.003500000304053],[170.73030000015419,-14.154899999671191],[170.86279999988375,-14.151499999883324],[171.02020000032519,-14.147799999776076],[171.1488000001813,-14.129800000365087],[171.27729999957998,-14.098399999771049],[171.28699999993302,-13.927400000409742],[171.46560000033119,-13.905299999618286],[171.61409999958741,-13.876200000069719],[171.63039999958806,-13.746199999716787],[171.83939999980549,-13.773600000314742],[171.97199999999245,-13.782300000337907],[172.08950000027798,-13.793500000156284],[172.12230000029584,-13.682699999643603],[172.13259999980022,-13.562399999580798],[172.29869999961366,-13.556200000076062],[172.48369999964285,-13.554699999835037],[172.65479999986985,-13.542399999771021],[172.89620000007201,-13.561100000077218],[172.91530000030417,-13.751599999675978],[173.06029999972006,-13.75529999964963],[173.18430000009408,-13.777300000400514]]},"properties":{"geogdesc":"SPREADING RIDGE, NORTHWEST FIJI BASIN","type":"DIVERGENT","OBJECTID":87}},{"type":"Feature","id":88,"geometry":{"type":"LineString","coordinates":[[173.18430000009408,-13.777300000400514],[173.35340000015569,-13.822099999801649],[173.47719999961481,-13.838100000085491],[173.49930000009516,-13.636399999611074],[173.68319999958416,-13.665299999795076],[173.82479999961717,-13.704200000153179],[173.92370000016103,-13.725199999584442],[173.97659999959538,-13.619199999731112],[174.05169999996752,-13.484899999978639],[174.33790000028165,-13.489900000215577],[174.55780000005305,-13.477200000045595],[174.71619999967893,-13.435799999951909],[174.9186000002488,-13.434100000010808],[174.94889999961072,-13.321999999769746],[175.18869999968052,-13.301800000269461],[175.32459999969126,-13.261800000094953],[175.39310000041584,-13.228399999897167]]},"properties":{"geogdesc":"SPREADING RIDGE, NORTH FIJI BASIN","type":"DIVERGENT","OBJECTID":88}},{"type":"Feature","id":89,"geometry":{"type":"LineString","coordinates":[[175.39310000041584,-13.228399999897167],[175.62229999960897,-13.147499999827343],[175.81419999975961,-13.072899999575084],[175.98240000019595,-13.011799999836644],[176.18700000004947,-12.967599999920584],[176.36520000041457,-12.902799999978399],[176.61309999980679,-12.813000000267175],[176.76879999965848,-12.744700000213573],[176.94319999970926,-12.679900000121242],[177.07399999974734,-12.627600000092228],[177.2285000003981,-12.569100000102869]]},"properties":{"geogdesc":"SPREADING RIDGE, NORTH FIJI BASIN","type":"DIVERGENT","OBJECTID":89}},{"type":"Feature","id":90,"geometry":{"type":"LineString","coordinates":[[175.39310000041584,-13.228399999897167],[175.52640000021154,-13.324699999673365],[175.64050000021587,-13.377199999724237],[175.7385000002362,-13.428700000311277]]},"properties":{"geogdesc":"SPREADING RIDGE, NORTH FIJI BASIN","type":"DIVERGENT","OBJECTID":90}},{"type":"Feature","id":91,"geometry":{"type":"LineString","coordinates":[[176.1923000000387,-13.740899999756122],[176.57820000006447,-13.851899999853526]]},"properties":{"geogdesc":"SPREADING RIDGE, NORTH FIJI BASIN","type":"DIVERGENT","OBJECTID":91}},{"type":"Feature","id":92,"geometry":{"type":"LineString","coordinates":[[176.98979999997007,-14.036599999666992],[177.27799999955127,-14.131299999978168]]},"properties":{"geogdesc":"SPREADING RIDGE, NORTH FIJI BASIN","type":"DIVERGENT","OBJECTID":92}},{"type":"Feature","id":93,"geometry":{"type":"LineString","coordinates":[[173.18430000009408,-13.777300000400514],[173.17960000015449,-13.958200000291356],[173.18719999988474,-14.114499999639587],[172.99959999964059,-14.10639999969556],[173.00689999979514,-14.226300000131349],[173.01829999983971,-14.3956999995863],[173.19320000038101,-14.387099999996595],[173.21529999996304,-14.771499999807169],[173.32400000041912,-14.765800000390069],[173.31670000026449,-14.930199999740315],[173.31920000002205,-15.084700000066485],[173.32020000010485,-15.199300000120799],[173.32599999968619,-15.296900000087575],[173.21990000034342,-15.30259999976543],[173.24879999958955,-15.467400000129796],[173.27560000000938,-15.673100000276236],[173.44060000018104,-15.677800000134201],[173.47770000010533,-15.926500000287069],[173.52769999974902,-16.21430000003177],[173.57169999979482,-16.38550000015529],[173.5989000002478,-16.49560000020681],[173.63709999981381,-16.583900000207677],[173.71069999961273,-16.710299999910735],[173.85469999984423,-16.73659999981458],[173.97759999967809,-16.78109999981298],[174.07910000043705,-16.821000000134177]]},"properties":{"geogdesc":"SPREADING RIDGE, FIJI BASIN","type":"DIVERGENT","OBJECTID":93}},{"type":"Feature","id":94,"geometry":{"type":"LineString","coordinates":[[174.07910000043705,-16.821000000134177],[174.21550000003995,-16.685899999658258],[174.31829999955897,-16.580900000430095],[174.52350000036043,-16.466600000096737],[174.60069999955871,-16.581000000200511],[174.72619999960764,-16.780000000099385],[174.8259999997768,-16.90240000001172],[174.91039999957064,-16.981799999960643],[175.07630000026589,-16.938699999782401],[175.30570000037392,-16.872300000295848],[175.41270000024022,-16.819999999754167]]},"properties":{"geogdesc":"SPREADING RIDGE, FIJI BASIN","type":"DIVERGENT","OBJECTID":94}},{"type":"Feature","id":95,"geometry":{"type":"LineString","coordinates":[[175.58220000033492,-16.757600000272944],[175.74930000023113,-16.713200000218706],[175.85389999989891,-16.672799999672883],[175.99229999966724,-16.637000000317741],[176.14449999967857,-16.599899999657094],[176.37050000040375,-16.5716999998875],[176.58639999984439,-16.541299999822069],[176.81250000012858,-16.5287000002775],[177.06090000001137,-16.493100000018927],[177.22209999986882,-16.48590000037639],[177.33089999988397,-16.499399999710658],[177.46200000039602,-16.476799999778084],[177.47009999971849,-16.259599999982306],[177.71250000000336,-16.252900000340876],[177.89110000040148,-16.239499999841701],[178.14970000022953,-16.220600000033677],[178.14229999961753,-16.087400000352687],[178.14220000005838,-15.931200000158201],[178.41349999958936,-15.939899999972608],[178.59470000020249,-15.939600000212165],[178.76850000020369,-15.944299999904832],[178.86810000035632,-15.754700000110883],[178.90240000004903,-15.67260000023655],[178.9751000002226,-15.55530000018754],[179.1426000001519,-15.558699999619375],[179.36630000023766,-15.555700000083412],[179.60370000010897,-15.544200000293047],[179.90240000010945,-15.547800000163051]]},"properties":{"geogdesc":"SPREADING RIDGE, FIJI BASIN","type":"DIVERGENT","OBJECTID":95}},{"type":"Feature","id":96,"geometry":{"type":"LineString","coordinates":[[-179.94010000008331,-15.547800000163051],[-179.75510000005414,-15.553499999691038],[-179.52389999979732,-15.549300000215137],[-179.36040000019884,-15.522699999680587]]},"properties":{"geogdesc":"SPREADING RIDGE, FIJI BASIN","type":"DIVERGENT","OBJECTID":96}},{"type":"Feature","id":97,"geometry":{"type":"LineString","coordinates":[[173.96979999993133,-17.044300000064769],[173.88130000024753,-17.348199999918041],[173.77609999963181,-17.614899999602567],[173.71799999976736,-17.834400000220263],[173.66000000036036,-18.056100000298777],[173.62970000010017,-18.165599999742511],[173.59229999970191,-18.323799999619663],[173.69229999988758,-18.324200000218973],[173.68499999973301,-18.632400000080377],[173.66800000012367,-18.82900000028306],[173.66199999962743,-19.006400000249752],[173.65709999967132,-19.152900000216629],[173.62039999978012,-19.392700000421073],[173.5981000001816,-19.551999999686103],[173.57730000025799,-19.746400000327121],[173.57639999973435,-19.92510000035174],[173.54610000037252,-20.17890000023192],[173.53060000043806,-20.398300000006842],[173.51410000042088,-20.651200000072784],[173.69180000029542,-20.539900000066147],[173.91080000044161,-20.431599999585071]]},"properties":{"geogdesc":"SPREADING RIDGE, FIJI BASIN","type":"DIVERGENT","OBJECTID":97}},{"type":"Feature","id":98,"geometry":{"type":"LineString","coordinates":[[174.08650000015078,-20.362300000135864],[174.25290000043819,-20.247299999728135],[174.40450000039993,-20.148700000063503],[174.52370000037695,-20.053899999612572],[174.66290000021147,-19.97179999983975]]},"properties":{"geogdesc":"SPREADING RIDGE, FIJI BASIN","type":"DIVERGENT","OBJECTID":98}},{"type":"Feature","id":99,"geometry":{"type":"LineString","coordinates":[[175.48089999959257,-19.476000000236766],[175.58410000004287,-19.412699999847312],[175.71189999983287,-19.309099999887763]]},"properties":{"geogdesc":"SPREADING RIDGE, FIJI BASIN","type":"DIVERGENT","OBJECTID":99}},{"type":"Feature","id":100,"geometry":{"type":"LineString","coordinates":[[175.8658999999931,-19.192300000046501],[176.00070000036197,-19.034100000181461],[176.13199999999227,-18.89719999964769],[176.16079999967923,-18.75380000030993],[176.17450000036317,-18.609300000325543]]},"properties":{"geogdesc":"SPREADING RIDGE, FIJI BASIN","type":"DIVERGENT","OBJECTID":100}},{"type":"Feature","id":101,"geometry":{"type":"LineString","coordinates":[[176.26409999968874,-18.427200000117537],[176.08650000027163,-18.408500000262443],[176.14409999964553,-18.281100000247555],[176.18909999977404,-18.14060000030744],[176.24549999994701,-18.007100000143513],[176.28829999989355,-17.902100000066667],[176.34369999998387,-17.805299999704008],[176.38540000028857,-17.712199999983756],[176.42569999957922,-17.603499999742308],[176.29849999983881,-17.498400000160558],[176.0370000002201,-17.316799999834746],[176.10510000001327,-17.108599999704008],[176.13369999968373,-16.948200000221807],[176.16230000025246,-16.779300000249908]]},"properties":{"geogdesc":"SPREADING RIDGE, FIJI BASIN","type":"DIVERGENT","OBJECTID":101}},{"type":"Feature","id":102,"geometry":{"type":"LineString","coordinates":[[173.87130000031885,-20.76180000039108],[173.78210000012803,-21.558599999984395]]},"properties":{"geogdesc":"SPREADING RIDGE, FIJI BASIN","type":"DIVERGENT","OBJECTID":102}},{"type":"Feature","id":103,"geometry":{"type":"LineString","coordinates":[[146.91880000037008,-3.366100000277235],[147.00180000004815,-3.2947999998886517],[147.18029999998888,-3.2034000001549447],[147.35899999994612,-3.1236000001897852],[147.51189999956623,-3.0395000004280104],[147.6860999996004,-2.971399999610695],[147.84830000043888,-2.8802000000265267]]},"properties":{"geogdesc":"MANUS SPREADING RIDGE, NE OF PAPUA NEW GUINEA","type":"DIVERGENT","OBJECTID":103}},{"type":"Feature","id":104,"geometry":{"type":"LineString","coordinates":[[149.93299999992917,-3.6241999997192798],[150.00659999972811,-3.5507000002289386],[150.11490000015107,-3.455700000049676],[150.19299999987297,-3.3704999996546796],[150.27369999980996,-3.3016000003475598],[150.35679999994542,-3.2303000002665616],[150.43059999976086,-3.1685000004230304],[150.5022999998518,-3.1277000002133626],[150.57199999977735,-3.0986000000356189],[150.61140000034098,-3.079299999776361],[150.66249999962648,-3.0551999996987278]]},"properties":{"geogdesc":"MANUS SPREADING CENTER, MANUS BASIN, NE OF NEW G","type":"DIVERGENT","OBJECTID":104}},{"type":"Feature","id":105,"geometry":{"type":"LineString","coordinates":[[151.45569999965139,-3.7073999998652818],[151.49069999985113,-3.7046000002119084],[151.53710000009545,-3.6852000003258434],[151.60450000027987,-3.6585000000304815],[151.65810000022134,-3.6506000003465102],[151.73980000024102,-3.6470000001951814],[151.8099000001996,-3.6458999997130488],[151.86350000014099,-3.6381000001784378],[151.92649999996161,-3.6324000000529266],[151.9868999995671,-3.6057999998598138],[152.04770000010399,-3.6049000000390992],[152.08489999958735,-3.5948999997331557],[152.11290000010646,-3.5945000004146808]]},"properties":{"geogdesc":"MANUS SPREADING CENTER, SW OF NEW IRELAND","type":"DIVERGENT","OBJECTID":105}},{"type":"Feature","id":106,"geometry":{"type":"LineString","coordinates":[[-102.61710000015781,2.4469000003176298],[-102.63689999999873,2.3315999998719494],[-102.64480000020295,2.2400999997266138],[-102.63689999999873,2.2162999999592787],[-102.64480000020295,2.0452000002641282],[-102.6646000000439,1.8622999996985563],[-102.64870000007635,1.7191000003905323],[-102.62500000036201,1.5439999998859282],[-102.60129999974936,1.3967999996590905],[-102.57359999970423,1.2814000002111743],[-102.51830000007133,1.1540999999109525],[-102.46690000031187,1.0427000004263351],[-102.41150000022157,0.92329999971441323],[-102.36020000002118,0.796000000340509],[-102.3166999995676,0.70440000010830517],[-102.27320000001235,0.62090000007001911],[-102.23759999976298,0.54920000035846983],[-102.22570000012624,0.49350000018616913],[-102.27130000030435,0.44420000030765106]]},"properties":{"geogdesc":"PACIFIC-GALAPAGOS SPREADING CENTER","type":"DIVERGENT","OBJECTID":106}},{"type":"Feature","id":107,"geometry":{"type":"LineString","coordinates":[[-102.25950000022675,3.7483000001254196],[-102.2318999997407,3.6493000001130573],[-102.20029999982216,3.4353000003260505],[-102.20430000015298,3.2609000003373905],[-102.20430000015298,3.1182999998458878],[-102.20029999982216,2.9755999996772617],[-102.19239999961795,2.805099999571953],[-102.19639999994877,2.7218000001574518],[-102.2161000002306,2.5671999999963004],[-102.23970000038581,2.4203999995558099],[-102.26340000010015,2.2816000000313235],[-102.29500000001869,2.055500000209781],[-102.29099999968787,1.9879999996024775],[-102.32650000037813,1.7935999997355574],[-102.36200000017007,1.6587000001726131],[-102.37779999968016,1.5515999996489265],[-102.39349999963119,1.5118999999612115]]},"properties":{"geogdesc":"PACIFIC-COCOS SPREADING CENTER","type":"DIVERGENT","OBJECTID":107}},{"type":"Feature","id":108,"geometry":{"type":"LineString","coordinates":[[-102.27130000030435,0.44420000030765106],[-102.30279999976548,0.086900000370624883]]},"properties":{"geogdesc":"PACIFIC-NAZCA SPREADING CENTER","type":"DIVERGENT","OBJECTID":108}},{"type":"Feature","id":109,"geometry":{"type":"LineString","coordinates":[[-102.18060000043864,0.26559999958474906],[-102.17270000023446,0.13459999961623456],[-102.18450000031204,-0.0042999999024386348],[-102.22000000010398,-0.1313999998885976],[-102.27130000030435,-0.23860000024585323],[-102.35020000009246,-0.39340000020972316],[-102.39749999996199,-0.49259999974935537],[-102.44869999970493,-0.66329999984246579],[-102.4920999997011,-0.8141999996717334],[-102.51580000031375,-0.96100000036997613],[-102.53150000026474,-1.1038999997932351],[-102.52369999961964,-1.2467999997775181],[-102.51970000018713,-1.3419999996606353],[-102.49610000003192,-1.4094999997908175]]},"properties":{"geogdesc":"PACIFIC-NAZCA SPREADING CENTER","type":"DIVERGENT","OBJECTID":109}},{"type":"Feature","id":110,"geometry":{"type":"LineString","coordinates":[[-102.40540000016621,-1.3062999998657507],[-102.42110000011721,-1.37780000041629],[-102.42510000044804,-1.4650999998908805],[-102.42110000011721,-1.5404999999584985],[-102.40540000016621,-1.5762000003127152],[-102.37779999968016,-1.6119000001026127]]},"properties":{"geogdesc":"PACIFIC-NAZCA SPREADING CENTER","type":"DIVERGENT","OBJECTID":110}},{"type":"Feature","id":111,"geometry":{"type":"LineString","coordinates":[[-102.35020000009246,-1.5880999997935656],[-102.33439999968402,-1.6159000003731785],[-102.31069999996969,-1.6873000003213581],[-102.3225999996064,-1.7705999995725312],[-102.35799999983924,-1.8300999996753433],[-102.38569999988439,-1.865799999660158],[-102.44080000039904,-1.9371999999156426]]},"properties":{"geogdesc":"PACIFIC-NAZCA SPREADING CENTER","type":"DIVERGENT","OBJECTID":111}},{"type":"Feature","id":112,"geometry":{"type":"LineString","coordinates":[[-102.51580000031375,-1.7746000000634075],[-102.56700000005669,-1.8817000003604478],[-102.61429999992623,-2.0403999998378977],[-102.64979999971817,-2.1951000002880483],[-102.6735000003308,-2.3497999999842287],[-102.69319999971431,-2.4926000003866524],[-102.70900000012276,-2.6313999996537301],[-102.71690000032697,-2.7583000001649074],[-102.71690000032697,-2.8613999998893944],[-102.70900000012276,-2.9643999998818744],[-102.69319999971431,-3.0515999998002785],[-102.66959999955911,-3.1269999998997275]]},"properties":{"geogdesc":"PACIFIC-NAZCA SPREADING CENTER","type":"DIVERGENT","OBJECTID":112}},{"type":"Feature","id":113,"geometry":{"type":"LineString","coordinates":[[-102.590699999771,-2.9407000000633206],[-102.57889999969342,-2.9724000004361479],[-102.56310000018327,-3.1308999999230105],[-102.55130000010568,-3.2300000001702895],[-102.55130000010568,-3.3568000004082434],[-102.55519999997908,-3.436099999948476],[-102.56700000005669,-3.5193000004327999],[-102.590699999771,-3.6301999997471128],[-102.63010000033468,-3.7490999997317132],[-102.66959999955911,-3.8481000002490076],[-102.69720000004514,-3.9273000001649643],[-102.71289999999614,-3.9866999999086143],[-102.73659999971048,-4.0223000003979656],[-102.76810000006991,-4.0579999999767251],[-104.55050000016037,-3.8599999998880077],[-104.66879999961381,-4.1728000000216507],[-105.33519999993145,-4.0738000002346118],[-105.54019999981809,-4.5843999996204978],[-106.23820000005429,-4.4815000003270287],[-106.26180000020952,-4.5607000004217575],[-106.29730000000144,-4.6556000003554043],[-106.31700000028327,-4.7427000004427713],[-106.34860000020181,-4.8376000002276056],[-106.40380000027558,-4.9286000000756305],[-106.44319999994092,-4.9997999996836038],[-106.46290000022272,-5.0392999998215044],[-106.49450000014127,-5.1540000001853628],[-106.50630000021889,-5.3041999998039557],[-106.52599999960242,-5.406899999608882],[-106.53790000013744,-5.4820000000742191],[-106.55760000041926,-5.5413000003216046],[-106.58520000000698,-5.6163999999892322],[-106.6127999995947,-5.6953999995714577],[-106.63249999987654,-5.7467000001529751],[-106.64830000028495,-5.7704000004230025]]},"properties":{"geogdesc":"PACIFIC-NAZCA SPREADING CENTER","type":"DIVERGENT","OBJECTID":113}},{"type":"Feature","id":114,"geometry":{"type":"LineString","coordinates":[[-106.66400000023597,-5.5215000003883992],[-106.69950000002791,-5.5807999998828581],[-106.72709999961562,-5.671700000037017],[-106.75470000010168,-5.7704000004230025],[-106.76659999973838,-5.865200000102929],[-106.76659999973838,-5.9756999999028064],[-106.75080000022827,-6.0665000000173475],[-106.74679999989746,-6.1177999999897121]]},"properties":{"geogdesc":"PACIFIC-NAZCA SPREADING CENTER","type":"DIVERGENT","OBJECTID":114}},{"type":"Feature","id":115,"geometry":{"type":"LineString","coordinates":[[-106.83749999976315,-5.9756999999028064],[-106.84150000009397,-5.9915000003031311],[-106.8651000002492,-6.0823000001827943],[-106.87699999988592,-6.1730999997278628],[-106.87699999988592,-6.2520000002309084],[-106.88879999996352,-6.3229999999066759],[-106.90850000024535,-6.390099999729892],[-106.94400000003728,-6.4611000000188579],[-106.94800000036811,-6.4728999999439036],[-107.44870000000705,-6.3625000000480885],[-107.49610000033404,-6.4334999998306843],[-107.52369999992177,-6.5320999998265039],[-107.56700000035882,-6.6976999999391804],[-107.60250000015074,-6.8278000002126245],[-107.61040000035496,-6.9301999997120491],[-107.61829999966085,-7.0406000000946154],[-107.60649999958326,-7.1350999997493876],[-107.60250000015074,-7.1941999996297605],[-107.59860000027734,-7.2453999996370717],[-107.63410000006928,-7.3123000000587908],[-107.67349999973462,-7.3674000003804823],[-107.74049999988598,-7.4303999999992874]]},"properties":{"geogdesc":"PACIFIC-NAZCA SPREADING CENTER","type":"DIVERGENT","OBJECTID":115}},{"type":"Feature","id":116,"geometry":{"type":"LineString","coordinates":[[-107.70900000042488,-7.1350999997493876],[-107.76029999972694,-7.1980999998043611],[-107.79569999995975,-7.3084000000771088],[-107.83520000008251,-7.4265000000380255],[-107.86670000044197,-7.5445000001774964],[-107.89040000015628,-7.6585999996115328],[-107.90619999966638,-7.776599999831828],[-107.91010000043811,-7.8670999997746414]]},"properties":{"geogdesc":"PACIFIC-NAZCA SPREADING CENTER","type":"DIVERGENT","OBJECTID":116}},{"type":"Feature","id":117,"geometry":{"type":"LineString","coordinates":[[-107.69720000034727,-7.1271999998603217],[-107.76029999972694,-7.1665999998174899],[-107.80360000016397,-7.2689999999980364],[-107.86279999967023,-7.4736999997988924],[-107.89830000036049,-7.5839000001015746],[-107.93770000002583,-7.7019000003033469],[-107.97319999981778,-7.8631000004044527],[-108.00080000030381,-7.9692999999732894],[-108.01659999981392,-8.0792999998915036],[-108.02439999956071,-8.1775999996223288],[-108.03229999976493,-8.2796999996561986],[-108.02439999956071,-8.3347000001554399],[-108.02049999968732,-8.3660999999898849]]},"properties":{"geogdesc":"PACIFIC-NAZCA SPREADING CENTER","type":"DIVERGENT","OBJECTID":117}},{"type":"Feature","id":118,"geometry":{"type":"LineString","coordinates":[[-108.01659999981392,-8.1422000003565778],[-108.06779999955687,-8.1775999996223288],[-108.11909999975722,-8.26400000016279],[-108.15060000011667,-8.3779000000850399],[-108.19800000044364,-8.5348999996459423],[-108.21370000039465,-8.6526999995574805],[-108.21769999982716,-8.731099999726144],[-108.22560000003135,-8.8527000000196416],[-108.23339999977816,-8.9508000000373382],[-108.28080000010513,-9.087999999927483],[-108.31229999956626,-9.1546000000244252],[-108.31620000033797,-9.170299999955553],[-109.72789999986307,-8.9467999999545516],[-109.77519999973261,-9.0722999997731044],[-109.79499999957355,-9.1546000000244252],[-109.82260000005961,-9.2838999995651896],[-109.83039999980639,-9.3818000000882478],[-109.83039999980639,-9.4679000001100597],[-109.84230000034142,-9.5735999998510106],[-109.86989999992915,-9.6597000000141158],[-109.91320000036617,-9.7418999999779121],[-109.95269999959064,-9.8043999997568481],[-109.98419999995006,-9.8631000003085934]]},"properties":{"geogdesc":"PACIFIC-NAZCA SPREADING CENTER","type":"DIVERGENT","OBJECTID":118}},{"type":"Feature","id":119,"geometry":{"type":"LineString","coordinates":[[-109.98820000028088,-9.6283999996127569],[-110.019699999742,-9.6949000004173342],[-110.08280000001999,-9.8514000003565911],[-110.16559999968146,-10.046799999688679],[-110.21689999988183,-10.203100000260623],[-110.24450000036788,-10.367100000133366],[-110.25239999967378,-10.476399999784382],[-110.28000000015982,-10.612999999558825],[-110.31149999962093,-10.730000000136478],[-110.3548999996171,-10.831400000238251],[-110.41009999969084,-10.924899999757724],[-110.4495000002545,-10.983400000157424],[-110.47709999984222,-11.006700000062244]]},"properties":{"geogdesc":"PACIFIC-NAZCA SPREADING CENTER","type":"DIVERGENT","OBJECTID":119}},{"type":"Feature","id":120,"geometry":{"type":"LineString","coordinates":[[-110.37459999989892,-10.609099999856905],[-110.39040000030734,-10.671499999756191],[-110.42590000009928,-10.757300000176727],[-110.46139999989123,-10.843099999866219],[-110.48500000004643,-10.940500000024425],[-110.51259999963416,-11.053499999911399],[-110.50869999976078,-11.135300000068264],[-110.50470000032826,-11.18979999988381],[-110.51659999996498,-11.279299999583541],[-110.53229999991599,-11.364900000224946],[-110.55200000019782,-11.434900000003804],[-110.58360000011638,-11.524400000262322],[-110.60729999983067,-11.582699999986431],[-110.6308999999859,-11.652700000305463],[-110.65459999970024,-11.668200000345173]]},"properties":{"geogdesc":"PACIFIC-NAZCA SPREADING CENTER","type":"DIVERGENT","OBJECTID":120}},{"type":"Feature","id":121,"geometry":{"type":"LineString","coordinates":[[-110.65849999957362,-11.360999999707481],[-110.67819999985544,-11.438799999823429],[-110.72560000018244,-11.594400000238323],[-110.81619999959071,-11.749799999719963],[-110.86359999991767,-11.862499999822614],[-110.91479999966062,-11.994499999961043],[-110.95819999965678,-12.126999999732378],[-110.99370000034703,-12.297599999798072],[-111.01729999960394,-12.402299999981071],[-111.04499999964908,-12.53019999994145],[-111.06469999993092,-12.634800000079107],[-111.08039999988191,-12.731600000067237],[-111.08830000008612,-12.797400000188434],[-111.08440000021272,-12.84769999993544],[-111.06859999980429,-12.917300000208883]]},"properties":{"geogdesc":"PACIFIC-NAZCA SPREADING CENTER","type":"DIVERGENT","OBJECTID":121}},{"type":"Feature","id":122,"geometry":{"type":"LineString","coordinates":[[-110.87539999999528,-12.739299999892728],[-110.89510000027711,-12.832199999959581],[-110.89510000027711,-12.94820000000831],[-110.91479999966062,-13.041100000143979],[-110.93449999994245,-13.106799999728716],[-110.94639999957917,-13.153100000261851]]},"properties":{"geogdesc":"PACIFIC-NAZCA SPREADING CENTER","type":"DIVERGENT","OBJECTID":122}},{"type":"Feature","id":123,"geometry":{"type":"LineString","coordinates":[[-110.86749999979108,-13.060399999889578],[-110.85959999958685,-13.102899999800201],[-110.86749999979108,-13.18409999961005],[-110.89120000040373,-13.249700000363905],[-110.91879999999145,-13.303800000027124],[-110.95429999978337,-13.346300000032489],[-110.98190000026943,-13.377199999724237],[-111.01339999973054,-13.411900000281504]]},"properties":{"geogdesc":"PACIFIC-NAZCA SPREADING CENTER","type":"DIVERGENT","OBJECTID":123}},{"type":"Feature","id":124,"geometry":{"type":"LineString","coordinates":[[-111.09620000029034,-13.269099999805203],[-111.19480000036026,-13.419600000127655],[-111.25789999973993,-13.562399999580798],[-112.39350000023542,-13.334700000015465],[-112.40140000043965,-13.423499999631362],[-112.45659999961508,-13.531600000291672],[-112.47240000002351,-13.678099999698631],[-112.46449999981928,-13.766799999572573],[-112.44870000030917,-13.882399999630611],[-112.49210000030534,-13.943999999970535],[-112.51580000001967,-13.982499999597643],[-112.55129999981162,-14.067199999627862],[-112.55129999981162,-14.125000000164269],[-112.5433999996074,-14.198099999924812],[-112.53940000017488,-14.286500000029303],[-112.53940000017488,-14.390400000301808],[-112.5473000003791,-14.4902999997335],[-112.5669999997626,-14.609299999620204],[-112.59460000024866,-14.670800000178275],[-112.62620000016722,-14.74370000032145],[-112.65769999962829,-14.80889999964927],[-112.69320000031855,-14.866499999594282]]},"properties":{"geogdesc":"PACIFIC-NAZCA SPREADING CENTER","type":"DIVERGENT","OBJECTID":124}},{"type":"Feature","id":125,"geometry":{"type":"LineString","coordinates":[[-112.69320000031855,-14.613199999683918],[-112.74449999962063,-14.651599999596943],[-112.77599999998006,-14.755199999940103],[-112.8232999998496,-14.866499999594282],[-112.84699999956395,-14.996799999722276],[-112.86669999984576,-15.085000000172288],[-112.8982999997643,-15.226699999743863],[-112.91399999971532,-15.326199999681753],[-112.93770000032795,-15.482999999595926],[-112.96140000004229,-15.613000000348805],[-112.98899999963001,-15.71619999985049],[-112.99680000027512,-15.781099999593636],[-113.00079999970762,-15.838399999692507],[-113.00079999970762,-15.865099999697371]]},"properties":{"geogdesc":"PACIFIC-NAZCA SPREADING CENTER","type":"DIVERGENT","OBJECTID":125}},{"type":"Feature","id":126,"geometry":{"type":"LineString","coordinates":[[-112.8982999997643,-15.666499999964843],[-112.91399999971532,-15.727599999609964],[-112.91800000004612,-15.83449999986367],[-112.95739999971146,-15.94139999981922],[-113.02049999998944,-16.040600000139882],[-113.05599999978138,-16.113000000190343],[-113.06779999985899,-16.185400000111525],[-113.08750000014082,-16.280700000239825],[-113.09149999957333,-16.37970000012027],[-113.08750000014082,-16.413900000147091]]},"properties":{"geogdesc":"PACIFIC-NAZCA SPREADING CENTER","type":"DIVERGENT","OBJECTID":126}},{"type":"Feature","id":127,"geometry":{"type":"LineString","coordinates":[[-112.97709999999329,-16.326400000044263],[-112.9811000003241,-16.341599999686821],[-112.99680000027512,-16.448200000031871],[-113.04419999970378,-16.550900000123924],[-113.07970000039404,-16.60790000015287],[-113.13489999956947,-16.668800000297324],[-113.18610000021073,-16.714400000330546]]},"properties":{"geogdesc":"PACIFIC-NAZCA SPREADING CENTER","type":"DIVERGENT","OBJECTID":127}},{"type":"Feature","id":128,"geometry":{"type":"LineString","coordinates":[[-113.04809999957716,-16.683999999708174],[-113.0718000001898,-16.744800000386665],[-113.10729999998176,-16.816900000389239],[-113.13489999956947,-16.885300000241081],[-113.1663999999289,-16.95360000019409],[-113.20579999959423,-17.021899999641338],[-113.21770000012927,-17.052300000114911],[-113.22950000020688,-17.097800000246362]]},"properties":{"geogdesc":"PACIFIC-NAZCA SPREADING CENTER","type":"DIVERGENT","OBJECTID":128}},{"type":"Feature","id":129,"geometry":{"type":"LineString","coordinates":[[-113.12700000026356,-17.052300000114911],[-113.12700000026356,-17.097800000246362],[-113.17820000000651,-17.238000000313122],[-113.22950000020688,-17.340299999976089],[-113.28080000040724,-17.442599999808706],[-113.29650000035826,-17.506899999637071],[-113.30439999966414,-17.559800000197804]]},"properties":{"geogdesc":"PACIFIC-NAZCA SPREADING CENTER","type":"DIVERGENT","OBJECTID":129}},{"type":"Feature","id":130,"geometry":{"type":"LineString","coordinates":[[-113.19400000041495,-17.548499999950334],[-113.21369999979845,-17.605199999936517],[-113.2413000002845,-17.677099999971379],[-113.27680000007643,-17.733799999879295],[-113.30839999999498,-17.805599999912921],[-113.351700000432,-17.884900000401721],[-113.35959999973791,-17.948999999816234],[-113.36360000006874,-18.013200000385783],[-113.36360000006874,-18.047099999690055]]},"properties":{"geogdesc":"PACIFIC-NAZCA SPREADING CENTER","type":"DIVERGENT","OBJECTID":130}},{"type":"Feature","id":131,"geometry":{"type":"LineString","coordinates":[[-113.27290000020305,-17.967899999946077],[-113.28860000015403,-18.073499999714137],[-113.28470000028067,-18.145199999834819],[-113.30049999979077,-18.201699999702942],[-113.32810000027681,-18.273300000417787],[-113.36360000006874,-18.333600000002139],[-113.37930000001973,-18.378800000192541],[-113.38720000022396,-18.465300000048853],[-113.39119999965646,-18.495399999974108]]},"properties":{"geogdesc":"PACIFIC-NAZCA SPREADING CENTER","type":"DIVERGENT","OBJECTID":131}},{"type":"Feature","id":132,"geometry":{"type":"LineString","coordinates":[[-113.27290000020305,-18.393800000067099],[-113.28860000015403,-18.469099999829687],[-113.31229999986839,-18.555600000034641],[-113.3477999996603,-18.62709999973087],[-113.40299999973408,-18.691000000163601],[-113.46999999988543,-18.739799999672762],[-113.49760000037149,-18.79619999967748],[-113.50950000000822,-18.848700000034551],[-113.50950000000822,-18.908800000250888]]},"properties":{"geogdesc":"PACIFIC-NAZCA SPREADING CENTER","type":"DIVERGENT","OBJECTID":132}},{"type":"Feature","id":133,"geometry":{"type":"LineString","coordinates":[[-113.35959999973791,-18.751100000327842],[-113.38720000022396,-18.803700000180477],[-113.39909999986068,-18.889999999686786],[-113.43060000022011,-18.968799999919788],[-113.49760000037149,-19.043799999627694],[-113.5331000001634,-19.096300000281168],[-113.57650000015957,-19.163799999619965],[-113.59229999966968,-19.219999999679107],[-113.61199999995152,-19.294900000101517],[-113.62380000002912,-19.339799999773344],[-113.63170000023335,-19.377200000144384]]},"properties":{"geogdesc":"PACIFIC-NAZCA SPREADING CENTER","type":"DIVERGENT","OBJECTID":133}},{"type":"Feature","id":134,"geometry":{"type":"LineString","coordinates":[[-113.49369999959978,-19.238699999814443],[-113.52130000008582,-19.306100000049369],[-113.54499999980014,-19.399700000207677],[-113.58040000003298,-19.504399999757872],[-113.63560000010672,-19.620299999582752],[-113.66720000002528,-19.702500000262646],[-113.70269999981723,-19.881700000368909],[-113.73420000017666,-20.060600000179299],[-113.74999999968678,-20.176099999946889],[-113.75789999989097,-20.261700000335832],[-113.77370000029941,-20.339800000276025],[-113.84460000032418,-20.492199999936599],[-113.88010000011612,-20.599899999814372],[-113.91559999990807,-20.700200000051421]]},"properties":{"geogdesc":"PACIFIC-NAZCA SPREADING CENTER","type":"DIVERGENT","OBJECTID":134}},{"type":"Feature","id":135,"geometry":{"type":"LineString","coordinates":[[-113.98269999961853,-20.629599999926768],[-114.01809999985137,-20.692699999590495],[-114.10879999971706,-20.918900000373814],[-114.13250000032971,-21.044800000407147],[-114.15620000004405,-21.13000000010685],[-114.16399999979085,-21.222400000033488],[-114.17590000032588,-21.314799999639192],[-114.17590000032588,-21.403500000189943],[-114.18379999963177,-21.514200000328056],[-114.2034999999136,-21.610100000054203],[-114.22320000019542,-21.698599999872457],[-114.24680000035065,-21.787000000087886],[-114.25469999965655,-21.842299999950423]]},"properties":{"geogdesc":"PACIFIC-NAZCA SPREADING CENTER","type":"DIVERGENT","OBJECTID":135}},{"type":"Feature","id":136,"geometry":{"type":"LineString","coordinates":[[-114.30989999973031,-21.658100000398885],[-114.36509999980406,-21.683900000343868],[-114.40459999992683,-21.761199999869184],[-114.42029999987784,-21.838599999609492],[-114.42430000020866,-21.912199999613353],[-114.40849999980023,-21.970999999642014],[-114.39669999972261,-22.033600000120671],[-114.38880000041671,-22.055599999803054],[-114.36910000013489,-22.114400000260847],[-114.36509999980406,-22.184200000178734],[-114.36910000013489,-22.243000000350275],[-114.384899999645,-22.301700000361048],[-114.39669999972261,-22.345700000167223]]},"properties":{"geogdesc":"PACIFIC-NAZCA SPREADING CENTER","type":"DIVERGENT","OBJECTID":136}},{"type":"Feature","id":137,"geometry":{"type":"LineString","coordinates":[[-114.39669999972261,-22.143799999851158],[-114.41640000000443,-22.1769000001925],[-114.48340000015583,-22.228299999637557],[-114.52680000015197,-22.301700000361048],[-114.5465000004338,-22.408100000299505],[-114.58599999965824,-22.547300000338076],[-114.60959999981343,-22.646200000375753],[-114.61750000001767,-22.75229999965844],[-114.62540000022187,-22.887499999888693],[-114.61360000014427,-22.960600000261088],[-114.60569999994007,-23.026299999987078],[-114.59380000030333,-23.077399999846076],[-114.5622999999439,-23.095599999671673]]},"properties":{"geogdesc":"PACIFIC-NAZCA SPREADING CENTER","type":"DIVERGENT","OBJECTID":137}},{"type":"Feature","id":138,"geometry":{"type":"LineString","coordinates":[[-114.5622999999439,-23.095599999671673],[-115.06310000004027,-23.132099999664216],[-114.95659999976615,-23.452600000361532],[-115.4259000004014,-23.645299999696963],[-115.33120000020486,-23.961000000049854],[-116.35249999978114,-24.351700000122634],[-116.31310000011581,-24.47809999992565],[-116.26580000024626,-24.705300000110359],[-116.19479999976407,-24.928399999817699],[-116.1317000003844,-25.125999999789013],[-116.02130000023688,-25.334100000180126],[-115.89910000001174,-25.538099999919833],[-115.76890000002328,-25.702600000095625],[-115.64669999979813,-25.863200000115061],[-115.51259999993627,-26.016599999604974],[-115.35089999958838,-26.180300000197363],[-115.21690000018395,-26.318999999714087],[-115.11039999990982,-26.393600000139891],[-114.62540000022187,-26.631300000202561],[-113.3399000003544,-26.649000000123799]]},"properties":{"geogdesc":"PACIFIC-EASTER SPREADING CENTER","type":"DIVERGENT","OBJECTID":138}},{"type":"Feature","id":139,"geometry":{"type":"LineString","coordinates":[[-112.85879999964155,-26.457499999695958],[-112.8982999997643,-26.599399999816335],[-112.94950000040556,-26.765899999619538],[-112.94160000020135,-26.92860000020347],[-112.92189999991953,-27.077000000151408],[-112.93379999955623,-27.295600000310131],[-112.92980000012373,-27.425900000014117],[-112.92980000012373,-27.527900000268346],[-112.93770000032795,-27.56999999981343]]},"properties":{"geogdesc":"PACIFIC-NAZCA SPREADING CENTER","type":"DIVERGENT","OBJECTID":139}},{"type":"Feature","id":140,"geometry":{"type":"LineString","coordinates":[[-112.83520000038465,-27.422400000274568],[-112.83520000038465,-27.573599999970842],[-112.80759999989861,-27.850800000342311],[-112.79180000038849,-28.0819000002511],[-112.77599999998006,-28.280999999932426],[-112.74449999962063,-28.539000000033173],[-112.72079999990628,-28.803299999910777],[-112.68140000024094,-29.008099999846106],[-112.65379999975494,-29.181199999950767],[-112.61039999975877,-29.32989999979252],[-112.56309999988923,-29.416300000143586]]},"properties":{"geogdesc":"PACIFIC-NAZCA SPREADING CENTER","type":"DIVERGENT","OBJECTID":140}},{"type":"Feature","id":141,"geometry":{"type":"LineString","coordinates":[[-111.84540000026949,-28.768599999884866],[-111.81389999991006,-28.886700000265169],[-111.7547000004038,-29.105100000169266],[-111.70739999963594,-29.257300000189126],[-111.69160000012582,-29.464599999611409],[-111.69950000033003,-29.647299999662707],[-111.69160000012582,-29.860699999780714],[-111.71529999984013,-30.097499999697185],[-111.72320000004436,-30.292800000326555],[-111.74290000032619,-30.49450000036736],[-111.7586999998363,-30.719600000367386],[-111.78630000032234,-30.886400000253758],[-111.81779999978345,-31.052900000126069],[-111.86909999998382,-31.249600000300891],[-111.90060000034326,-31.425600000136214],[-111.9361000001352,-31.611399999883471],[-111.96369999972293,-31.786699999772004],[-112.00709999971907,-31.968400000100843],[-112.03470000020511,-32.08260000016881],[-112.05439999958863,-32.186600000254977]]},"properties":{"geogdesc":"PACIFIC-NAZCA SPREADING CENTER","type":"DIVERGENT","OBJECTID":141}},{"type":"Feature","id":142,"geometry":{"type":"LineString","coordinates":[[-112.07810000020127,-31.56749999992034],[-112.15690000043027,-31.668699999629975],[-112.24760000029596,-31.833800000367994],[-112.30679999980222,-31.968400000100843],[-112.36990000008021,-32.129600000026848],[-112.42900000002737,-32.29720000000394],[-112.46449999981928,-32.444499999763877],[-112.4762999998969,-32.691599999787961],[-112.45659999961508,-32.861399999872425],[-112.43300000035819,-33.047600000346179],[-112.40929999974554,-33.223500000218586],[-112.44080000010499,-33.415500000304696],[-112.50789999981545,-33.580699999672575],[-112.58280000017105,-33.77190000012309],[-112.64980000032241,-33.979100000067966],[-112.67739999991012,-34.169400000325467],[-112.70500000039617,-34.270999999773025],[-112.70500000039617,-34.293900000152085],[-110.57180000003876,-34.60419999995522]]},"properties":{"geogdesc":"JUAN FERNANDEZ-PACIFIC SPREADING CENTER","type":"DIVERGENT","OBJECTID":142}},{"type":"Feature","id":143,"geometry":{"type":"LineString","coordinates":[[-110.57180000003876,-34.60419999995522],[-110.85359999998894,-34.93060000030983],[-110.87669999965365,-35.314599999744502],[-110.89590000034329,-35.790499999734465],[-110.58039999985169,-35.827900000126078],[-110.71119999988979,-36.22000000011306],[-110.7382000003262,-36.356500000244296],[-110.47259999991921,-36.409199999894476],[-110.86509999959259,-37.67149999974189],[-111.26920000022533,-38.870699999746819],[-111.26920000022533,-38.972500000001325],[-110.39570000029653,-38.987500000245824],[-110.67659999972314,-40.158999999951334],[-110.83440000019763,-41.353999999699155],[-110.95360000017465,-42.248900000049559],[-111.34999999972143,-42.203300000277792],[-111.73090000023203,-43.170600000266091],[-112.21959999977683,-44.381900000160066],[-112.55049999974545,-45.487800000270141],[-112.67359999959587,-45.834699999915735],[-112.42350000002163,-45.856099999734788],[-112.95069999960648,-47.226999999863523],[-113.31240000032579,-48.320799999804258],[-113.74720000035352,-49.359100000107411],[-113.87030000020391,-49.8504000001683],[-115.22859999980415,-49.589099999710413],[-116.38680000037213,-49.369099999790706],[-117.22950000044858,-50.415200000214874],[-117.8182999997382,-51.328200000235505],[-118.41079999978298,-52.211499999811799],[-118.86870000037371,-52.750499999776181],[-118.97650000030623,-52.899299999824152],[-117.65279999997433,-53.123900000176107],[-118.02990000017067,-53.69269999981335],[-118.30689999972388,-54.348299999933104],[-118.58009999986113,-54.814400000100193],[-119.68059999969944,-54.640999999872363],[-120.6734000000627,-54.410999999896326],[-121.23129999994083,-55.222499999904215],[-121.64300000030383,-55.830099999754871],[-121.85849999971141,-56.02630000009114],[-123.43620000038919,-55.717600000131668],[-125.07919999973031,-55.450099999973894],[-126.20280000013163,-55.13680000004755],[-126.78770000044618,-55.064099999886508],[-127.22629999988985,-55.561200000226016],[-128.61919999965673,-55.321099999947805],[-130.04680000004774,-54.931699999748581],[-131.37429999979554,-54.623199999808776],[-132.87500000039324,-54.238200000165122],[-134.21410000020214,-53.885900000163382],[-135.29919999966512,-53.644800000100574],[-136.1803000002225,-53.39089999991085],[-136.58820000027123,-53.901800000033255],[-137.52710000021906,-53.690399999973408],[-137.88880000004005,-53.569500000142753],[-138.79300000026214,-54.7144999999921],[-139.25089999995456,-55.255399999989443],[-139.57420000019292,-55.617700000018459],[-139.1854999999355,-55.724099999993662],[-139.53949999956882,-56.266400000114089],[-140.04750000026067,-56.771600000150372],[-140.32070000039792,-57.052999999791119],[-142.08679999958943,-56.623699999997747],[-143.32970000042522,-56.266400000114089],[-144.47639999959299,-55.90779999982658],[-144.86119999997698,-55.784700000156988],[-145.97699999973324,-56.672300000228461],[-146.67740000016795,-57.311600000131484],[-147.17370000034128,-57.640599999823372],[-147.69319999973848,-57.55190000004373],[-148.2819000003673,-58.131499999916691],[-149.26309999977119,-58.817600000109032],[-149.81720000023333,-59.316000000100999],[-150.38670000017251,-59.721999999790029],[-151.4399999997004,-59.439000000118654]]},"properties":{"geogdesc":"PACIFIC-ANTARCTIC SPREADING CENTER","type":"DIVERGENT","OBJECTID":143}},{"type":"Feature","id":144,"geometry":{"type":"LineString","coordinates":[[-105.40019999991742,17.766800000277861],[-105.53449999979583,17.012599999927687],[-105.36949999962414,17.030899999800141],[-105.39630000004402,16.262699999819201],[-105.35800000002051,15.558099999576012],[-105.31960000043789,15.10670000030343],[-104.69050000006101,15.273299999911517],[-104.43720000022215,14.070900000330687],[-103.92700000024665,12.585199999658963],[-103.76970000026266,11.891599999638016],[-103.87710000016207,11.872800000368526],[-103.73899999996939,10.936400000004816],[-103.62779999975569,10.276500000211671],[-103.59710000036075,10.121700000039043],[-104.2952999997152,10.016000000140235],[-104.2952999997152,9.1723999996256875],[-104.25690000013256,8.4558999996321038],[-104.23009999971268,8.3420999998633363],[-102.96020000023711,8.3990000003330305],[-102.65720000033019,7.1826999996287659],[-102.45769999955098,5.5280000003358207],[-102.18150000006392,3.7768000000356348],[-102.25950000022675,3.7483000001254196]]},"properties":{"geogdesc":"PACIFIC-COCOS SPREADING CENTER","type":"DIVERGENT","OBJECTID":144}},{"type":"Feature","id":145,"geometry":{"type":"LineString","coordinates":[[-108.68910000018695,21.251100000121536],[-109.34999999960057,20.030000000272079],[-109.43280000016037,19.937799999854811]]},"properties":{"geogdesc":"EPR BETW TAMAYO AND RIVERA FZ","type":"DIVERGENT","OBJECTID":145}},{"type":"Feature","id":146,"geometry":{"type":"LineString","coordinates":[[-130.65390000040168,51.510299999741754],[-130.90090000016866,51.319600000241003],[-131.18310000015194,51.133500000042808],[-130.17049999994774,50.414199999731494],[-130.41030000001757,50.178699999768021],[-130.27800000030459,50.127400000238488],[-130.44330000005189,49.942799999802936]]},"properties":{"geogdesc":"EXPLORER, JUAN DE FUCA AND GORDA RIDGES, NE. PAC","type":"DIVERGENT","OBJECTID":146}},{"type":"Feature","id":147,"geometry":{"type":"LineString","coordinates":[[-130.23229999966904,49.926599999952508],[-130.59169999974898,49.37370000009625],[-129.03800000015781,48.636700000161518],[-129.20349999992166,48.176600000173949]]},"properties":{"geogdesc":"EXPLORER, JUAN DE FUCA AND GORDA RIDGES, NE. PAC","type":"DIVERGENT","OBJECTID":147}},{"type":"Feature","id":148,"geometry":{"type":"LineString","coordinates":[[-128.90130000008091,48.372200000177294],[-128.97529999991289,48.155500000001261],[-129.07109999975123,47.993700000289934],[-129.15609999959466,47.825499999718119],[-129.23019999988409,47.644499999763255],[-129.28499999992479,47.47690000025721]]},"properties":{"geogdesc":"EXPLORER, JUAN DE FUCA AND GORDA RIDGES, NE. PAC","type":"DIVERGENT","OBJECTID":148}},{"type":"Feature","id":149,"geometry":{"type":"LineString","coordinates":[[-129.01940000041611,47.632899999708705],[-129.07919999997199,47.455500000240988],[-129.15210000016216,47.254999999772863],[-129.24010000025373,47.076900000203821],[-129.3385999998662,46.836499999851227],[-129.47549999995965,46.611300000242153],[-129.59810000021787,46.405999999873984],[-129.76400000001482,46.147099999895872]]},"properties":{"geogdesc":"EXPLORER, JUAN DE FUCA AND GORDA RIDGES, NE. PAC","type":"DIVERGENT","OBJECTID":149}},{"type":"Feature","id":150,"geometry":{"type":"LineString","coordinates":[[-129.80539999984558,46.357799999826142],[-129.89489999961202,46.185600000135331],[-129.95730000028126,46.193599999828251],[-130.01660000024495,46.080899999874035],[-130.06579999982247,46.105499999710254],[-130.16949999986502,45.740300000045345],[-130.10480000035304,45.690199999714252],[-130.31920000011877,45.041100000121759],[-130.2805999996213,45.022799999898233],[-130.53560000004993,44.427499999829983],[-128.68209999991819,43.818999999725222],[-128.74139999988188,43.707299999972477],[-127.29359999961686,43.262699999846326],[-127.33819999971227,43.220099999699265],[-126.60299999999269,42.992699999943376],[-126.81679999970881,42.657999999826629],[-126.95329999976916,42.414200000032722],[-127.02179999959543,42.112299999987968],[-127.09910000014949,41.871999999828773],[-127.16089999987082,41.887899999726564],[-127.32349999984399,41.536799999972033],[-127.38520000000618,41.565500000148873],[-127.50259999983432,41.250399999894206],[-127.54730000038715,41.065399999910966],[-127.57810000023953,40.848400000112925],[-127.631399999707,40.459899999660955],[-126.11999999957183,40.399999999964457],[-125.95529999987414,40.393500000222097],[-124.47179999980065,40.317000000210932]]},"properties":{"geogdesc":"EXPLORER, JUAN DE FUCA AND GORDA RIDGES, NE. PAC","type":"DIVERGENT","OBJECTID":150}},{"type":"Feature","id":151,"geometry":{"type":"LineString","coordinates":[[-101.73500000041604,2.1466999998070149],[-101.49839999971255,1.9483999999472943],[-101.23420000031967,1.7738000001180287],[-100.85169999967671,1.5079000001701082],[-100.93450000023653,1.3689999996874216],[-101.10799999976369,1.1824999997009924],[-101.21450000003784,1.0554999997397956],[-101.3722000000549,0.93250000030540248],[-101.49050000040666,0.84120000031961839],[-101.63640000034611,0.7419000001487468],[-101.74289999972194,0.67049999956347672],[-101.87300000015129,0.61090000032197056],[-102.00710000001315,0.54349999987947151],[-102.10959999995647,0.50380000035157313],[-102.20820000002637,0.472000000380767],[-102.27130000030435,0.44420000030765106]]},"properties":{"geogdesc":"GALAPAGOS-NAZCA  SPREADING CENTER","type":"DIVERGENT","OBJECTID":151}},{"type":"Feature","id":152,"geometry":{"type":"LineString","coordinates":[[-114.5622999999439,-23.095599999671673],[-113.32810000027681,-23.033600000316291],[-111.98740000033557,-22.785200000009514]]},"properties":{"geogdesc":"EASTER-NAZCA SPREADING CENTER","type":"DIVERGENT","OBJECTID":152}},{"type":"Feature","id":153,"geometry":{"type":"LineString","coordinates":[[-111.91639999985338,-22.876600000348503],[-111.82180000011428,-22.945999999990427],[-111.69559999955833,-23.070100000314053],[-111.56939999990068,-23.186799999832754],[-111.46289999962656,-23.28519999969205],[-111.39980000024687,-23.398099999886657],[-111.37620000009167,-23.53269999978161],[-111.37219999976085,-23.707099999803603],[-111.38009999996505,-23.870299999936371],[-111.39199999960178,-23.975500000221405],[-111.40379999967939,-24.036999999855208],[-111.41559999975701,-24.076899999721864]]},"properties":{"geogdesc":"EASTER-NAZCA SPREADING CENTER","type":"DIVERGENT","OBJECTID":153}},{"type":"Feature","id":154,"geometry":{"type":"LineString","coordinates":[[-111.73110000024857,-23.790499999945116],[-111.77049999991391,-23.881199999902233],[-111.80599999970583,-24.069599999908782],[-111.83750000006528,-24.185400000368627],[-111.8532999995754,-24.268599999834628],[-111.849399999702,-24.3733999996719],[-111.84540000026949,-24.496199999762251],[-111.8297000003185,-24.60440000010566],[-111.80599999970583,-24.687300000021857],[-111.77840000011811,-24.788099999963922],[-111.79810000039994,-24.903200000125068],[-111.8297000003185,-25.039800000124288],[-111.86119999977961,-25.129599999933344],[-111.87700000018805,-25.21570000034686]]},"properties":{"geogdesc":"EASTER-NAZCA SPREADING CENTER","type":"DIVERGENT","OBJECTID":154}},{"type":"Feature","id":155,"geometry":{"type":"LineString","coordinates":[[-112.27519999988368,-24.611599999805488],[-112.30280000036971,-24.719699999605176],[-112.2792000002145,-24.896000000078153],[-112.28710000041872,-25.000299999693457],[-112.28310000008788,-25.075700000030569],[-112.27519999988368,-25.115199999767022],[-112.23580000021835,-25.194199999898427],[-112.2081999997323,-25.283900000219948],[-112.1885000003488,-25.352000000337362],[-112.18060000014458,-25.45229999986039]]},"properties":{"geogdesc":"EASTER-NAZCA SPREADING CENTER","type":"DIVERGENT","OBJECTID":155}},{"type":"Feature","id":156,"geometry":{"type":"LineString","coordinates":[[-112.36589999974939,-25.276699999805054],[-112.31470000000644,-25.495200000387335],[-112.28710000041872,-25.58460000015522],[-112.29889999959801,-25.673999999693592],[-112.34229999959416,-25.756200000142044]]},"properties":{"geogdesc":"EASTER-NAZCA SPREADING CENTER","type":"DIVERGENT","OBJECTID":156}},{"type":"Feature","id":157,"geometry":{"type":"LineString","coordinates":[[-112.46850000015012,-25.623999999621869],[-112.49999999961125,-25.71330000037057],[-112.50789999981545,-25.827599999897735],[-112.51580000001967,-25.906099999834982],[-112.48820000043193,-25.95600000022419],[-112.46059999994591,-25.99870000003548],[-112.44080000010499,-26.102000000150479],[-112.44080000010499,-26.134100000082473],[-112.44870000030917,-26.183900000111574]]},"properties":{"geogdesc":"EASTER-NAZCA SPREADING CENTER","type":"DIVERGENT","OBJECTID":157}},{"type":"Feature","id":158,"geometry":{"type":"LineString","coordinates":[[-112.61039999975877,-26.055700000379606],[-112.61039999975877,-26.12340000016474],[-112.61429999963215,-26.244400000355398],[-112.61429999963215,-26.318999999714087],[-112.59070000037524,-26.400699999749964],[-112.57489999996683,-26.471699999878567],[-112.57100000009343,-26.567500000031846],[-112.58280000017105,-26.624200000259012],[-112.6380000002448,-26.687999999839292]]},"properties":{"geogdesc":"EASTER-NAZCA SPREADING CENTER","type":"DIVERGENT","OBJECTID":158}},{"type":"Feature","id":159,"geometry":{"type":"LineString","coordinates":[[-111.88490000039226,-31.591099999655068],[-109.02599999975345,-32.584799999721213],[-109.01419999967584,-33.157199999747967],[-109.0418000001619,-33.603800000183895],[-109.05759999967201,-34.117000000299491]]},"properties":{"geogdesc":"JUAN FERNANDEZ-NAZCA SPREADING CENTER","type":"DIVERGENT","OBJECTID":159}},{"type":"Feature","id":160,"geometry":{"type":"LineString","coordinates":[[-101.73500000041604,2.1466999998070149],[-101.95889999962,2.1025999995994256],[-100.75429999970605,2.0719000000554231],[-99.852800000156421,2.0680999999294216],[-99.856599999572381,2.2099000003283238],[-98.916700000440144,2.1140999999915135],[-98.88979999956284,2.213800000208062],[-97.846400000404572,2.0757000000410981],[-97.550899999770479,2.0872000004334783],[-97.585499999937142,1.8994000003526375],[-96.173699999954593,1.7728000003732898],[-96.119999999555745,2.2368000001820487],[-95.226099999736377,2.2214000000721508],[-95.199199999757369,2.5050999997338237],[-93.610999999558643,2.370900000081233],[-92.245199999787289,2.2290999996212899],[-92.087899999803284,2.1984000003801012],[-92.118600000096563,1.991399999588352],[-91.535499999930906,2.0106000001544815],[-91.558500000036489,1.8149999995970763],[-90.77429999985759,1.7800000002870042]]},"properties":{"geogdesc":"COCOS-NAZCA SPREADING CENTER","type":"DIVERGENT","OBJECTID":160}},{"type":"Feature","id":161,"geometry":{"type":"LineString","coordinates":[[-85.290000000374562,1.5699999999615575],[-84.576300000187359,1.6003000001167063],[-84.564799999685391,2.5319000002729317],[-84.46890000028796,3.1142999998043224],[-83.375499999689367,3.1640999997804884],[-82.803900000025635,3.1182000003441144],[-82.63940000034448,7.3626000000804943]]},"properties":{"geogdesc":"COCOS-NAZCA SPREADING CENTER","type":"DIVERGENT","OBJECTID":161}},{"type":"Feature","id":162,"geometry":{"type":"LineString","coordinates":[[-109.05759999967201,-34.117000000299491],[-102.77210000040074,-34.903600000320218],[-102.68139999963671,-35.586199999832459],[-102.59200000032769,-35.827799999659391],[-100.64489999964121,-36.064599999903763],[-98.413100000112195,-36.192000000267022],[-97.401099999957609,-36.291300000119115],[-97.416500000332974,-36.86919999968967],[-95.688799999825761,-36.964499999680392],[-94.126500000421629,-37.001400000053103],[-94.095699999670927,-37.714100000176991],[-93.999499999799511,-38.48019999969047],[-93.072199999912726,-38.428899999860263],[-93.025999999684984,-38.969499999692452],[-91.659999999897096,-38.867699999972025],[-91.544600000234354,-39.83469999995728],[-91.475300000341903,-40.729999999722438],[-91.394499999947527,-41.102199999762838],[-90.086199999990995,-41.055799999897104],[-90.051599999824333,-41.434799999972483],[-89.996500000208016,-41.320400000151267]]},"properties":{"geogdesc":"NAZCA-ANTARCTIC SPREADING CENTER","type":"DIVERGENT","OBJECTID":162}},{"type":"Feature","id":163,"geometry":{"type":"LineString","coordinates":[[-89.996500000208016,-41.320400000151267],[-89.856199999833365,-41.300399999736072],[-89.752699999807362,-41.286599999672902],[-89.592500000032686,-41.287699999981974],[-89.475300000221068,-41.275899999782553],[-89.371899999754163,-41.265600000015809],[-89.275499999866213,-41.256899999671703],[-89.218099999610487,-41.252700000097519],[-89.162999999994156,-41.24840000014629],[-89.157999999580611,-41.308999999944035],[-89.146999999569189,-41.400599999712021],[-88.910700000237981,-41.384000000173998],[-88.764099999791455,-41.384800000031746],[-88.569099999833568,-41.370899999949614],[-88.295800000137234,-41.344599999806562],[-88.130399999932479,-41.328399999811438],[-88.02709999992301,-41.319799999849266],[-87.935199999958044,-41.309299999886115],[-87.86630000009869,-41.303599999778648],[-87.815799999964483,-41.300999999768081],[-87.781500000271791,-41.299900000329288],[-87.778399999566261,-41.348299999768244],[-87.768700000111465,-41.407100000265721],[-87.763000000089207,-41.445100000028631],[-87.751400000028156,-41.51759999997752],[-87.535200000113534,-41.486900000275128],[-87.388300000091363,-41.475700000130388],[-87.241200000052658,-41.455800000271971],[-87.055399999957359,-41.446899999938346],[-86.806899999617144,-41.406400000255978],[-86.652700000338697,-41.381500000119004],[-86.45069999980187,-41.366000000029622],[-86.259799999733929,-41.336499999947762],[-86.103600000290058,-41.321899999677342],[-85.968199999871544,-41.313900000217274],[-85.823599999590428,-41.300800000145777],[-85.745600000325922,-41.295300000330059],[-85.692600000434112,-41.287500000077848],[-85.707399999861522,-41.320100000016069],[-85.696799999883154,-41.347900000175912],[-85.677200000058761,-41.382700000223515],[-85.652900000294807,-41.410700000150875],[-85.639999999677073,-41.438500000100852],[-85.626800000381976,-41.455999999815198],[-85.60910000026557,-41.478699999952532],[-85.587300000259233,-41.5135000002212],[-85.453200000397359,-41.472799999805673],[-85.287499999718662,-41.444599999833429],[-85.079200000008257,-41.44650000000923],[-84.975299999949158,-41.420699999743533],[-84.84739999970175,-41.42980000024405],[-84.774199999935931,-41.434499999709729],[-84.716999999696753,-41.435499999683223],[-84.680400000262978,-41.436099999680437],[-84.657800000190477,-41.596500000111483],[-84.577500000286605,-41.592799999852204],[-84.49930000010724,-41.580400000138383],[-84.425900000324873,-41.576499999862534],[-84.375000000157598,-41.560099999669681],[-84.333499999869417,-41.5505000000515],[-84.30379999965885,-41.551000000165892],[-84.255299999690052,-41.687599999672507],[-84.050800000293947,-41.667099999773299],[-83.984200000175647,-41.661400000077549],[-83.970799999965706,-41.671900000183207],[-83.96300000021894,-41.714899999822791],[-83.95510000001471,-41.833300000272494],[-83.947500000284478,-41.883099999729509],[-83.93519999971636,-41.931200000243734],[-83.926999999936484,-41.960399999915566],[-83.860300000259073,-41.951299999667881],[-83.791600000416267,-41.952499999858858],[-83.738900000100102,-41.951700000014746],[-83.714400000319628,-41.972600000134939],[-83.701699999718414,-42.007000000118751],[-83.677599999970994,-42.043300000321288],[-83.648800000284027,-42.074499999784344],[-83.635800000107167,-42.098599999926655],[-83.637299999782073,-42.147999999810317],[-83.636400000156783,-42.192300000314575],[-83.630999999710184,-42.239999999709674],[-83.631599999759814,-42.258700000266778],[-83.637299999782073,-42.297800000189248],[-83.614699999709558,-42.381400000321129],[-83.602600000056299,-42.432499999986],[-83.597100000050588,-42.478399999755162],[-83.589399999862906,-42.524300000224734],[-83.574499999978059,-42.561800000232964],[-83.552899999988256,-42.602800000014398],[-83.53570000036234,-42.638600000187481],[-83.511500000157511,-42.671100000011769],[-83.478300000106643,-42.708799999790671],[-83.453899999885252,-42.734500000143044],[-83.441400000198911,-42.77359999994669],[-83.444999999598338,-42.815700000080632],[-83.437500000325528,-42.871400000100628],[-83.443400000364321,-42.913400000159548],[-83.440000000083117,-42.950499999780355],[-83.43610000020972,-42.974100000140758],[-83.432400000352885,-42.9994000001751],[-83.312600000326228,-42.976200000022146],[-83.239300000102972,-42.975700000201513],[-83.158899999741649,-42.96860000020812],[-83.089999999882309,-42.963100000160289],[-83.005200000055424,-42.959500000254963],[-82.934199999573224,-42.959000000098762],[-82.858799999625433,-42.963599999866958],[-82.808300000389551,-42.962799999831994],[-82.766899999660481,-42.956699999775431],[-82.727900000028242,-42.953999999926403],[-82.705999999564469,-42.984600000027115],[-82.680099999668172,-43.035500000136061],[-82.660899999876861,-43.081200000002774],[-82.641700000085564,-43.126800000233814],[-82.631399999682841,-43.163899999947802],[-82.617200000305061,-43.222699999903789],[-82.613600000007324,-43.254599999673246],[-82.607899999985065,-43.29149999995586],[-82.610999999792284,-43.314899999955941],[-82.607299999935421,-43.345000000229966],[-82.607699999968517,-43.356699999813905],[-82.615200000139637,-43.378299999975006],[-82.611199999808832,-43.396700000158091],[-82.618499999963404,-43.409999999973813],[-82.610700000216625,-43.453500000136728],[-82.597900000056313,-43.483699999722546],[-82.583000000171467,-43.517299999873543],[-82.558300000374444,-43.53609999970913],[-82.540699999817136,-43.556300000174794],[-82.527600000081165,-43.576500000265376],[-82.510500000014389,-43.615099999706977],[-82.500300000069089,-43.656899999683283],[-82.490399999699477,-43.705200000141808],[-82.493500000405021,-43.730099999756284],[-82.49429999957286,-43.756599999810149],[-82.493599999964147,-43.808099999799943],[-82.480799999803807,-43.838100000137288],[-82.463299999703949,-43.861599999914596],[-82.445199999554447,-43.868500000196676],[-82.41359999963592,-43.884000000007745],[-82.373599999920955,-43.922700000131449],[-82.351500000338945,-43.947899999988074],[-82.338900000195167,-43.984500000264084],[-82.305900000160833,-44.026400000217748],[-82.296300000265191,-44.086000000084056],[-82.287899999570456,-44.107600000292869],[-82.277499999608636,-44.142399999949951],[-82.260999999591462,-44.200300000019354],[-82.242300000290655,-44.259899999802506],[-82.236899999844056,-44.306100000216141],[-82.22930000011381,-44.355499999832482],[-82.225699999816072,-44.385099999709936],[-82.209300000256334,-44.444500000019865],[-82.199100000311063,-44.485600000038765],[-82.182200000260821,-44.528500000231418],[-82.169299999643059,-44.554900000251457],[-82.165199999753128,-44.571400000129834],[-82.150699999901377,-44.617400000141515],[-82.146399999994898,-44.627299999780348],[-82.141999999630997,-44.633899999858855],[-82.119999999608112,-44.660399999774818],[-82.106499999839059,-44.667200000241763],[-82.070199999980943,-44.677599999680716],[-82.056500000195356,-44.679499999738226],[-82.013599999791396,-44.69980000015385],[-82.002900000253916,-44.722799999921577],[-81.992900000325193,-44.766999999785384],[-81.989300000027441,-44.798100000066135],[-81.983899999580828,-44.843799999750516],[-81.969399999729077,-44.892899999693164],[-81.963499999690271,-44.92229999989938],[-81.955200000351297,-44.948400000161456],[-81.94060000004211,-44.994199999949181],[-81.853200000000186,-44.980999999734017],[-81.740700000128129,-44.971399999943451],[-81.653100000069642,-44.954999999971278],[-81.549499999586203,-44.937099999953475],[-81.404999999762524,-44.929700000274536],[-81.305999999659534,-44.913400000239371],[-81.197900000151378,-44.897300000253594],[-81.096299999833349,-44.872900000141648],[-80.925999999672499,-44.844699999802771],[-80.712100000397271,-44.817199999689663],[-80.548900000374474,-44.798700000006114],[-80.401499999861798,-44.771699999860687],[-80.242700000202902,-44.746600000126413],[-80.072299999584629,-44.718299999761697],[-79.886199999913657,-44.698500000018306],[-79.732199999753448,-44.681400000087613],[-79.536300000170272,-44.642099999736374],[-79.393300000021497,-44.60849999998824],[-79.220300000086496,-44.568699999818072],[-79.070300000257106,-44.535200000070489],[-78.976000000093663,-44.521999999922649],[-78.832799999928341,-44.483300000298442],[-78.687300000021963,-44.444700000134134],[-78.555800000375129,-44.41240000022318],[-78.500400000284827,-44.400200000064032],[-78.433600000150008,-44.386499999799639],[-78.403699999922893,-44.383700000163515],[-78.394999999652512,-44.398599999748583],[-78.382499999966171,-44.43659999975258],[-78.360800000417257,-44.474700000220771],[-78.339599999562211,-44.527500000246725],[-78.314000000139899,-44.585200000017785],[-78.299199999814178,-44.626300000069641],[-78.289199999885426,-44.67059999970698],[-78.28220000020481,-44.736100000054513],[-78.276700000199085,-44.780200000069506],[-78.264500000088404,-44.82770000013786],[-78.234599999861288,-44.894999999710144],[-78.220300000026086,-44.948900000064249],[-78.195200000195953,-45.024000000266135],[-78.150000000050937,-45.112399999711805],[-78.11310000014322,-45.176199999708125],[-78.076400000252036,-45.243099999841],[-78.046399999567498,-45.306700000199136],[-78.020400000112105,-45.352299999804856],[-77.985700000386331,-45.412599999862984],[-77.968899999895186,-45.459599999940068],[-77.951799999828395,-45.497000000200337],[-77.93210000044489,-45.524599999775184],[-77.912499999722186,-45.557099999717288],[-77.900099999594957,-45.597500000138545],[-77.894300000013573,-45.62979999982182],[-77.897199999804258,-45.650599999709264],[-77.883300000002123,-45.714999999736449],[-77.867099999560608,-45.781000000254075],[-77.858800000221621,-45.806800000106378],[-77.85239999969231,-45.821299999797894],[-77.584699999560797,-45.756699999910879],[-77.506100000246676,-45.735499999928017],[-77.38850000040199,-45.708499999817363],[-77.279999999962442,-45.684599999935301],[-77.150600000040143,-45.646500000153722],[-77.06959999962919,-45.622099999841886],[-76.974999999890116,-45.599500000004447],[-76.940300000164328,-45.588800000197629],[-76.910300000378115,-45.582900000203971],[-76.896900000168174,-45.592699999895984],[-76.877900000393396,-45.642899999935779],[-76.865100000233085,-45.668799999775118],[-76.843599999802407,-45.713999999931701],[-76.835400000022531,-45.741400000158663],[-76.822100000270012,-45.756100000029768],[-76.808599999602649,-45.762699999862413],[-76.779199999866066,-45.775999999728697],[-76.743300000041032,-45.79740000010689],[-76.728099999682243,-45.821700000044558],[-76.715599999995888,-45.86190000026987],[-76.700799999670153,-45.897299999756321],[-76.699299999995262,-45.922899999805971],[-76.684099999636459,-45.947100000143685],[-76.671199999917036,-45.972900000132064],[-76.659900000329927,-45.977799999900959],[-76.577099999770127,-45.968000000114522],[-76.478099999667123,-45.952000000034872],[-76.388199999867581,-45.932699999804008],[-76.277599999703526,-45.91040000023564],[-76.180900000239902,-45.896000000039493],[-76.109499999724619,-45.882800000023607],[-76.038199999666773,-45.872700000242347],[-75.972799999647734,-45.839100000215112]]},"properties":{"geogdesc":"NAZCA-ANTARCTIC SPREADING CENTER","type":"DIVERGENT","OBJECTID":163}},{"type":"Feature","id":164,"geometry":{"type":"LineString","coordinates":[[151.7810000000552,-9.9084999995582255],[151.88220000034016,-9.94399999966741],[152.00240000039983,-9.971300000121845],[152.20749999984562,-9.9768000003704156],[152.25399999964898,-9.9876999995692675]]},"properties":{"geogdesc":"SPREADING RIDGE, WOODLARK BASIN","type":"DIVERGENT","OBJECTID":164}},{"type":"Feature","id":165,"geometry":{"type":"LineString","coordinates":[[152.12000000024452,-10.064299999668474],[152.28400000033355,-10.072500000047526],[152.54369999980344,-10.07800000006617],[152.69409999966589,-10.086199999658264],[152.84720000020084,-10.124399999946185]]},"properties":{"geogdesc":"SPREADING RIDGE, WOODLARK BASIN","type":"DIVERGENT","OBJECTID":165}},{"type":"Feature","id":166,"geometry":{"type":"LineString","coordinates":[[152.85809999975484,-10.397800000408834],[153.05770000009321,-10.414199999709531],[153.19440000017008,-10.408800000000078],[153.46780000032388,-10.381400000331521],[153.53340000035939,-10.359499999693966],[153.81220000006152,-10.351299999739403],[153.89699999988838,-10.340399999743733],[154.13479999979282,-10.337699999967731],[154.17040000004218,-10.329499999630269],[154.19500000028012,-10.324000000286031],[154.2195999996197,-10.296699999799879],[154.23869999985195,-10.277499999873715]]},"properties":{"geogdesc":"SPREADING RIDGE, WOODLARK BASIN","type":"DIVERGENT","OBJECTID":166}},{"type":"Feature","id":167,"geometry":{"type":"LineString","coordinates":[[154.23319999984619,-9.9220999996665267],[154.51479999977983,-9.8647000000693552],[154.69249999965436,-9.7964000000490969],[154.82649999995715,-9.7608000002990725],[154.87020000042725,-9.7553999997713383]]},"properties":{"geogdesc":"SPREADING RIDGE, WOODLARK BASIN","type":"DIVERGENT","OBJECTID":167}},{"type":"Feature","id":168,"geometry":{"type":"LineString","coordinates":[[154.79639999971346,-9.8537999999424049],[154.90849999955248,-9.8565000001771814],[154.95770000002832,-9.8510999997339486],[155.02610000029546,-9.8401000004417778],[155.1052999996592,-9.8181999999161036],[155.16819999992063,-9.788200000357822],[155.23110000018207,-9.7417000002809537]]},"properties":{"geogdesc":"SPREADING RIDGE, WOODLARK BASIN","type":"DIVERGENT","OBJECTID":168}},{"type":"Feature","id":169,"geometry":{"type":"LineString","coordinates":[[155.19280000015857,-9.6514999999085269],[155.24749999974182,-9.6132000004322578],[155.32409999978884,-9.5804000002741816],[155.40330000005093,-9.5502999996188365],[155.49350000032445,-9.5229999998502066]]},"properties":{"geogdesc":"SPREADING RIDGE, WOODLARK BASIN","type":"DIVERGENT","OBJECTID":169}},{"type":"Feature","id":170,"geometry":{"type":"LineString","coordinates":[[155.49629999965768,-9.6077000001558108],[155.59740000038357,-9.553099999849378],[155.63020000040132,-9.553099999849378]]},"properties":{"geogdesc":"SPREADING RIDGE, WOODLARK BASIN","type":"DIVERGENT","OBJECTID":170}},{"type":"Feature","id":171,"geometry":{"type":"LineString","coordinates":[[155.61929999994896,-9.6158999997481853],[155.74509999957357,-9.5722000001888485],[155.83260000007292,-9.5448999997217676],[155.87900000031721,-9.539399999674945]]},"properties":{"geogdesc":"SPREADING RIDGE, WOODLARK BASIN","type":"DIVERGENT","OBJECTID":171}},{"type":"Feature","id":172,"geometry":{"type":"LineString","coordinates":[[155.81890000028736,-9.6158999997481853],[156.01299999972164,-9.5722000001888485]]},"properties":{"geogdesc":"SPREADING RIDGE, WOODLARK BASIN","type":"DIVERGENT","OBJECTID":172}},{"type":"Feature","id":173,"geometry":{"type":"LineString","coordinates":[[156.04029999973372,-9.5885999998101088],[156.11959999955482,-9.5613000000185018]]},"properties":{"geogdesc":"SPREADING RIDGE, WOODLARK BASIN","type":"DIVERGENT","OBJECTID":173}},{"type":"Feature","id":174,"geometry":{"type":"LineString","coordinates":[[156.08950000020954,-9.4273000003371727],[156.16060000025084,-9.3999999996633701]]},"properties":{"geogdesc":"SPREADING RIDGE, WOODLARK BASIN","type":"DIVERGENT","OBJECTID":174}},{"type":"Feature","id":175,"geometry":{"type":"LineString","coordinates":[[156.13050000000717,-9.2987999997792894],[156.21799999960825,-9.2659999998986873],[156.28909999964952,-9.2441000000130025],[156.35740000035761,-9.2413999995829137],[156.46950000019655,-9.2112999999941092]]},"properties":{"geogdesc":"SPREADING RIDGE, WOODLARK BASIN","type":"DIVERGENT","OBJECTID":175}},{"type":"Feature","id":176,"geometry":{"type":"LineString","coordinates":[[-105.84399999979117,17.996700000217121],[-105.41110000036976,17.98800000036746],[-105.55190000033657,17.015500000316518],[-105.40019999991742,17.766800000277861]]},"properties":{"geogdesc":"RIDGE S OF RIVERA PLATE, E. PACIFIC","type":"DIVERGENT","OBJECTID":176}},{"type":"Feature","id":177,"geometry":{"type":"LineString","coordinates":[[-124.06939999975768,40.045299999943012],[-124.06059999992817,40.032199999770782],[-124.04670000012605,40.014000000277655],[-124.03539999964065,39.995499999909839],[-124.02679999982767,39.971699999693577],[-124.01829999957384,39.950399999720105],[-124.01069999984361,39.924300000265553],[-124.00290000009683,39.895599999801341],[-123.9968999996006,39.866499999980775],[-123.99410000026732,39.825599999708324],[-123.99510000035002,39.807800000317833],[-123.99760000010762,39.781000000057709],[-123.99960000027303,39.761899999910781],[-123.9994000002565,39.746900000116277],[-123.99920000023995,39.728099999709023],[-123.9984999997329,39.711899999659167],[-123.9974999996502,39.695099999922128],[-123.99649999956749,39.680800000095985],[-123.99310000018461,39.664700000048072],[-123.99139999959486,39.655500000325901],[-123.98330000027242,39.620399999713314],[-123.97279999985317,39.582099999970808],[-123.96219999987481,39.542699999985338],[-123.95360000006184,39.509500000286678],[-123.9411000003755,39.460400000313989],[-123.92790000018209,39.418500000012379],[-123.91400000037997,39.382400000218318],[-123.89830000042899,39.341399999858751],[-123.88619999987739,39.30230000025891],[-123.87430000024067,39.269400000001404],[-123.85399999990923,39.229099999664513],[-123.82899999963823,39.188799999912789],[-123.81010000032087,39.160999999814003],[-123.78000000007724,39.120199999970069],[-123.75379999970698,39.084500000213161],[-123.72419999995385,39.039300000042772],[-123.70480000014601,39.01070000012033],[-123.69340000010148,38.996699999874323],[-123.66750000020518,38.961500000255114],[-123.63840000004424,38.927600000249022],[-123.60219999974524,38.884899999969001],[-123.55970000027267,38.842699999794462],[-123.50900000012194,38.787699999672199],[-123.46880000039043,38.741399999722077],[-123.42180000009655,38.695399999836276],[-123.37239999960417,38.64419999984321],[-123.32970000011505,38.601300000270676],[-123.28469999998656,38.554899999698158],[-123.23510000037597,38.508299999824374],[-123.19019999980659,38.463299999737643],[-123.15420000042246,38.427299999880155],[-123.11900000020617,38.392600000286393],[-123.07230000038626,38.340900000308345],[-123.03229999977297,38.295699999838455],[-122.98350000022855,38.24819999972582],[-122.9338000001605,38.195299999911384],[-122.90249999981759,38.158399999911097],[-122.86849999970056,38.119899999773033],[-122.8382999998978,38.083999999922447],[-122.7971999996427,38.035699999980906],[-122.76610000021466,38.001300000015384],[-122.72339999982727,37.958500000186113],[-122.68070000033815,37.910800000059524],[-122.64349999995646,37.87279999973105],[-122.61900000017597,37.85379999983234],[-122.59949999991068,37.822299999813289],[-122.58130000020206,37.787999999701846],[-122.55970000021227,37.745799999823973],[-122.53550000000743,37.712800000143396],[-122.50969999967026,37.684900000152915],[-122.47510000040189,37.649200000277524],[-122.44999999967347,37.618399999854894],[-122.41619999957297,37.584499999947951],[-122.38220000035426,37.546600000292713],[-122.35219999966972,37.515100000092161],[-122.32299999994967,37.475000000086688],[-122.29409999980525,37.453299999760226],[-122.26089999975441,37.411299999998135],[-122.22869999978622,37.37730000000284],[-122.1987,37.344699999840742],[-122.16209999966794,37.308200000035242],[-122.12180000037732,37.275499999840328],[-122.07990000005607,37.241499999968184],[-122.03850000022533,37.211099999945468],[-122.00459999966741,37.180800000132869],[-121.96430000037678,37.151199999898118],[-121.94170000030429,37.129600000095245],[-121.89739999978454,37.099799999807075],[-121.85800000011922,37.074200000286865],[-121.81840000043732,37.051699999949399],[-121.77870000029803,37.029599999900576],[-121.74339999962433,37.00440000032669],[-121.71150000013012,36.974199999689581],[-121.68159999990301,36.951599999830314],[-121.64280000028731,36.921800000034693],[-121.60439999980635,36.894400000346018],[-121.56520000015757,36.869699999876019],[-121.52249999977015,36.837800000156797],[-121.47550000037455,36.806300000191158],[-121.42469999976637,36.771599999644394],[-121.37379999959911,36.741299999937183],[-121.32809999986186,36.712199999846284],[-121.28529999991535,36.678400000025732],[-121.2467000003162,36.649599999711477],[-121.19130000022589,36.604700000025723],[-121.14180000017436,36.56430000033437],[-121.11189999994728,36.536700000061288],[-121.07079999969218,36.496700000216734],[-121.0316000000434,36.456200000353732],[-121.00399999955734,36.426600000200196],[-120.96689999963307,36.390399999878099],[-120.92660000034248,36.354799999725024],[-120.88000000008167,36.312799999782833],[-120.83190000014595,36.268200000326608],[-120.80369999961029,36.236999999653264],[-120.77220000014917,36.213299999945008],[-120.73690000037378,36.175100000271883],[-120.70050000005823,36.142799999869787],[-120.66930000017277,36.113199999717516],[-120.63280000029813,36.078599999696856],[-120.60399999971285,36.050000000259061],[-120.5719999997612,36.021499999975383],[-120.5322000000628,35.983599999880298],[-120.49459999964803,35.949900000245371],[-120.4611999995806,35.917700000210537],[-120.41329999966142,35.876599999855074],[-120.37430000002918,35.843199999645336],[-120.33769999969712,35.805600000325811],[-120.3086000004345,35.766099999746629],[-120.28640000039506,35.730199999747342],[-120.26570000003052,35.708900000196543],[-120.22969999974808,35.676200000028871],[-120.20159999966985,35.649699999982218],[-120.16669999992752,35.618999999673292],[-120.12400000043843,35.580100000027748],[-120.08439999985825,35.543900000058507],[-120.04859999959233,35.512099999802984],[-120.01979999990536,35.477400000357385],[-119.98670000031191,35.442000000176527],[-119.95279999975399,35.411099999750554],[-119.91790000001168,35.373300000149072],[-119.88269999979539,35.333300000062671],[-119.84430000021277,35.295799999783746],[-119.80669999979797,35.264999999705452],[-119.76970000033114,35.230799999635572],[-119.72570000028536,35.195399999920866],[-119.68560000011298,35.162000000190517],[-119.63200000017156,35.115399999677109],[-119.58639999999343,35.080600000191836],[-119.5387000000908,35.041099999688115],[-119.48940000005584,35.003899999874065],[-119.47109999988982,34.987400000008762],[-119.45410000028045,34.975999999672965],[-119.43629999970662,34.963399999677023],[-119.41640000030654,34.952500000022702],[-119.38890000027796,34.936999999956122],[-119.36690000025506,34.928699999633587],[-119.3455999998409,34.919800000296775],[-119.32310000022582,34.912699999863833],[-119.30429999956927,34.906600000319749],[-119.27979999978876,34.900299999939755],[-119.2567999996832,34.894200000221254],[-119.22860000004582,34.884999999679366],[-119.20410000026536,34.880800000252371],[-119.17669999979586,34.875299999916152],[-119.15159999996571,34.872200000306599],[-119.13229999971698,34.870400000266685],[-119.09960000015663,34.867699999656153],[-119.0686000002877,34.859400000270341],[-119.04540000016557,34.853099999687117],[-119.02970000021456,34.846999999990452],[-118.99779999982205,34.840100000215045],[-118.96869999966111,34.8381000001472],[-118.94399999986408,34.835599999749682],[-118.90810000003903,34.830199999832516],[-118.8681999998832,34.819400000300689],[-118.83259999963384,34.810699999701576],[-118.79640000023315,34.803000000347836],[-118.7465999997077,34.793600000233361],[-118.68179999973826,34.771200000032039],[-118.63520000037579,34.758400000266988],[-118.58880000013151,34.74520000015017],[-118.54429999959521,34.730999999840591],[-118.48949999955454,34.714799999956035],[-118.43399999990511,34.692399999687574],[-118.3697999999853,34.67400000027601],[-118.30829999983966,34.657000000032852],[-118.24489999998603,34.633099999637992],[-118.18940000033662,34.610899999919255],[-118.13129999957386,34.587600000143155],[-118.08040000030489,34.566400000298835],[-118.01500000028585,34.540699999783129],[-117.96960000012427,34.522900000009386],[-117.912300000326,34.498800000197114],[-117.85410000000412,34.472500000107992],[-117.79230000028279,34.44189999991282],[-117.74449999992277,34.422899999910719],[-117.68559999999212,34.399700000248224],[-117.63050000037579,34.379000000270239],[-117.57980000022503,34.36119999970893],[-117.53119999979884,34.342600000229538],[-117.48810000027665,34.320500000230979],[-117.48910000035933,34.321199999829872],[-117.42880000031295,34.289000000047544],[-117.37810000016221,34.264599999848578],[-117.32619999991221,34.234200000115642],[-117.2913000001699,34.216200000359372],[-117.24779999971631,34.194500000095545],[-117.18150000007198,34.176899999863544],[-117.1354999998608,34.166399999857141],[-117.0859999998093,34.155400000324178],[-117.03079999973551,34.144900000305093],[-116.98739999973937,34.131500000195658],[-116.93889999977057,34.119100000208164],[-116.89780000041381,34.106000000189191],[-116.84129999978337,34.097799999653297],[-116.79350000032163,34.089199999678222],[-116.75770000005572,34.090300000197232],[-116.71810000037384,34.086300000275315],[-116.67980000035034,34.076999999821282],[-116.63890000011178,34.06509999999647],[-116.59280000034147,34.043299999704288],[-116.5576999996843,34.02470000034247],[-116.50540000029955,33.996799999922565],[-116.45690000033073,33.960700000359147],[-116.4164999996844,33.931900000023042],[-116.37529999987021,33.904500000183816],[-116.33300000041417,33.873499999797893],[-116.28729999977864,33.83460000025719],[-116.25890000012475,33.812999999731112],[-116.21599999972078,33.782899999724059],[-116.19630000033729,33.745100000136176],[-116.1684000002756,33.725600000210143],[-116.13549999980039,33.697500000161703],[-116.11169999962861,33.675100000355087],[-116.09819999985956,33.664700000226325],[-116.09109999972151,33.659400000226789],[-116.08320000041562,33.652300000271559],[-116.06299999964328,33.636199999989763],[-116.04419999988504,33.623400000291802],[-116.02800000034183,33.611500000138719],[-116.02179999982907,33.604999999735561],[-116.01349999959177,33.604300000343272],[-115.99629999996586,33.593700000085811],[-115.97229999977759,33.575800000216745],[-115.95909999958418,33.560699999730581],[-115.94610000030562,33.547599999673857],[-115.94250000000788,33.541800000305784],[-115.94069999985902,33.524899999870549],[-115.92709999963256,33.509199999634852],[-115.90909999994048,33.498100000372318],[-115.90489999959311,33.494200000322401],[-115.8783000000881,33.466200000067225],[-115.85349999983363,33.44879999987937],[-115.8357000001581,33.433199999709537],[-115.81379999969434,33.414200000306366],[-115.79700000010152,33.404999999750146],[-115.77660000021095,33.391399999946309],[-115.7583000000449,33.379100000108679],[-115.73420000029752,33.366000000321861],[-115.72260000023643,33.357600000227734],[-115.71579999967405,33.340800000009288]]},"properties":{"geogdesc":"SAN ANDREAS FAULT, WESTERN NORTH AMERICA","type":"TRANSFORM","OBJECTID":177}},{"type":"Feature","id":178,"geometry":{"type":"LineString","coordinates":[[-72.203799999646364,6.9777000003192136],[-72.185500000378653,6.9481999997567074],[-72.162700000289604,6.9254000001819591],[-72.126299999974066,6.889000000231996],[-72.08980000009943,6.8593999995733217],[-72.039499999981757,6.8342999998257055],[-71.99160000006259,6.8137999998035017],[-71.925399999977373,6.7841000003480936],[-71.895600000207708,6.7839999998106428],[-71.865999999556237,6.7657999998874407],[-71.836300000243995,6.7429999997386787],[-71.804399999851483,6.7224999999981438],[-71.799800000369359,6.6997999998574489],[-71.774800000098338,6.6520000000217303],[-71.754400000207781,6.5906999997820472],[-71.749999999843894,6.5338999996023439],[-71.752400000042371,6.4771000000812826],[-71.759399999722987,6.4339999997651187],[-71.768599999585575,6.3885999996401477],[-71.773199999966025,6.37720000032333],[-71.784699999569668,6.3522999999587135],[-71.789299999950089,6.3341000002871573],[-71.810000000314631,6.3181999999033707],[-71.828299999582356,6.297799999566827],[-71.858100000250332,6.2660999998731501],[-71.871899999595058,6.2433999998877798],[-71.887900000020025,6.2253000000924876],[-71.906299999745173,6.1867000001213208],[-71.920099999988196,6.143499999783427],[-71.931700000049261,6.0980999996774621],[-71.945500000292284,6.0617999999547951],[-71.959299999636983,6.011800000437467],[-71.973099999880006,5.9686000003495394],[-71.989300000321506,5.9073000002303475],[-72.005400000305599,5.8641000002542611],[-72.028400000411182,5.823199999979277],[-72.055900000439792,5.7777999996339684],[-72.078800000087966,5.7505999999461386],[-72.110899999598715,5.7165000001129762],[-72.143000000007774,5.6779000003058746],[-72.170599999595495,5.643899999759773],[-72.195799999883022,5.6144000004163228],[-72.227900000292109,5.5734999997750654],[-72.253099999681339,5.5416999996651288],[-72.27600000022781,5.5122000003058904],[-72.301300000074463,5.4804000002781654],[-72.326500000362017,5.4485999996307912],[-72.369999999917269,5.4032000001512692],[-72.404400000067412,5.3669000001897551],[-72.44339999969965,5.3305999995990776],[-72.489199999894296,5.2850999996571648],[-72.537299999830012,5.2397000003566054],[-72.596900000267667,5.2035000003858309],[-72.635899999899934,5.1556999998754538],[-72.690800000398028,5.1102999998259886],[-72.702300000001671,5.105799999666508],[-72.784699999630078,5.058200000006944],[-72.841899999869256,5.0150999998578492],[-72.896899999926475,4.9627999999024199],[-72.956500000364144,4.9082999996208478],[-73.006900000040915,4.856099999731855],[-73.089400000126759,4.7901999998485643],[-73.16039999971062,4.7312000002259955],[-73.213100000026785,4.6879999995872845],[-73.261199999962514,4.6470999997706048],[-73.309299999898215,4.6038999997683492],[-73.350600000169848,4.5676000004256316],[-73.382600000121485,4.5425999998131212],[-73.40780000040904,4.524400000254678],[-73.426200000134173,4.5017000002537237],[-73.462799999567935,4.469899999905004],[-73.497199999718035,4.456300000288314],[-73.53609999979119,4.4380999999353428],[-73.572700000123262,4.4199999999879065],[-73.606999999815955,4.3995999997632165],[-73.636799999585648,4.3723000000856773],[-73.68490000041966,4.3291000001376556],[-73.733099999914486,4.2768000003496516],[-73.788099999971706,4.1972000002259238],[-73.840899999846982,4.1334999997000939],[-73.893600000163147,4.0628999997588435],[-73.934900000434766,4.005999999654251],[-73.985399999670648,3.9400000002927222],[-74.033499999606377,3.8808000001799643],[-74.072500000136927,3.8284000004095411],[-74.102400000364028,3.7852000002580022],[-74.123000000271148,3.7693000002508441],[-74.148199999660363,3.7465000003527726],[-74.18250000025138,3.7214999997210527],[-74.23519999966922,3.6896999999960651],[-74.251200000094187,3.6760999999702033],[-74.269599999819349,3.6556000003197044],[-74.333599999722594,3.6374999996916286],[-74.390799999961786,3.6148000001346667],[-74.429799999594024,3.5874999996519894],[-74.482499999910175,3.5352000001346759],[-74.523800000181808,3.4850999998126402],[-74.564999999996004,3.432700000285771],[-74.592599999583726,3.3985999996558798],[-74.633800000296247,3.346199999741136],[-74.672799999928515,3.293800000305307]]},"properties":{"geogdesc":"BOCONO FAULT, SOUTH AMERICA","type":"TRANSFORM","OBJECTID":178}},{"type":"Feature","id":179,"geometry":{"type":"LineString","coordinates":[[-74.672799999928515,3.293800000305307],[-74.732499999925281,3.2049000003299795],[-74.746300000168304,3.1752999996773354],[-74.769199999816465,3.1342000004004831],[-74.78079999987753,3.100000000268615],[-74.806000000165085,3.0567000003549678],[-74.824399999890232,3.0202000000342788],[-74.863400000420796,2.9496000001126332],[-74.877300000222931,2.9084999998894383],[-74.893400000207009,2.867499999987341],[-74.925499999717758,2.8035999999847099],[-74.969099999730446,2.7420999996797342],[-75.010400000002079,2.6897000004278175],[-75.074599999921872,2.6236000000176718],[-75.102099999950497,2.5962999995568006],[-75.159399999748771,2.5370000003459197],[-75.205199999943432,2.4960000003565987],[-75.264800000381086,2.4414000003012646],[-75.308299999936366,2.4049000002640009],[-75.363299999993586,2.3661999998867009],[-75.429700000095337,2.3070000000943773],[-75.464100000245452,2.2843000002713936],[-75.523600000225699,2.2386999997391692],[-75.573999999902483,2.1999999997575559],[-75.606100000311514,2.1772999998655411],[-75.649599999866794,2.1499999997269366],[-75.702199999725522,2.1204000000425554],[-75.727400000013077,2.1067000004365255],[-75.812100000280864,2.0612999999163892],[-75.86479999969869,2.0271000000388382],[-75.924299999678937,1.9976000002415353],[-75.960900000011009,1.9840000004237197],[-76.031800000035773,1.9522000004044675],[-76.100499999878579,1.9271999999531992],[-76.157700000117771,1.9067999998626142],[-76.21259999971754,1.8817999998622215],[-76.265300000033704,1.8430999998509525],[-76.308799999588985,1.8112000000647446],[-76.34769999966214,1.7815999998453942],[-76.411899999581905,1.7222999997447721],[-76.475999999942601,1.6654000001445393],[-76.524200000335739,1.6129000002342597],[-76.569999999632074,1.574199999837711],[-76.609000000162652,1.5218000001701597],[-76.647999999794891,1.4669999999822707],[-76.687000000325455,1.416799999649204],[-76.719099999836189,1.3665999999155576],[-76.771899999711465,1.2958999996352079],[-76.817699999906111,1.2503000002856917],[-76.884199999566988,1.1772999998359226],[-76.934600000142069,1.1249000000824962],[-76.971300000033267,1.0861000003517385],[-76.998800000061863,1.0634000002549089],[-77.028599999831542,1.0153999999429963],[-77.079099999965749,0.94929999985948055],[-77.083599999888762,0.94699999977054161],[-77.152299999731582,0.8969000003371278],[-77.22570000041226,0.83079999990624454],[-77.275999999631608,0.81030000006057401],[-77.580700000128289,0.42939999982292476]]},"properties":{"geogdesc":"BOCONO FAULT, SOUTH AMERICA","type":"TRANSFORM","OBJECTID":179}},{"type":"Feature","id":180,"geometry":{"type":"LineString","coordinates":[[-72.203799999646364,6.9777000003192136],[-72.247399999659066,6.9884000002391842],[-72.288899999947233,7.0366000004313323],[-72.334999999717525,7.0782999998034164],[-72.383200000110676,7.1264999996514788],[-72.446700000421728,7.1901000004056721],[-72.502099999613719,7.2428999998985901]]},"properties":{"geogdesc":"BOCONO FAULT, NW SOUTH AMERICA","type":"TRANSFORM","OBJECTID":180}},{"type":"Feature","id":181,"geometry":{"type":"LineString","coordinates":[[-72.502099999613719,7.2428999998985901],[-72.508100000109962,7.244899999907541],[-72.54529999959334,7.277800000198666],[-72.562900000150648,7.2908999997176949],[-72.560699999968691,7.2908999997176949],[-72.584799999716083,7.3149999998999933],[-72.622000000097799,7.3566999999696367],[-72.648199999569727,7.4047999997472047],[-72.665600000110487,7.4506000004191977],[-72.671999999741502,7.4921000000180404],[-72.669600000441307,7.5314000002976016],[-72.667400000259363,7.5553000002799813],[-72.673799999890363,7.5881000001115915],[-72.673700000331252,7.6252000004358615],[-72.66030000012131,7.6664999997018128],[-72.635899999899934,7.7079000001946198],[-72.620399999965471,7.7383000001381221],[-72.600499999667107,7.7622000003918803],[-72.569499999798182,7.7882000002114617],[-72.549699999957241,7.8034000002823891],[-72.501199999988444,7.8228000002808304]]},"properties":{"geogdesc":"BOCONO FAULT, NW SOUTH AMERICA","type":"TRANSFORM","OBJECTID":181}},{"type":"Feature","id":182,"geometry":{"type":"LineString","coordinates":[[-72.501199999988444,7.8228000002808304],[-72.417400000244257,7.8748000000775331],[-72.344599999613209,7.9180999999705071],[-72.274000000062387,7.9765999996859556],[-72.168099999837892,8.039299999879205],[-72.104099999934633,8.0891999998726476],[-72.042300000213316,8.1347000000455836],[-71.998100000150998,8.1714999996323439],[-71.942999999636356,8.2038999996537267],[-71.892199999926504,8.2451000000820045],[-71.847999999864172,8.2862999997794677],[-71.812700000088782,8.3166000000301334],[-71.80159999961991,8.3339999999226162],[-71.764099999662562,8.3708000001396474],[-71.750799999910043,8.3903000000403694],[-71.728700000328061,8.4119999998475041],[-71.68459999982484,8.4358000003896993],[-71.642700000401888,8.4552000001932743],[-71.58320000042167,8.4896999998030385],[-71.545699999565997,8.5134999998000342],[-71.521399999802043,8.5287000003286941],[-71.475100000015203,8.5414999996400045],[-71.426699999605518,8.5609000002159963],[-71.338599999954852,8.5736000003354977],[-71.285699999622153,8.5864000003724446],[-71.232899999746877,8.601399999588514],[-71.186599999960038,8.6099000003192749],[-71.147000000278169,8.627199999695959],[-71.094099999945456,8.6508999999048051],[-71.063199999635657,8.6702999999103447],[-71.014600000107748,8.7158000002825347],[-70.965999999681515,8.7613000003586539],[-70.935100000270026,8.7937000002004382],[-70.879900000196258,8.8239000002441266],[-70.804900000281563,8.8736000001027389],[-70.758599999596413,8.9017000001662385],[-70.727700000184925,8.9232999996680391],[-70.694599999693153,8.9536000000151663],[-70.652599999812793,8.9947000001049169],[-70.61500000029632,9.040199999978956],[-70.570800000234001,9.0855999997112313],[-70.535499999560301,9.1137000000880803],[-70.480300000384858,9.1568999995795153],[-70.422900000129133,9.1978999998153039],[-70.369900000237323,9.2412000001723573],[-70.312499999981611,9.2909000000180431],[-70.246299999896394,9.338300000095785],[-70.202200000291512,9.3685999996676834],[-70.162500000152207,9.3943999999948797],[-70.111700000442326,9.4354999999756917],[-70.054300000186629,9.4764999997307449],[-70.014600000047324,9.506699999614451],[-69.974899999908033,9.5238999996234419],[-69.9153999999278,9.5430999996352011],[-69.824999999637726,9.5970000003678706],[-69.761100000191917,9.6271000000643312],[-69.6639999997969,9.683100000037328],[-69.564799999677348,9.7281999996447439],[-69.481100000390583,9.7691000000094963],[-69.395099999566114,9.8077000000079657],[-69.344400000313684,9.8356999995687353],[-69.280400000410438,9.8766000002322176],[-69.227500000077754,9.911100000308684],[-69.159099999810579,9.9475999996556155],[-69.106200000376191,9.9733999996402662],[-69.031199999563185,10.009900000286695],[-68.97609999994684,10.033599999648649],[-68.938599999989492,10.05289999989227],[-68.885699999656808,10.078700000076266],[-68.837199999687996,10.114800000369216]]},"properties":{"geogdesc":"BOCONO FAULT, NW SOUTH AMERICA","type":"TRANSFORM","OBJECTID":182}},{"type":"Feature","id":183,"geometry":{"type":"LineString","coordinates":[[-68.837199999687996,10.114800000369216],[-68.830600000040462,10.115300000201593],[-68.779899999889722,10.141000000059517],[-68.740199999750416,10.160400000051546],[-68.691699999781619,10.188300000090402],[-68.59679999956856,10.242100000063314],[-68.543900000134173,10.280799999726478],[-68.488700000060405,10.313000000351057],[-68.444599999557198,10.330200000004245],[-68.400499999952316,10.358099999925903],[-68.362999999994955,10.377400000060012],[-68.327799999778691,10.396800000180434],[-68.277099999627922,10.420399999631963],[-68.252799999863967,10.428899999566797],[-68.182200000313173,10.491899999606098],[-68.184399999596806,10.489699999888012],[-68.100799999869153,10.492999999781969],[-68.032700000075977,10.497000000288416],[-67.951200000072845,10.516100000230303],[-67.880799999640274,10.520100000192571],[-67.805900000183001,10.526299999786529],[-67.761900000137217,10.538299999977241],[-67.676100000227621,10.548800000032918],[-67.632100000181836,10.55070000040636],[-67.57040000001966,10.559100000375569],[-67.491199999757598,10.569600000270041],[-67.409699999754451,10.577900000029715],[-67.341500000402149,10.586300000418259],[-67.290899999810506,10.594700000228402],[-67.227000000364711,10.605299999840684],[-67.167599999943576,10.617999999715066],[-67.116899999792821,10.628599999611907],[-67.042099999894674,10.637000000384893],[-66.978200000448837,10.645300000218468],[-66.883599999811409,10.647100000130106],[-66.833000000118105,10.653399999960659],[-66.771400000413351,10.655300000051895],[-66.709799999810272,10.659399999768919],[-66.650400000287448,10.663499999881934],[-66.597499999954763,10.669700000209874],[-66.538100000431939,10.673800000098836],[-66.502900000215661,10.682300000068796],[-66.421499999771655,10.686299999596564],[-66.337799999586565,10.688099999671374],[-66.269600000234263,10.685699999848444],[-66.197100000077157,10.683199999612599],[-66.133300000190459,10.680799999905453],[-66.058500000292284,10.679999999614655],[-65.98589999967777,10.673699999639743],[-65.917700000325468,10.646900000174428],[-65.807700000211028,10.624300000059012],[-65.730799999690021,10.60450000009736],[-65.66269999989683,10.593399999940218],[-65.605499999657653,10.586700000037411],[-65.554899999964334,10.580000000280885],[-65.508699999736606,10.577699999844782],[-65.453800000136809,10.553599999731324],[-65.363700000320748,10.538099999638192],[-65.275700000229179,10.526900000426131],[-65.198700000149074,10.526599999810678],[-65.09099999977569,10.508900000045745],[-65.024999999707035,10.500000000058048],[-64.948100000084352,10.488800000072258],[-64.908500000402455,10.484299999720736],[-64.875500000368135,10.479900000285229],[-64.873300000186191,10.479900000285229],[-64.811699999583112,10.483899999625265],[-64.730300000037417,10.485800000334407],[-64.637899999581947,10.474599999728781],[-64.565400000323166,10.467800000290513],[-64.505999999902045,10.46319999959236],[-64.45760000039067,10.465200000404451],[-64.404799999617083,10.460600000021772],[-64.341100000187794,10.445199999869203],[-64.272899999937195,10.442800000019657],[-64.182699999663669,10.435900000178464],[-64.092500000288481,10.424699999969757],[-64.028799999960881,10.420100000167171],[-63.971599999721704,10.417700000235058],[-63.885799999812093,10.417399999937802],[-63.83740000030074,10.412800000158382],[-63.749400000209185,10.410300000218495]]},"properties":{"geogdesc":"BOCONO FAULT, NW SOUTH AMERICA","type":"TRANSFORM","OBJECTID":183}},{"type":"Feature","id":184,"geometry":{"type":"LineString","coordinates":[[-58.941500000074249,10.559300000311081],[-59.181700000177159,10.559799999580513],[-59.491800000222135,10.589900000274815],[-59.808600000372067,10.659299999872921],[-60.195400000023177,10.725599999876099],[-60.448899999878599,10.706499999660849],[-60.815899999688767,10.66779999996915],[-61.059399999615444,10.648599999587086],[-61.463100000215121,10.606799999792507],[-61.853500000163969,10.568199999886223],[-62.297199999580293,10.539500000167234],[-62.887599999900559,10.491499999616373],[-63.749400000209185,10.410300000218495]]},"properties":{"geogdesc":"BOCONO TRANSFORM FAULT, N. SOUTH AMERICA","type":"TRANSFORM","OBJECTID":184}},{"type":"Feature","id":185,"geometry":{"type":"LineString","coordinates":[[-77.580700000128289,0.42939999982292476],[-77.844799999962063,0.1429999999098211],[-77.975199999967074,-0.0067999996481213267],[-78.202599999909665,-0.33319999997215016],[-78.436699999957227,-0.6463000002120397],[-78.734199999858419,-0.95919999964044045],[-79.045299999986099,-1.3954999997717581],[-79.299399999891136,-1.6951000001635288],[-79.490099999942544,-1.9814000000333123],[-79.640699999821578,-2.2443999997809811],[-79.787799999860283,-2.4207999998831946],[-79.839999999685929,-2.5000000004107341],[-79.918199999865294,-2.5805000003343372],[-80.038599999941553,-2.7369000001632151],[-80.158899999560404,-2.8732000003022353],[-81.989999999636183,-4.8900000002256805]]},"properties":{"geogdesc":"BOCONO TRANSFORM FAULT, N. SOUTH AMERICA","type":"TRANSFORM","OBJECTID":185}},{"type":"Feature","id":186,"geometry":{"type":"LineString","coordinates":[[-78.435600000315418,18.431500000398003],[-78.324800000134786,18.456899999843063],[-78.141299999780557,18.471000000107356],[-78.014700000089832,18.466400000232369],[-77.938599999635002,18.456500000372518]]},"properties":{"geogdesc":"SE CAYMAN TROUGH TRANSFORM FAULT","type":"TRANSFORM","OBJECTID":186}},{"type":"Feature","id":187,"geometry":{"type":"LineString","coordinates":[[-74.354500000103656,11.231999999842049],[-74.345799999833289,11.219000000189959],[-74.330499999915361,11.180099999977806],[-74.310900000090967,11.141199999624956],[-74.28910000008463,11.093600000049166],[-74.282599999996208,11.06980000029295],[-74.273899999725813,11.041699999680512],[-74.26529999991287,10.996299999629152]]},"properties":{"geogdesc":"ROMERAL-SANTA MARTA TRANSFORM FAULT","type":"TRANSFORM","OBJECTID":187}},{"type":"Feature","id":188,"geometry":{"type":"LineString","coordinates":[[-74.265400000370306,10.991999999868259],[-74.241400000182011,10.929300000345574],[-74.206500000439689,10.859999999748085],[-74.173799999981,10.794999999728727],[-74.151999999974663,10.736599999615569],[-74.121499999697932,10.669500000093031],[-74.088800000137553,10.606599999929461],[-74.069299999872285,10.539500000167234],[-74.036699999871033,10.43770000022325],[-74.004200000327202,10.327199999926112],[-73.980299999698019,10.249200000417737],[-73.947699999696766,10.155900000139537],[-73.919500000059415,10.075700000197809],[-73.897799999612189,10.001900000395326],[-73.852099999874966,9.8652000003926315],[-73.821799999614782,9.7545000003233344],[-73.796000000175923,9.6220999998716792],[-73.761199999992726,9.5157000001124139],[-73.715599999814629,9.3743999999702012],[-73.674400000000418,9.2462000001190123],[-73.637500000092686,9.1373999997473643],[-73.591800000355462,9.0026000002292932],[-73.539599999631491,8.8676000003603779],[-73.500500000440155,8.743499999901811],[-73.446199999991649,8.5932000000786548],[-73.402700000436369,8.4690000000988235],[-73.376700000082678,8.3666000004323049],[-73.335500000268468,8.2402000000499083],[-73.300700000085271,8.1354999995580002],[-73.274600000172441,8.0634999995978305],[-73.25719999963168,8.0242999996122037],[-73.213399999602444,7.9608999997333907],[-73.171900000212588,7.9018999997047414],[-73.108399999901536,7.821000000308584],[-73.025299999766062,7.7159999995602826],[-72.955300000264899,7.6219999996029433],[-72.891799999953847,7.5475999998268524],[-72.82390000017719,7.4752999998707255],[-72.747100000113619,7.4183000002027075],[-72.683500000243455,7.374399999926573],[-72.652799999950176,7.345899999703315],[-72.630900000384713,7.3239999995820542]]},"properties":{"geogdesc":"ROMERAL-SANTA MARTA TRANSFORM FAULT","type":"TRANSFORM","OBJECTID":188}},{"type":"Feature","id":189,"geometry":{"type":"LineString","coordinates":[[-75.109600000121631,11.120699999882895],[-75.036899999948005,11.154999999980031],[-74.966399999956309,11.165499999817396],[-74.884899999953177,11.182399999595448],[-74.810100000055016,11.201499999943493],[-74.719800000222392,11.224899999746956],[-74.629500000389797,11.24180000021024],[-74.554600000034199,11.256600000259994],[-74.457800000113139,11.25619999987639],[-74.416000000249312,11.26250000037645],[-74.361000000192092,11.262200000123796]]},"properties":{"geogdesc":"WESTERN EL PILAR FAULT, ROMERAL","type":"TRANSFORM","OBJECTID":189}},{"type":"Feature","id":190,"geometry":{"type":"LineString","coordinates":[[-74.358800000010149,11.264399999704494],[-74.352200000362615,11.26870000015853],[-74.294899999666001,11.294300000282588],[-74.235399999685754,11.317799999632619],[-74.169300000057987,11.339100000154726],[-74.136199999566216,11.347600000381584],[-74.054800000020535,11.355900000051692],[-73.968899999653487,11.364199999566692],[-73.896299999937284,11.368200000177321],[-73.841400000337487,11.359299999679845],[-73.781999999916366,11.348300000377623],[-73.70720000001819,11.343700000318316],[-73.628100000213564,11.336900000280361],[-73.555499999599036,11.323600000006673],[-73.452100000030455,11.318900000276132],[-73.368500000302802,11.316400000067679],[-73.284899999676838,11.320399999786471],[-73.243099999813012,11.318000000144092],[-73.194700000301637,11.315700000360589],[-73.144099999710008,11.313300000076236]]},"properties":{"geogdesc":"WESTERN EL PILAR FAULT, ROMERAL","type":"TRANSFORM","OBJECTID":190}},{"type":"Feature","id":191,"geometry":{"type":"LineString","coordinates":[[-68.170000000202478,10.910000000025072],[-68.229999999774904,10.84999999962103],[-68.509999999576252,10.84999999962103],[-68.839999999919584,10.799999999851037],[-69.170000000262917,10.760000000391136],[-69.259999999621556,10.730000000136465]]},"properties":{"geogdesc":"FALCON FAULT BET MARICAIBO & PERIJA","type":"TRANSFORM","OBJECTID":191}},{"type":"Feature","id":192,"geometry":{"type":"LineString","coordinates":[[-69.34999999987852,11.050000000275423],[-69.499999999707924,11.029999999963705],[-69.790000000336292,10.959999999705053],[-70.149999999567541,10.930000000036786],[-70.529999999554576,10.910000000025072],[-70.910000000439908,10.900000000225676],[-71.359999999928121,10.930000000036786],[-71.470000000042546,10.969999999602956],[-71.519999999686263,10.979999999841205],[-71.65999999958693,11.010000000204347],[-71.850000000029581,11.090000000000646],[-72.210000000159141,11.150000000300619],[-72.259999999802844,11.169999999962691]]},"properties":{"geogdesc":"OCA FAULT BET MARICAIBO & PERIJA","type":"TRANSFORM","OBJECTID":192}},{"type":"Feature","id":193,"geometry":{"type":"LineString","coordinates":[[-72.259999999802844,11.169999999962691],[-72.369999999917269,11.190000000316813],[-72.570000000288687,11.22999999964107],[-72.889999999804971,11.259999999579797],[-73.144099999710008,11.313300000076236]]},"properties":{"geogdesc":"W. OCA FAULT BET PERIJA & SANTA MARTA","type":"TRANSFORM","OBJECTID":193}},{"type":"Feature","id":194,"geometry":{"type":"LineString","coordinates":[[-76.807600000418262,9.172299999923208],[-76.823100000352724,9.1419999997086734],[-76.827699999834863,9.1050999997732074],[-76.838899999862846,9.05729999986678],[-76.847899999708872,9.0052000000003698],[-76.865599999825292,8.9661999996787909],[-76.883400000399135,8.9271000004305705],[-76.903400000256596,8.8880999999036678],[-76.918900000191073,8.8511999996299195],[-76.930100000219056,8.8230000001738276],[-76.936800000324027,8.7968999996832355],[-76.934699999701181,8.7621000003215652],[-76.926099999888237,8.7208000000734955],[-76.91520000033421,8.696799999961998],[-76.899900000416309,8.6705999997787355],[-76.888999999963971,8.6510000003085956],[-76.880299999693577,8.6314000002518352],[-76.860600000310072,8.6073999996437625]]},"properties":{"geogdesc":"PANAMA-ROMERAL TRANSFORM FAULT","type":"TRANSFORM","OBJECTID":194}},{"type":"Feature","id":195,"geometry":{"type":"LineString","coordinates":[[-76.860600000310072,8.6096000001153978],[-76.834399999939819,8.5616000001422403],[-76.806000000285948,8.5135999999770657],[-76.764400000438656,8.4524999995895644],[-76.733799999704502,8.4002000000865635],[-76.703300000326081,8.3500000002531873],[-76.668300000126337,8.2866999999465776],[-76.657500000131435,8.2540000004198699],[-76.640099999590674,8.1973000000124259],[-76.627199999871252,8.14070000014447],[-76.607699999605956,8.0490999999260193],[-76.597200000085039,7.9358000003633702],[-76.582199999742755,7.8376000001019399],[-76.567299999857937,7.7328999999146024],[-76.5544000001385,7.6696999998767756],[-76.534899999873204,7.5932999995644614],[-76.506500000219333,7.5299000001162693],[-76.471599999578714,7.4664999999952375],[-76.414800000270915,7.3811999995926962],[-76.362200000412201,7.3198999997342851],[-76.292200000012699,7.232299999625222],[-76.23089999988359,7.1664999998167636],[-76.160900000382426,7.067999999917558],[-76.095199999889402,7.0043999997273536],[-76.018500000283254,6.9298999999468345],[-75.95490000041309,6.8683999999574965],[-75.915499999849445,6.8224000002270353],[-75.867500000371166,6.7326000003617201],[-75.834900000369913,6.6428999997295106],[-75.800100000186703,6.5553000000840322],[-75.771800000091943,6.4744000003061961],[-75.732600000443142,6.382400000425771],[-75.717499999643437,6.3144999996820932],[-75.684800000083087,6.2290999997375636],[-75.67629999982924,6.1722000004045103],[-75.663299999652381,6.1152999999402731],[-75.624199999562705,5.9947999996674479],[-75.543499999625737,5.836900000028205],[-75.513099999806442,5.7383000000899784],[-75.487100000351049,5.6395999995685653],[-75.476599999931793,5.521399999845948],[-75.470299999859918,5.4577999997570759],[-75.468499999711042,5.3679999999991619],[-75.473199999650603,5.2826000001017048],[-75.478099999606698,5.1797000002592712],[-75.473999999716767,5.1073000002472924],[-75.471999999551343,5.0460000002893937],[-75.467699999644893,5.0284000002491789],[-75.404600000265219,4.8593999996526298],[-75.361000000252531,4.7648999997006163],[-75.337099999623334,4.6969000001641108],[-75.267399999697815,4.5342999996111617],[-75.212999999690211,4.3959000004352049],[-75.165000000211933,4.2992000000931814],[-75.110400000187795,4.1936000004126495],[-75.068899999899628,4.1275999999279778],[-75.044899999711319,4.0726999995965052],[-75.016599999616545,3.9980000001337213],[-74.981699999874223,3.9231999999187352],[-74.957800000143365,3.8704000002560779],[-74.927299999866619,3.7999999998776177],[-74.901199999953818,3.716499999996667],[-74.885999999595001,3.676900000447231],[-74.862000000305002,3.6351000000262372],[-74.833399999736258,3.615200000386698],[-74.672799999928515,3.293800000305307]]},"properties":{"geogdesc":"PANAMA-ROMERAL TRANSFORM FAULT","type":"TRANSFORM","OBJECTID":195}},{"type":"Feature","id":196,"geometry":{"type":"LineString","coordinates":[[-85.636400000277661,9.1402000002446027],[-85.391500000235183,9.338199999699615],[-85.358300000184315,9.3663000001364356],[-85.340699999627006,9.3791999999968763],[-85.314199999681094,9.3921999995603187],[-85.287699999735182,9.4115999997768931],[-85.267899999894254,9.4201999996329651],[-85.248100000053327,9.4330999996847353],[-85.230399999936907,9.4416999998949045],[-85.197300000343446,9.4611000000545733],[-85.179699999786152,9.47190000034756],[-85.150999999658296,9.4869999998318271],[-85.120199999805919,9.5019999997745632],[-85.104699999871457,9.5105999997623361],[-85.087100000212473,9.5258000001164973],[-85.060600000266575,9.5364999997932589],[-85.012199999856875,9.5471000003995545],[-84.981300000445387,9.5556999998184011],[-84.937300000399617,9.564200000432411],[-84.899900000001367,9.5662000000846437],[-84.840499999580246,9.5659999996744265],[-84.805300000262278,9.5680000002533827],[-84.763500000398452,9.5656000002726849],[-84.732699999647764,9.5655000003487238],[-84.697500000329782,9.5632000001811743],[-84.657899999749588,9.5609000004034854],[-84.618300000067734,9.5564000002327329],[-84.578700000385837,9.5475000002850194],[-84.559000000104035,9.5430999996352011],[-84.508400000410703,9.5342000004373357],[-84.440200000160104,9.5361000002875631],[-84.369799999727519,9.527100000377164],[-84.290600000363781,9.5245999997760897],[-84.200400000090255,9.5285999995695985],[-84.154199999862527,9.5306000000511926],[-84.07939999996438,9.5346000003993634],[-84.006800000248163,9.5430000001883357],[-83.90769999968775,9.5578000002853276],[-83.824099999960083,9.5595999997352124],[-83.766800000161808,9.5680000002533827],[-83.705199999558729,9.5786000002578415],[-83.619399999649119,9.5848000001858971],[-83.540200000285381,9.5888000001961657],[-83.463099999747826,9.5949999997127584],[-83.364099999644822,9.5966999999148808],[-83.284900000281084,9.5986000003647458],[-83.24529999970089,9.5983999995604439],[-83.188100000360038,9.6046999996133184],[-83.102199999993005,9.6217000002382651],[-83.040499999830814,9.6366000000186265],[-82.956900000103161,9.6426999998958554],[-82.895300000398407,9.6446999999836844],[-82.831499999613357,9.6444000002396777],[-82.778699999738109,9.6463000000139161],[-82.728100000044762,9.6482999999994341],[-82.695100000010456,9.6459999999224664],[-82.659899999794163,9.6458999998326593],[-82.631199999666293,9.6543999998368033],[-82.607000000359776,9.6585999996197529],[-82.560800000132062,9.6628000001403134]]},"properties":{"geogdesc":"TRANSFORM FAULT, SOUTH OF NICOYA PENINSULA","type":"TRANSFORM","OBJECTID":196}},{"type":"Feature","id":197,"geometry":{"type":"LineString","coordinates":[[-96.126899999677249,15.288399999837003],[-93.982399999732706,15.4444000000115],[-93.974899999561586,15.442900000331653],[-93.964899999632848,15.441499999963446],[-93.955400000194615,15.44000000009237],[-93.942400000017756,15.437600000078987],[-93.927900000166005,15.436200000311052],[-93.910000000033051,15.43429999986704],[-93.894500000098589,15.433799999638937],[-93.876999999998716,15.431899999736014],[-93.856499999650723,15.430499999616131],[-93.835499999710535,15.42909999957935],[-93.811500000420551,15.431000000000692],[-93.786500000149559,15.431500000046801],[-93.749000000192197,15.428699999690284],[-93.71210000028448,15.432999999885702],[-93.691100000344292,15.428199999827591],[-93.662600000232985,15.425899999671147],[-93.631600000364045,15.422000000219079],[-93.602599999762219,15.417699999985278],[-93.570100000218403,15.413899999935278],[-93.530099999605127,15.411499999607429],[-93.502099999984338,15.411499999607429],[-93.471199999674525,15.408699999850548],[-93.437199999557478,15.404899999802316],[-93.425200000361627,15.405299999613714],[-93.396199999759816,15.404399999822095],[-93.375700000310147,15.402999999717249],[-93.35070000003914,15.401099999594779],[-93.316200000329914,15.397300000113248],[-93.284200000378277,15.393899999725669],[-93.252299999985766,15.392999999978285],[-93.220300000034143,15.394899999595136],[-93.199300000093956,15.393499999644852],[-93.178300000153769,15.392599999899797],[-93.151800000207871,15.392099999803142],[-93.135300000190696,15.392099999803142],[-93.125799999854152,15.391200000066533],[-93.117299999600306,15.390700000070956]]},"properties":{"geogdesc":"ARISTA? EASTERN EXTENSION FAULT","type":"TRANSFORM","OBJECTID":197}},{"type":"Feature","id":198,"geometry":{"type":"LineString","coordinates":[[-93.117299999600306,15.390700000070956],[-93.092300000227638,15.390700000070956],[-93.065299999791222,15.392199999918583],[-93.031400000131583,15.393200000162301],[-92.99390000017425,15.394199999931276],[-92.970399999578134,15.394199999931276],[-92.947899999963056,15.394199999931276],[-92.921400000017158,15.394700000178918],[-92.894900000071246,15.395699999668132],[-92.877899999563567,15.396199999775703],[-92.868400000125348,15.397699999817586],[-92.830500000134919,15.397199999850482],[-92.796000000425678,15.400100000079867],[-92.76049999973543,15.403099999789855],[-92.731999999624094,15.406000000030234],[-92.707000000251412,15.409400000078028],[-92.678599999699202,15.41419999986779],[-92.658100000249533,15.416600000189725],[-92.639099999576459,15.420000000025402],[-92.625100000215213,15.422899999998473],[-92.599099999861494,15.425399999993205],[-92.582599999844319,15.425399999993205],[-92.561100000311953,15.42729999963807],[-92.532099999710127,15.422099999809831],[-92.505100000172021,15.418200000013957],[-92.486199999956355,15.415799999987103],[-92.468699999856483,15.414899999757992],[-92.44970000008172,15.413500000217658],[-92.425699999893425,15.411599999921833],[-92.394200000432292,15.409699999577665],[-92.372200000409407,15.407800000053674],[-92.346200000055688,15.40630000010592],[-92.329700000038528,15.405400000312369],[-92.312199999938656,15.404899999802316],[-92.29420000024659,15.40640000032365],[-92.277300000196348,15.40640000032365],[-92.256300000256161,15.40640000032365],[-92.239299999748468,15.406899999824805],[-92.231799999577348,15.40640000032365],[-92.225300000387222,15.40640000032365]]},"properties":{"geogdesc":"WESTERN POLOCHIC FAULT, CENTRAL AMERICA","type":"TRANSFORM","OBJECTID":198}},{"type":"Feature","id":199,"geometry":{"type":"LineString","coordinates":[[-92.225300000387222,15.40640000032365],[-92.206800000204666,15.406899999824805],[-92.190300000187491,15.406999999753943],[-92.172800000087619,15.407900000415966],[-92.156300000070445,15.408399999773829],[-92.142299999810902,15.410399999901873],[-92.128299999551345,15.410900000174756],[-92.121899999920331,15.411400000110921]]},"properties":{"geogdesc":"POLOCHIC FAULT, CENTRAL AMERICA","type":"TRANSFORM","OBJECTID":199}},{"type":"Feature","id":200,"geometry":{"type":"LineString","coordinates":[[-92.121899999920331,15.411400000110921],[-92.118200000063482,15.4112000001076],[-92.115700000305864,15.410900000174756],[-92.111899999991593,15.410699999690332],[-92.108499999710389,15.41049999987947],[-92.104100000244813,15.410399999901873],[-92.10040000038795,15.410000000376394],[-92.096600000073678,15.40990000015826],[-92.093999999858639,15.409699999577665],[-92.090099999985256,15.409799999892019],[-92.0868999997206,15.409600000081248],[-92.082900000288078,15.408799999779939],[-92.078299999907642,15.408899999661191],[-92.074000000001163,15.408799999779939],[-92.069999999670344,15.40859999987309],[-92.065299999730783,15.40859999987309],[-92.058999999658909,15.408699999850548],[-92.055000000226386,15.408399999773829],[-92.049900000253757,15.407900000415966],[-92.041600000016459,15.407999999864115],[-92.036500000043816,15.407600000050822],[-92.030699999564121,15.407900000415966],[-92.024200000373995,15.408200000348197],[-92.016700000202874,15.408799999779939],[-92.011099999739727,15.409100000145465],[-92.006599999816714,15.409799999892019],[-92.003099999976399,15.410199999802344],[-91.999299999662114,15.410399999901873],[-91.993999999672923,15.410699999690332],[-91.986399999942691,15.411700000188098],[-91.979899999854268,15.412199999931801],[-91.973500000223268,15.411999999832261],[-91.966400000085201,15.414399999582166],[-91.96179999970478,15.415899999964356],[-91.958299999864451,15.416800000192067],[-91.955400000073766,15.417699999985278],[-91.952700000299615,15.4182999997021],[-91.950900000150739,15.41899999963525],[-91.949100000001877,15.419299999997952],[-91.946699999803386,15.418600000209693],[-91.945000000111946,15.418400000208102],[-91.942900000387425,15.417899999794752],[-91.941300000255083,15.417799999914084],[-91.938300000006976,15.418200000013957],[-91.934800000166646,15.418600000209693],[-91.929799999753143,15.418699999705284],[-91.922899999631625,15.419099999804267],[-91.918999999758242,15.41919999992518],[-91.912699999686353,15.419599999927422],[-91.905200000413529,15.4197999996397],[-91.897100000192765,15.41919999992518],[-91.891800000203588,15.41919999992518],[-91.885300000115166,15.418600000209693],[-91.879400000076345,15.418100000277688],[-91.871699999888676,15.417999999627289],[-91.866999999949144,15.417999999627289],[-91.861800000417361,15.4182999997021],[-91.857800000086556,15.418400000208102],[-91.854300000246241,15.418600000209693],[-91.85080000040594,15.41940000002257],[-91.847499999683848,15.420700000291951],[-91.842999999760835,15.420700000291951],[-91.837000000162902,15.419499999999074],[-91.833199999848617,15.417399999910048],[-91.829999999583976,15.416399999994832],[-91.82709999979329,15.41559999988816],[-91.821599999787551,15.416199999607425],[-91.816400000255811,15.416800000192067],[-91.809799999709938,15.417199999619267],[-91.803000000045884,15.417799999914084],[-91.796200000381788,15.41899999963525],[-91.789199999802847,15.419299999997952],[-91.780700000447325,15.420200000218552],[-91.774499999934548,15.421100000003708],[-91.768799999912289,15.421300000003685],[-91.762899999873483,15.421100000003708],[-91.7561000002094,15.420499999714247],[-91.749600000120978,15.419900000289603],[-91.741800000374198,15.420099999713072],[-91.729600000263503,15.418100000277688],[-91.716600000086643,15.416199999607425],[-91.708299999849345,15.415199999978789],[-91.705200000042112,15.414500000233163],[-91.700599999661677,15.41399999996089],[-91.694499999606322,15.412099999906101],[-91.689500000091101,15.41049999987947],[-91.68429999966105,15.409299999571287],[-91.67930000014583,15.407699999643279],[-91.675200000255899,15.406000000030234],[-91.673200000090489,15.404999999827291],[-91.668999999743122,15.404300000374606],[-91.663600000194833,15.403399999719136],[-91.660100000354518,15.402800000293832],[-91.655200000398438,15.402200000003555],[-91.64950000037615,15.401299999786874],[-91.648700000310001,15.401000000292655],[-91.642600000254646,15.39860000002119],[-91.636999999791499,15.396800000050904],[-91.632400000309374,15.395500000154767],[-91.629099999587282,15.39460000039872],[-91.625900000220938,15.393700000214404],[-91.62289999997283,15.392900000247282],[-91.619099999658545,15.392099999803142],[-91.616300000325282,15.391900000294243],[-91.613700000110256,15.391299999748288],[-91.608099999647109,15.390299999902599],[-91.601999999591754,15.389199999806674],[-91.596499999586015,15.387999999607866],[-91.591399999613387,15.386499999809077],[-91.587499999740004,15.385699999885885],[-91.582900000257865,15.384800000195751],[-91.580799999635019,15.38450000030072],[-91.577000000219073,15.383199999803102],[-91.572900000329128,15.382200000027652],[-91.563699999568243,15.379700000369931],[-91.559100000086104,15.378099999774465],[-91.553200000047298,15.376300000114803],[-91.547900000058121,15.375699999659609],[-91.541100000394039,15.374899999829621],[-91.53509999989781,15.373700000388814],[-91.530100000382589,15.372500000100885],[-91.525999999594347,15.371500000068458],[-91.522499999754046,15.370699999706096],[-91.517500000238826,15.369800000175575],[-91.511299999726063,15.368499999767852],[-91.50730000029354,15.367399999753681],[-91.502699999913105,15.366000000318332],[-91.499400000089338,15.365100000419323],[-91.485500000287203,15.362799999967903],[-91.476899999575934,15.361299999790923],[-91.473300000176508,15.360799999933151],[-91.468800000253481,15.359700000011522],[-91.463100000231222,15.35910000028662],[-91.459899999966566,15.358399999869999],[-91.457400000208978,15.357899999990511],[-91.452599999811994,15.357699999703115],[-91.449799999580407,15.357500000090276],[-91.446600000214048,15.357300000285662],[-91.442399999866694,15.356900000101211],[-91.43780000038457,15.355399999942371],[-91.434099999629396,15.354400000197824],[-91.431500000312681,15.353999999651107],[-91.428199999590589,15.352800000340347],[-91.425800000290423,15.352600000361832],[-91.422499999568331,15.353099999948721],[-91.421500000383944,15.345399999974584],[-91.416000000378219,15.347400000352289],[-91.413000000130097,15.347900000268353],[-91.410599999931605,15.348600000391231],[-91.407300000107838,15.349499999575022],[-91.404400000317139,15.348300000378494],[-91.402000000118662,15.347100000347604],[-91.39930000034451,15.346400000392672],[-91.396300000096403,15.345599999921586],[-91.393099999831747,15.34479999985032],[-91.389399999974884,15.343900000329468],[-91.386799999759859,15.343599999627136],[-91.383299999919544,15.343200000041609],[-91.37900000001305,15.342900000066198],[-91.375799999748409,15.342599999659809],[-91.370600000216655,15.341399999788697],[-91.365599999803138,15.340500000341672],[-91.357200000006713,15.338600000420543],[-91.351200000408795,15.337700000170747],[-91.344700000320387,15.336900000158831],[-91.339400000331196,15.336800000375108],[-91.334799999950746,15.336599999797695],[-91.32980000043554,15.33649999987035],[-91.324399999988927,15.336199999801151],[-91.315499999701998,15.335600000103044],[-91.309799999679754,15.335799999905076],[-91.302599999982561,15.334899999721332],[-91.297700000026481,15.334299999755268],[-91.287999999673389,15.333999999992496],[-91.281899999618048,15.334499999935417],[-91.273800000295608,15.335299999607829],[-91.265799999633956,15.336099999682363],[-91.261099999694409,15.336199999801151],[-91.255799999705218,15.336399999895171],[-91.250000000123848,15.336599999797695],[-91.244599999677249,15.336599999797695],[-91.240200000211658,15.336599999797695],[-91.233700000123221,15.333999999992496],[-91.231000000349084,15.333199999674408],[-91.181399999840153,15.345599999921586],[-91.17689999991714,15.344900000135134],[-91.173299999619402,15.344099999980703],[-91.169500000203428,15.34419999973449],[-91.166499999955306,15.344099999980703],[-91.164200000214237,15.343800000432033],[-91.162000000032293,15.343300000226412],[-91.159500000274676,15.343200000041609],[-91.157100000076198,15.342100000046139],[-91.153299999761899,15.340600000086733],[-91.152299999679215,15.339899999999592],[-91.15140000005394,15.339299999666556],[-91.149700000362486,15.338700000208936],[-91.148100000230173,15.338700000208936],[-91.146300000081297,15.339399999986114],[-91.142299999750463,15.341900000212009],[-91.139199999943244,15.34419999973449],[-91.136599999728205,15.346000000107155],[-91.133899999954068,15.347999999934611],[-91.127399999865631,15.346799999911775],[-91.12269999992607,15.345900000349195],[-91.117399999936893,15.344700000383877],[-91.112200000405139,15.343099999808917],[-91.107499999567267,15.342599999659809],[-91.102500000052046,15.341700000186309],[-91.097600000095952,15.34120000015049],[-91.09379999978168,15.340899999900929],[-91.090400000398787,15.34029999984161],[-91.089200000299542,15.340199999952954],[-91.086899999660162,15.33780000038999],[-91.084700000376529,15.335900000167484],[-91.083199999803313,15.334399999869248],[-91.074899999566014,15.335199999924546],[-91.069399999560289,15.336099999682363],[-91.063899999554579,15.336699999677153],[-91.060500000171686,15.336999999894719],[-91.055299999741621,15.336900000158831],[-91.051900000358728,15.337099999582694],[-91.046699999928677,15.336900000158831],[-91.044000000154512,15.336800000375108],[-91.039199999757528,15.336199999801151],[-91.035299999884145,15.336599999797695],[-91.0311999999942,15.337200000089179],[-91.028999999812257,15.337200000089179],[-90.966899999616984,15.355599999835876],[-90.964900000349871,15.356300000119067],[-90.961100000035614,15.355300000356834],[-90.956000000062957,15.353799999956438],[-90.950799999632892,15.352800000340347],[-90.944699999577551,15.35230000003469],[-90.940500000128509,15.351099999611067],[-90.936699999814209,15.350200000396159],[-90.932199999891196,15.348899999972788],[-90.928399999576925,15.347999999934611],[-90.925000000194046,15.347500000258044],[-90.920500000271034,15.346900000104952],[-90.915400000298376,15.346900000104952],[-90.908199999702916,15.348199999989664],[-90.900500000413544,15.349900000084194],[-90.891299999652645,15.351200000343015],[-90.88579999964692,15.352000000142533],[-90.879400000015949,15.35209999957698],[-90.875599999701649,15.352700000375052],[-90.866599999855623,15.35290000025773],[-90.861099999849898,15.353799999956438],[-90.857399999993049,15.354500000214694],[-90.852999999629148,15.354700000104662],[-90.846199999965066,15.355300000356834],[-90.842300000091669,15.356100000030315],[-90.838299999760835,15.356599999892715],[-90.835300000411038,15.356400000091561],[-90.832399999722043,15.355800000403949],[-90.830099999980959,15.354099999859676],[-90.828699999865194,15.352500000300713],[-90.826299999666702,15.350899999735921],[-90.824799999991797,15.349999999658573],[-90.822399999793305,15.348600000391231],[-90.820300000068784,15.34730000039861],[-90.816800000228469,15.346400000392672],[-90.812199999848033,15.346600000248023],[-90.808000000398977,15.347600000115913],[-90.804299999643803,15.34879999987143],[-90.801100000277472,15.349999999658573],[-90.797999999571914,15.351300000160808],[-90.796000000304815,15.352199999829786],[-90.792300000447966,15.353000000127162],[-90.788300000117147,15.353900000260843],[-90.784600000260312,15.354600000183639],[-90.781399999995642,15.355500000346201],[-90.777999999714453,15.356200000098646],[-90.77169999964255,15.356800000368414],[-90.767100000160426,15.357199999878333],[-90.764099999912304,15.357500000090276],[-90.757700000281304,15.358399999869999],[-90.752000000259045,15.358999999875934],[-90.74559999972972,15.359900000113798],[-90.7380999995586,15.361399999965116],[-90.733599999635587,15.362399999936144],[-90.72889999969604,15.363500000342821],[-90.723100000114655,15.364299999750177],[-90.715599999943507,15.36570000020617],[-90.709499999888152,15.366600000113802],[-90.704599999932071,15.367499999601092],[-90.698600000334167,15.369000000217831],[-90.695800000102579,15.369800000175575],[-90.69259999983791,15.370599999661428],[-90.689999999622884,15.371100000271094],[-90.686400000223458,15.371299999832637],[-90.681999999859542,15.371000000418352],[-90.679300000085405,15.370699999706096],[-90.676000000261638,15.369699999699128],[-90.672500000421323,15.368499999767852],[-90.669300000156667,15.367600000266719],[-90.667000000415612,15.367399999753681],[-90.663299999660438,15.367299999858309],[-90.65930000022793,15.367099999923635],[-90.655200000337999,15.367199999914959],[-90.651299999566291,15.367099999923635],[-90.645200000409261,15.367199999914959],[-90.641299999637553,15.367799999721703],[-90.637599999780704,15.367499999601092],[-90.634299999956923,15.367399999753681],[-90.630000000050458,15.367600000266719],[-90.625999999719625,15.367900000243429],[-90.62369999997857,15.367700000018193],[-90.619000000039009,15.366299999998789],[-90.615100000165612,15.363999999790707],[-90.611899999900956,15.363300000227989],[-90.607100000402298,15.362199999632566],[-90.601600000396573,15.361700000200035],[-90.597400000049205,15.362300000241451],[-90.591799999586044,15.363300000227989],[-90.587099999646497,15.363700000265855],[-90.583999999839264,15.364200000100407],[-90.579699999932785,15.364499999772113],[-90.575800000059402,15.364499999772113],[-90.572300000219073,15.364100000402647],[-90.567400000262992,15.364499999772113],[-90.562399999849461,15.364400000218254],[-90.558400000416938,15.362699999598805],[-90.554099999612163,15.360799999933151],[-90.550799999788396,15.358700000088685],[-90.547999999556822,15.356999999786108],[-90.543099999600727,15.355599999835876],[-90.539799999776946,15.355700000143882],[-90.533200000129398,15.356500000016094],[-90.527599999666251,15.355999999914019],[-90.522699999710156,15.355599999835876],[-90.518500000261113,15.355300000356834],[-90.514400000371182,15.355199999857117],[-90.511099999649105,15.354600000183639],[-90.507599999808775,15.353699999604096],[-90.50470000001809,15.352700000375052],[-90.500800000144693,15.350999999697438],[-90.499400000028899,15.350100000051322],[-90.491400000265571,15.345900000349195],[-90.486900000342558,15.343900000329468],[-90.480499999813233,15.34120000015049],[-90.475900000331123,15.339000000153177],[-90.472799999625565,15.337400000092133],[-90.467600000093825,15.335600000103044],[-90.464300000270057,15.333800000200108],[-90.462999999713375,15.333499999719461],[-90.456800000098923,15.334100000250059],[-90.446099999663119,15.332999999982665],[-90.438899999965969,15.331600000246269],[-90.431799999827902,15.331000000334745],[-90.425800000229998,15.330900000326398],[-90.420199999766851,15.330300000137951],[-90.413899999694948,15.329699999959731],[-90.409199999755401,15.329500000383927],[-90.405499999898538,15.329399999657895],[-90.400799999958991,15.328700000166966],[-90.395299999953266,15.328800000361541],[-90.38799999979868,15.328099999727662],[-90.382400000233829,15.327200000171379],[-90.377100000244653,15.326500000244257],[-90.371400000222394,15.325900000421472],[-90.362299999918932,15.325000000057784],[-90.353599999648551,15.324100000151857],[-90.347600000050633,15.323300000063773],[-90.340200000336935,15.323000000108017],[-90.334300000298128,15.322200000143415],[-90.327299999719187,15.321700000235888],[-90.321399999680381,15.321600000110942],[-90.31640000016516,15.320899999630099],[-90.310700000142901,15.320499999912414],[-90.305600000170273,15.319500000303599],[-90.300599999756741,15.318500000245754],[-90.294499999701387,15.318000000156808],[-90.288100000070401,15.316599999614573],[-90.282499999607239,15.315899999728837],[-90.276799999584981,15.315499999980286],[-90.270700000427951,15.314899999789931],[-90.263499999832476,15.313599999828593],[-90.258500000317255,15.312700000255846],[-90.248700000405066,15.311199999875145],[-90.239000000051988,15.309000000432521],[-90.234100000095893,15.30859999962472],[-90.229899999748511,15.308100000139392],[-90.225999999875128,15.307700000211065],[-90.221000000359908,15.307000000013545],[-90.216599999996006,15.306700000078807],[-90.209800000331924,15.305600000394511],[-90.201599999653737,15.304399999582389],[-90.194100000380928,15.303600000418804],[-90.188299999901233,15.303400000150299],[-90.182900000352944,15.30319999969077],[-90.174299999641676,15.301799999790092],[-90.169300000126469,15.301200000185759],[-90.166299999878348,15.300899999738926],[-90.162600000021484,15.30059999972886],[-90.159300000197717,15.300300000155497],[-90.156899999999226,15.30010000020118],[-90.153499999718022,15.299300000207062],[-90.150199999894255,15.298299999816582],[-90.146900000070488,15.29660000041372],[-90.143200000213639,15.295099999932882],[-90.140699999557711,15.294400000076775],[-90.139399999899368,15.294100000289042],[-90.13810000024101,15.29380000007173],[-90.132200000202189,15.295300000328671],[-90.126399999722494,15.295300000328671],[-90.121000000174206,15.295900000370533],[-90.116999999843372,15.295800000049653],[-90.114599999644881,15.295999999777184],[-90.111699999854196,15.296100000002621],[-90.108099999556458,15.296400000392497],[-90.1033000000578,15.297600000255198],[-90.098499999660817,15.296900000087563],[-90.095500000311006,15.297099999631437],[-90.09199999957238,15.298399999810513],[-90.089499999814763,15.299300000207062],[-90.086100000431884,15.301600000401798],[-89.997999999882907,15.297499999879332]]},"properties":{"geogdesc":"POLOCHIC FAULT, GUATEMALA","type":"TRANSFORM","OBJECTID":200}},{"type":"Feature","id":201,"geometry":{"type":"LineString","coordinates":[[-89.997999999882907,15.297499999879332],[-89.928600000431345,15.30319999969077],[-89.910300000265323,15.303400000150299],[-89.894400000297779,15.302299999591286],[-89.877399999790086,15.302099999814088],[-89.860800000213814,15.301399999956024],[-89.843999999722698,15.302099999814088],[-89.828400000229109,15.303400000150299],[-89.81399999993647,15.303400000150299],[-89.8009000002005,15.304399999582389],[-89.785600000282585,15.305200000021568],[-89.770900000414287,15.306200000387431],[-89.755100000005854,15.306899999794252],[-89.740099999663585,15.307300000384808],[-89.722200000428955,15.308100000139392],[-89.709299999811194,15.309000000432521],[-89.687400000245745,15.308500000169778],[-89.670799999771148,15.307899999837556],[-89.65209999957203,15.309799999754805],[-89.638199999769895,15.310200000002153],[-89.623600000359033,15.311899999889008],[-89.605799999785191,15.312000000318701],[-89.588699999718401,15.311299999772924],[-89.577200000114743,15.311299999772924],[-89.564399999954446,15.31310000015878],[-89.55010000011923,15.314200000281218],[-89.532800000035891,15.316900000086303],[-89.518399999743266,15.31860000012011],[-89.502000000183514,15.319900000201061],[-89.488700000430995,15.31860000012011],[-89.475799999813262,15.31840000032355],[-89.463399999686033,15.319399999993138],[-89.448400000242074,15.319399999993138]]},"properties":{"geogdesc":"POLOCHIC FAULT EASTERN EXTENSION, GUATEMALA","type":"TRANSFORM","OBJECTID":201}},{"type":"Feature","id":202,"geometry":{"type":"LineString","coordinates":[[-89.448400000242074,15.319399999993138],[-89.442100000170186,15.316900000086303],[-89.422100000312724,15.317899999995603],[-89.404099999722334,15.319800000081802],[-89.379599999941846,15.323199999837557],[-89.358600000001658,15.325199999607038],[-89.338200000111087,15.328599999924581],[-89.318200000253611,15.330499999814579],[-89.300700000153739,15.332999999982665],[-89.269700000284814,15.338299999901817],[-89.236700000250494,15.346499999911149],[-89.213700000144883,15.351800000263571],[-89.185800000083205,15.360999999846859],[-89.162799999977594,15.367799999721703],[-89.139799999872025,15.373600000051292],[-89.125799999612454,15.377000000194375],[-89.106799999837676,15.380800000417027],[-89.092299999985912,15.383699999622413],[-89.075300000376558,15.386600000016411],[-89.060300000034289,15.388600000138883],[-89.050399999664677,15.390999999692765],[-89.00189999969588,15.410299999876161]]},"properties":{"geogdesc":"POLOCHIC FAULT EASTERN EXTENSION","type":"TRANSFORM","OBJECTID":202}},{"type":"Feature","id":203,"geometry":{"type":"LineString","coordinates":[[-89.00189999969588,15.410299999876161],[-89.000800000054042,15.412399999838893],[-88.996799999723237,15.413699999739698],[-88.993099999866388,15.415099999664676],[-88.984599999612556,15.418400000208102],[-88.980200000146951,15.419900000289603],[-88.970899999826941,15.424200000010762],[-88.967699999562299,15.425099999781759],[-88.959099999749355,15.430199999846426],[-88.954900000300299,15.431799999669515],[-88.947299999671742,15.436200000311052],[-88.943999999847975,15.438899999816503],[-88.933799999902675,15.444899999802862],[-88.931300000145086,15.446299999732013],[-88.921300000216348,15.453100000114995],[-88.918400000425649,15.455599999854011],[-88.91210000035376,15.460000000287311],[-88.910199999747476,15.461599999630021],[-88.907800000447295,15.463199999601056],[-88.903499999642506,15.466600000164952],[-88.899300000193449,15.46959999967916],[-88.896299999945342,15.471999999678179],[-88.89329999969722,15.47550000011727],[-88.889199999807289,15.479000000232771],[-88.885699999966974,15.481099999759603],[-88.881800000093577,15.484200000250928],[-88.877199999713127,15.488200000337658],[-88.873699999872827,15.490499999825802],[-88.869199999949814,15.494200000373647],[-88.864700000026801,15.495999999924239],[-88.86080000015339,15.497599999636453],[-88.855700000180761,15.501200000002051],[-88.852699999932625,15.503800000301583],[-88.850200000175022,15.504399999984679],[-88.844599999711889,15.507599999729235],[-88.838600000113971,15.508199999625187],[-88.836199999915479,15.508999999659748],[-88.830299999876672,15.51129999958826],[-88.82610000042763,15.512099999729205],[-88.823399999755168,15.513199999621573],[-88.819099999848675,15.515199999988033],[-88.812399999743704,15.51529999958418],[-88.808299999853787,15.515800000300496],[-88.80179999976535,15.517799999707508],[-88.795800000167432,15.518599999755631],[-88.790599999737367,15.518700000300958],[-88.784899999715108,15.519199999703806],[-88.780599999808629,15.519199999703806],[-88.775400000276875,15.520400000424788],[-88.770599999879877,15.520400000424788],[-88.76699999958214,15.52119999991312],[-88.761600000033852,15.522900000210367],[-88.757300000127373,15.522900000210367],[-88.75140000008858,15.52430000022038],[-88.747100000182101,15.52430000022038],[-88.74209999976857,15.525100000163814],[-88.737599999845557,15.52579999994912],[-88.733099999922544,15.526099999624389],[-88.727999999949901,15.526800000343213],[-88.723900000059956,15.526900000375619],[-88.715300000247012,15.527699999754514],[-88.709200000191672,15.529800000127107],[-88.704399999794688,15.530500000403059],[-88.697099999640088,15.530500000403059],[-88.691500000075251,15.531499999642076],[-88.68130000012998,15.533999999886406],[-88.668000000377461,15.53709999989977],[-88.655099999759713,15.540100000379161],[-88.644000000189166,15.545699999736287],[-88.631699999621048,15.550299999948987],[-88.621499999675763,15.555799999935912],[-88.610099999631245,15.560799999840242],[-88.599299999636344,15.564500000124633],[-88.588499999641428,15.569099999846165],[-88.576100000412509,15.574600000021533],[-88.567200000125595,15.581099999850739],[-88.556099999656709,15.588000000224422],[-88.541500000245847,15.589500000407943]]},"properties":{"geogdesc":"EASTERN POLOCHIC-MOTOGUA FAULT, GUATEMALA","type":"TRANSFORM","OBJECTID":203}},{"type":"Feature","id":204,"geometry":{"type":"LineString","coordinates":[[-84.607799999648464,17.162400000002595],[-84.595999999570864,17.165600000125284],[-84.58799999980755,17.167499999881088],[-84.575500000121195,17.172300000148557],[-84.56069999979546,17.177800000329917],[-84.541299999987615,17.17999999967973],[-84.531199999601441,17.18099999987929],[-84.518699999915114,17.182200000376294],[-84.505600000179129,17.183500000369627],[-84.488500000112339,17.185100000317025],[-84.472699999703906,17.185999999739813],[-84.459300000392275,17.185699999845877],[-84.452200000254237,17.185400000324343],[-84.443200000408211,17.185999999739813],[-84.432400000413296,17.186599999786612],[-84.419000000203368,17.1895000003639],[-84.408200000208467,17.191800000021747],[-84.401199999629512,17.194600000338685],[-84.388699999943185,17.200999999582884],[-84.381700000262555,17.204600000005019],[-84.374600000124502,17.208399999599905],[-84.36520000024538,17.214499999958377],[-84.356800000448985,17.219599999966075],[-84.34670000006281,17.225699999790113],[-84.332600000244142,17.231799999895717],[-84.320800000166543,17.236900000384672],[-84.314100000061558,17.240099999607658],[-84.30610000029823,17.243599999975796],[-84.295599999878988,17.247499999968102],[-84.286899999608607,17.251999999639658],[-84.276499999646788,17.255799999831815],[-84.271399999674145,17.25740000037899],[-84.260700000136666,17.260300000360598],[-84.252300000340256,17.262200000232745],[-84.237500000014535,17.26539999991747],[-84.227100000052701,17.267899999892713],[-84.216999999666541,17.271100000134759],[-84.208300000294486,17.274299999709932],[-84.200899999682463,17.277900000350201],[-84.190499999720643,17.281400000427819],[-84.180699999808439,17.283599999860506],[-84.173999999703469,17.284200000290728],[-84.15789999971939,17.283599999860506],[-84.149099999889899,17.282599999945493],[-84.132700000330161,17.280700000243389],[-84.122900000417957,17.279399999582036],[-84.110799999866387,17.279999999971725],[-84.09469999988228,17.281000000280606],[-84.077300000239859,17.282199999831395],[-84.067500000327655,17.28190000003341],[-84.054100000117714,17.285399999574619],[-84.041000000381743,17.288900000345173],[-84.026200000056022,17.292800000009297],[-84.013399999895711,17.29559999973614],[-84.000999999768482,17.298199999805451],[-83.987200000423783,17.300699999660228],[-83.972099999624078,17.303599999774274],[-83.957999999805395,17.304200000181339],[-83.944500000036342,17.305200000226257],[-83.928699999627923,17.3087000000119],[-83.907899999704284,17.312200000065356],[-83.894100000359572,17.314100000390695],[-83.879700000066933,17.317300000143064],[-83.867600000413674,17.319499999915866],[-83.854800000253363,17.321499999615401],[-83.844400000291529,17.322400000180849],[-83.8320000001643,17.323399999830261],[-83.810200000157948,17.32530000011662],[-83.791699999975393,17.327199999614415],[-83.780600000404817,17.328800000419072],[-83.768200000277588,17.329700000372977],[-83.756699999775634,17.330999999664655],[-83.739300000133184,17.332599999943454],[-83.715400000402312,17.337699999571775],[-83.700600000076591,17.338300000098162],[-83.68379999958546,17.343099999712461],[-83.668699999684065,17.345000000186804],[-83.652900000173972,17.347600000040714],[-83.640199999572758,17.349800000284201],[-83.624000000029554,17.354599999937239],[-83.606200000354036,17.359700000131852],[-83.589799999895988,17.363200000111849],[-83.565900000165115,17.369600000247839],[-83.546100000324174,17.374099999896941],[-83.525899999551839,17.377900000322079],[-83.509499999992101,17.382999999972704],[-83.486299999869971,17.389399999871358],[-83.471199999968604,17.393899999672353],[-83.458100000232619,17.397399999935242],[-83.440899999708392,17.400900000070287],[-83.413399999679797,17.407300000201555],[-83.398899999828032,17.412400000364514],[-83.383799999926666,17.416500000122262],[-83.365699999777163,17.42129999989864],[-83.352499999583756,17.425200000178631],[-83.340799999963579,17.427700000159458],[-83.32200000020535,17.430599999749006],[-83.304199999631507,17.433799999867354],[-83.293799999669687,17.436300000306971],[-83.273599999795678,17.441400000275586],[-83.260799999635353,17.445600000086603],[-83.238999999629016,17.451700000184587],[-83.222200000036182,17.45580000041555],[-83.209100000300225,17.459299999980306],[-83.193600000365763,17.464399999982891],[-83.181200000238533,17.467899999677005],[-83.164700000221359,17.471799999773012],[-83.152300000094115,17.474999999733871],[-83.138200000275461,17.478800000351001],[-83.126099999723877,17.482599999579616],[-83.114699999679345,17.485200000261273],[-83.099900000251935,17.488700000057015],[-83.092499999639912,17.490900000112863],[-83.082400000152063,17.492799999768987],[-83.070299999600479,17.496299999777012],[-83.056500000255781,17.499199999594808],[-83.045399999786909,17.501800000206341],[-83.034999999825075,17.504000000200712],[-83.028600000194103,17.505600000208617],[-83.017600000182654,17.508499999802577],[-83.013199999818752,17.510999999953604]]},"properties":{"geogdesc":"SWAN FAULT, WESTERN CAYMAN TROUGH","type":"TRANSFORM","OBJECTID":204}},{"type":"Feature","id":205,"geometry":{"type":"LineString","coordinates":[[-78.435600000315418,18.431500000398003],[-78.439500000188815,18.431900000129847],[-78.444800000178006,18.431500000398003],[-78.453300000431824,18.431299999757005],[-78.460999999721182,18.432400000403341],[-78.467099999776536,18.433199999861497],[-78.476600000113081,18.435100000271643],[-78.483700000251119,18.43619999961145],[-78.491799999573558,18.43629999966716],[-78.500699999860487,18.437500000058787],[-78.509899999723061,18.437200000107218],[-78.518399999976907,18.437600000210324],[-78.525500000114945,18.438000000234652],[-78.53220000021993,18.437700000303693],[-78.540699999575438,18.436799999925348],[-78.550199999911982,18.433999999857793],[-78.559799999807652,18.43219999995711],[-78.567599999554432,18.429399999960705],[-78.573600000050661,18.42730000029491],[-78.578599999565881,18.426300000165771],[-78.583500000420301,18.424899999591005],[-78.58600000017789,18.423800000397772],[-78.588499999935507,18.422800000372558],[-78.591599999742726,18.421699999681262],[-78.594100000398669,18.420300000017814],[-78.598699999880779,18.416699999707799],[-78.602300000178516,18.413600000310929],[-78.606499999627573,18.410699999730461],[-78.610400000399281,18.40889999977745],[-78.617499999638994,18.407199999681762],[-78.624900000251046,18.408000000414024],[-78.636199999838141,18.407700000148914],[-78.644700000091959,18.40709999975503],[-78.651499999756041,18.40679999962633],[-78.660699999618629,18.406099999850206],[-78.671600000070953,18.404400000235356],[-78.684000000198196,18.403800000274927],[-78.690399999829197,18.404199999628439],[-78.697800000441205,18.405399999785228],[-78.706000000221067,18.408700000136125],[-78.714100000441846,18.411200000259864],[-78.722999999830449,18.415300000269305],[-78.729000000326664,18.417799999981455],[-78.738200000189252,18.420399999945488],[-78.744599999820252,18.421199999830971],[-78.75630000033874,18.42090000041642],[-78.763000000443711,18.420200000032022],[-78.766900000317108,18.419500000208551],[-78.774999999639533,18.417799999981455],[-78.781000000135762,18.415700000175306],[-78.789900000422705,18.412900000059697],[-78.80260000012558,18.410100000416907],[-78.810399999872388,18.41049999962344],[-78.815000000252809,18.41200000030193],[-78.826400000297355,18.414200000208357],[-78.835200000126832,18.414600000114241],[-78.848699999895885,18.415100000393817],[-78.860400000414373,18.412699999952025],[-78.875199999841797,18.409499999864313],[-78.896100000222873,18.405399999785228],[-78.904999999611462,18.402200000388444],[-78.912400000223485,18.399399999766338],[-78.923000000201853,18.395100000360284],[-78.936099999937824,18.389800000267915],[-78.946699999916191,18.387000000149801],[-78.955600000203106,18.384600000258615],[-78.969700000021774,18.379599999807091],[-78.985300000413659,18.376099999670114],[-78.991999999620319,18.374299999710324],[-79.000499999874151,18.373300000425733],[-79.018600000023639,18.370200000162416],[-79.027799999886241,18.370599999916234],[-79.039799999980374,18.370699999709814],[-79.0589999997717,18.371500000234324],[-79.075600000246283,18.37200000027687],[-79.085499999717584,18.372799999888343],[-79.099299999960621,18.374700000187996],[-79.110999999580784,18.375800000128759],[-79.125900000363956,18.37590000031804],[-79.139400000132994,18.3762999996428],[-79.153499999951677,18.376400000394685],[-79.170199999985385,18.375099999738115],[-79.17830000020615,18.374399999916715],[-79.182600000112615,18.375500000065614],[-79.190700000333365,18.3762999996428],[-79.195000000239844,18.3762999996428],[-79.201700000344829,18.37590000031804]]},"properties":{"geogdesc":"WALTON FAULT ZONE, EAST CAYMAN TROUGH","type":"TRANSFORM","OBJECTID":205}},{"type":"Feature","id":206,"geometry":{"type":"LineString","coordinates":[[-79.452100000393003,18.369500000066918],[-79.457800000415261,18.370300000187836],[-79.468800000426711,18.368899999673424],[-79.480100000013806,18.368899999673424],[-79.492500000141035,18.367899999780725],[-79.5069999999928,18.366500000255389],[-79.518400000037332,18.365799999643865],[-79.532899999889096,18.364799999691169],[-79.545999999625053,18.362700000199325],[-79.556999999636488,18.360900000274786],[-79.567599999614856,18.359900000069516],[-79.580700000249138,18.35849999959995],[-79.59560000013397,18.356700000220243],[-79.600199999616109,18.356400000204527],[-79.615100000399252,18.354299999995494],[-79.62430000026184,18.353899999983579],[-79.634599999766237,18.353299999933867],[-79.647300000367437,18.351899999669563],[-79.656199999756041,18.351500000067613],[-79.668999999916352,18.350499999994309],[-79.674299999905529,18.350499999994309],[-79.680700000434825,18.350800000027338],[-79.693000000104647,18.349100000056495],[-79.699100000160001,18.349100000056495],[-79.706499999873714,18.347299999908834],[-79.714299999620494,18.345499999766009],[-79.719999999642752,18.344100000238601]]},"properties":{"geogdesc":"WALTON FAULT ZONE, EAST CAYMAN TROUGH","type":"TRANSFORM","OBJECTID":206}},{"type":"Feature","id":207,"geometry":{"type":"LineString","coordinates":[[-79.159199999973936,18.35659999998872],[-79.165900000078906,18.358099999938496],[-79.178599999781795,18.35749999998761],[-79.187100000035628,18.356800000393875],[-79.198500000080159,18.356099999667581],[-79.210199999700336,18.355499999587948],[-79.223599999910263,18.354800000412734],[-79.23709999967933,18.354899999981416],[-79.250899999922353,18.354600000249025],[-79.26719999992298,18.354000000073402],[-79.275700000176798,18.35439999985369],[-79.288100000304041,18.353699999630194],[-79.303299999764519,18.352000000064756],[-79.315699999891748,18.352000000064756],[-79.327099999936294,18.352800000289591],[-79.334800000123963,18.353200000291324],[-79.342599999870757,18.354299999995494],[-79.350799999650633,18.355099999797684],[-79.357499999755575,18.354699999933526],[-79.362500000169121,18.355499999587948],[-79.367400000125215,18.355499999587948],[-79.371000000422953,18.355200000045272]]},"properties":{"geogdesc":"WALTON FAULT ZONE, EAST CAYMAN TROUGH","type":"TRANSFORM","OBJECTID":207}},{"type":"Feature","id":208,"geometry":{"type":"LineString","coordinates":[[-79.445400000288032,18.345399999871425],[-79.448599999654377,18.345099999840404],[-79.458099999990921,18.34469999984147],[-79.468000000360547,18.344000000386444],[-79.480100000013806,18.34190000035613],[-79.494199999832475,18.340499999802116],[-79.503799999728145,18.339900000112952],[-79.510899999866183,18.338799999963047],[-79.521200000268891,18.338799999963047],[-79.527199999866809,18.338099999633723],[-79.534999999613618,18.337799999721135],[-79.540699999635876,18.337500000140611],[-79.550600000005488,18.336400000066785],[-79.558700000226253,18.335399999584883],[-79.562600000099636,18.334699999984252],[-79.564000000215444,18.334299999792712],[-79.574299999719827,18.33329999995528]]},"properties":{"geogdesc":"WALTON FAULT ZONE, EAST CAYMAN TROUGH","type":"TRANSFORM","OBJECTID":208}},{"type":"Feature","id":209,"geometry":{"type":"LineString","coordinates":[[-79.607600000228132,18.302400000083541],[-79.618200000206485,18.298800000175028],[-79.628099999677801,18.296399999901539],[-79.637699999573456,18.293100000156688],[-79.644700000152383,18.29070000026536],[-79.649699999667604,18.287799999704077],[-79.653600000439312,18.28670000024232],[-79.664200000417679,18.285300000138925],[-79.680199999944335,18.282800000353191],[-79.687999999691129,18.28209999961835],[-79.694299999763004,18.280300000352632],[-79.700399999818359,18.279299999986502],[-79.70280000001685,18.278599999626572],[-79.708500000039109,18.276799999865577]]},"properties":{"geogdesc":"WALTON FAULT ZONE, EAST CAYMAN TROUGH","type":"TRANSFORM","OBJECTID":209}},{"type":"Feature","id":210,"geometry":{"type":"LineString","coordinates":[[-78.492100000047529,18.316200000151554],[-78.502999999601542,18.317399999860417],[-78.519000000026523,18.319699999639443],[-78.528900000396149,18.320800000184754],[-78.541299999625068,18.323099999969795],[-78.553299999719215,18.324299999584706],[-78.563600000121923,18.324399999745413],[-78.579900000122564,18.326000000424454],[-78.591900000216697,18.327200000389034],[-78.604300000343926,18.328300000149447],[-78.617699999655557,18.32950000035925],[-78.625900000333743,18.331000000211457],[-78.641800000301288,18.330799999789065],[-78.652800000312737,18.331999999706611],[-78.663800000324173,18.332800000425923],[-78.678599999751583,18.332899999935837],[-78.690300000270071,18.333000000240599],[-78.704499999647851,18.333500000044353],[-78.71370000040875,18.333199999823986],[-78.726099999637668,18.332899999935837],[-78.738800000238868,18.332300000303476],[-78.751899999974839,18.330599999988078],[-78.763900000068986,18.328199999685086],[-78.778799999953833,18.325000000348531],[-78.794400000345718,18.322299999582118],[-78.810999999922004,18.319499999796914],[-78.821999999933439,18.316699999904262],[-78.831199999796013,18.314300000369514],[-78.842500000281433,18.311499999933574],[-78.848499999879351,18.310799999997698],[-78.858800000282059,18.309400000163965],[-78.869099999786457,18.309500000405649],[-78.885399999787069,18.30889999979485],[-78.896700000272489,18.309000000325316],[-78.910499999617201,18.306900000085061],[-78.920800000019895,18.305899999670331],[-78.930700000389521,18.305200000123428],[-78.943400000092424,18.304999999733194],[-78.954000000070764,18.304700000420588],[-78.96889999995561,18.302199999871711],[-78.97989999996706,18.299799999788053],[-78.989800000336672,18.297699999734011],[-78.99760000008348,18.29559999981517],[-79.009299999703643,18.293899999843003],[-79.022699999913584,18.291799999933897],[-79.029100000442909,18.29070000026536],[-79.042200000178866,18.28830000040897],[-79.047900000201125,18.287599999700731],[-79.055299999914837,18.286200000040857],[-79.063400000135587,18.284800000165141],[-79.077600000411707,18.282800000353191],[-79.086099999767214,18.28209999961835],[-79.097800000285716,18.27959999976342],[-79.107699999757017,18.277899999853808],[-79.120800000391313,18.27800000035985],[-79.128200000105011,18.277299999871907],[-79.136399999884873,18.277299999871907],[-79.143500000022939,18.277000000382241],[-79.154399999576952,18.276300000124163],[-79.167500000211234,18.276099999653518],[-79.180999999980287,18.275799999794742],[-79.191999999991737,18.275799999794742],[-79.204699999694625,18.27550000027022],[-79.210399999716884,18.275899999805304],[-79.224899999568635,18.2774999998121],[-79.244399999833931,18.276500000364248],[-79.25710000043513,18.277199999815316],[-79.268100000446566,18.279799999610756],[-79.277700000342222,18.280900000193281],[-79.288999999929317,18.281699999879557],[-79.295799999593399,18.281799999900741],[-79.304600000321201,18.28110000024753],[-79.316000000365719,18.28110000024753],[-79.324800000195225,18.280100000228842],[-79.329399999677364,18.279799999610756],[-79.335800000206675,18.27800000035985],[-79.345299999644894,18.275200000226924],[-79.348499999909549,18.273300000417787],[-79.353500000323095,18.270900000328147],[-79.367000000092133,18.269800000319243],[-79.379000000186281,18.269199999624643],[-79.391000000280442,18.269600000033819],[-79.404799999625141,18.269300000026654],[-79.416500000143643,18.268600000267988],[-79.42819999976382,18.269000000353905],[-79.438500000166528,18.26759999985887],[-79.451599999902498,18.265900000102153],[-79.455499999775881,18.263399999722825],[-79.460100000156331,18.260900000026734],[-79.464699999638455,18.258300000310797],[-79.475699999649891,18.255100000118059],[-79.486299999628258,18.251999999966074],[-79.499000000229458,18.245200000085227],[-79.507200000009334,18.244499999596279],[-79.521400000285439,18.242300000304439],[-79.532000000263821,18.241300000341347],[-79.54149999970204,18.23990000011419],[-79.554699999895433,18.238899999996985],[-79.567100000022663,18.237800000391832],[-79.581599999874413,18.237200000078566],[-79.592599999885849,18.237200000078566],[-79.606400000128886,18.236800000141525],[-79.615199999958364,18.236499999798202],[-79.632999999633896,18.236900000425333],[-79.644999999728043,18.235199999724234],[-79.657799999888354,18.236300000419373],[-79.668399999866722,18.236699999800187],[-79.681899999635775,18.23849999970475],[-79.697799999603319,18.239600000000387],[-79.701700000375027,18.240399999722236],[-79.708799999614754,18.2418000001888],[-79.722599999857778,18.240799999909054],[-79.735699999593749,18.241600000081117],[-79.752700000101441,18.238699999965878],[-79.764399999721604,18.236600000254533],[-79.777199999881915,18.233300000052903],[-79.784599999595628,18.231199999978305],[-79.785999999711422,18.230500000291901],[-79.802000000136388,18.227300000228677],[-79.816499999988139,18.222599999824062],[-79.827799999575248,18.217899999627051],[-79.836000000253435,18.214300000361327],[-79.846899999807434,18.209000000247691],[-79.868899999830333,18.201400000303121],[-79.883399999682098,18.194999999882906],[-79.895100000200586,18.189599999755067],[-79.915599999650254,18.180999999911872],[-79.924499999937169,18.177399999689236],[-79.93619999955736,18.172700000093844],[-79.952100000423229,18.166599999842109],[-79.96199999989453,18.161899999685769],[-79.970199999674406,18.157899999830573],[-79.976899999779363,18.153999999773919],[-79.990000000413659,18.14640000007261],[-80.002399999642563,18.138500000377864],[-80.012300000012189,18.131300000072535],[-80.024300000106336,18.12409999973022],[-80.042699999831484,18.112600000125077],[-80.05089999961136,18.108599999847428],[-80.064000000245642,18.102800000024462],[-80.076699999948517,18.09779999972881],[-80.088399999568722,18.092000000330358],[-80.096899999822554,18.089799999992373],[-80.108600000341042,18.085100000178908],[-80.110399999591593,18.084399999789767],[-80.115300000446027,18.082299999799439]]},"properties":{"geogdesc":"WALTON FAULT ZONE, EAST CAYMAN TROUGH","type":"TRANSFORM","OBJECTID":210}},{"type":"Feature","id":211,"geometry":{"type":"LineString","coordinates":[[-78.867099999621033,18.150999999790248],[-78.872799999643306,18.152499999817628],[-78.884100000128697,18.152599999816942],[-78.895399999715821,18.153400000312164],[-78.905300000085433,18.152699999759019],[-78.917700000212662,18.150999999790248],[-78.93189999959047,18.148599999601593],[-78.943899999684604,18.144999999848011],[-78.955899999778751,18.141200000167846],[-78.967600000297239,18.13690000021489],[-78.975400000044047,18.133700000374979],[-78.991000000435918,18.126899999962991],[-78.999800000265424,18.121999999830781],[-79.000899999907247,18.121199999991671],[-79.007199999979122,18.117700000191615],[-79.017199999907874,18.112699999879666],[-79.026399999770447,18.109499999910842],[-79.033400000349374,18.105900000095776],[-79.041200000096168,18.104199999685619],[-79.046900000118427,18.103500000399126],[-79.057500000096795,18.10210000026947],[-79.066699999959368,18.101799999762626],[-79.076600000328995,18.101499999596154],[-79.088999999557913,18.099800000054582],[-79.101399999685142,18.097700000010185],[-79.111300000054754,18.095899999590589],[-79.119800000308601,18.093799999797533],[-79.13220000043583,18.088799999876791],[-79.139299999675572,18.085599999966924],[-79.144199999631667,18.084599999819947],[-79.15020000012791,18.082099999709531],[-79.158700000381742,18.078200000221344],[-79.164099999930045,18.077100000243863],[-79.17249999972644,18.075000000010782],[-79.181699999589028,18.07319999982488],[-79.190199999842861,18.072199999908037],[-79.199100000129775,18.072999999613955],[-79.206499999843487,18.072299999643629],[-79.214699999623349,18.071200000273954],[-79.225299999601717,18.070599999809513],[-79.229600000406521,18.070200000068965],[-79.23880000026908,18.069500000038602],[-79.248699999740396,18.069200000147465],[-79.257199999994242,18.067500000193817],[-79.261800000374663,18.066399999794751],[-79.264999999741022,18.064600000276027],[-79.270299999730199,18.061800000044286],[-79.273099999961786,18.060000000366383],[-79.27559999971939,18.059299999829538],[-79.280899999708552,18.055699999997078],[-79.28510000005592,18.05460000002503],[-79.288300000320589,18.052800000051931],[-79.296799999676111,18.053600000132917],[-79.303899999814163,18.054700000384624],[-79.316299999941378,18.055100000399893],[-79.323699999655091,18.056199999804889],[-79.336800000289387,18.057700000088214],[-79.348200000333904,18.059200000379263],[-79.352399999782946,18.059200000379263],[-79.357699999772137,18.059600000401058],[-79.36159999964552,18.060000000366383],[-79.368699999783573,18.059299999829538],[-79.374399999805831,18.058999999599873],[-79.384999999784199,18.059699999623707],[-79.393199999564075,18.059400000076959],[-79.400200000143016,18.058699999712079],[-79.411200000154452,18.055900000261715],[-79.419399999934313,18.053399999813447],[-79.424699999923504,18.051600000363869],[-79.431400000028475,18.049100000257841],[-79.433899999786078,18.048399999870913],[-79.440300000315389,18.047700000113657],[-79.453000000018278,18.047000000132151],[-79.464299999605373,18.050999999583368],[-79.47279999985922,18.053600000132917],[-79.476000000123861,18.055799999730802],[-79.489899999925996,18.058300000203761],[-79.496600000030966,18.058699999712079],[-79.50120000041143,18.059100000018013],[-79.514999999756128,18.058800000300952],[-79.523200000434301,18.060600000315155],[-79.536300000170272,18.062500000015746],[-79.543699999883984,18.06319999976024],[-79.551200000055118,18.064000000323116],[-79.561100000424744,18.063600000070043],[-79.572100000436194,18.064000000323116],[-79.582700000414548,18.06510000037936],[-79.594000000001657,18.064500000426186],[-79.607800000244666,18.063799999883397],[-79.616299999600187,18.063799999883397],[-79.625199999887116,18.064600000276027],[-79.634399999749675,18.062800000247776],[-79.65180000029045,18.059600000401058],[-79.665199999602066,18.057800000392085],[-79.67870000026943,18.055000000267889],[-79.686799999591884,18.053500000001623],[-79.706699999890233,18.049200000329673],[-79.71199999987941,18.047800000127577],[-79.718699999984395,18.04679999999167],[-79.732199999753448,18.043900000153542],[-79.746299999572116,18.040699999622511],[-79.758000000090604,18.038499999869579],[-79.771499999859657,18.037800000002711],[-79.782400000311995,18.036399999601578],[-79.798799999871733,18.035699999921775],[-79.809700000324071,18.035000000019846],[-79.822099999552989,18.0357999999245],[-79.828900000115368,18.036500000060659],[-79.837000000336133,18.037199999974575],[-79.846899999807434,18.03830000031385],[-79.861100000083539,18.039099999735214],[-79.870299999946113,18.039800000408786],[-79.879600000266123,18.040500000005345],[-79.885900000337998,18.040200000153252],[-79.90120000025594,18.039899999789558],[-79.90900000000272,18.039500000217121],[-79.914599999567557,18.040200000153252],[-79.923499999854471,18.042399999999791],[-79.934099999832839,18.041700000276634],[-79.937700000130576,18.042499999610797],[-79.947999999634973,18.043500000281462],[-79.963499999569422,18.041700000276634],[-79.973100000363402,18.041000000330239],[-79.983700000341756,18.041000000330239],[-79.991900000121632,18.043999999765923],[-80.000400000375478,18.043200000420981],[-80.000099999901508,18.044699999731019],[-80.008899999730986,18.043200000420981],[-80.025199999731612,18.0404000001115],[-80.03410000001854,18.039300000089835],[-80.048199999837209,18.038599999989295],[-80.067399999628535,18.035699999921775],[-80.081199999871529,18.034199999894955],[-80.095400000147635,18.030699999940541],[-80.10669999973473,18.028499999881426],[-80.122999999735356,18.024100000144372],[-80.138899999702915,18.022399999822891],[-80.145999999840967,18.01950000024295],[-80.158800000001278,18.01659999989932],[-80.17830000026656,18.01300000028068],[-80.187799999704794,18.011499999945308],[-80.195600000349899,18.009699999945596],[-80.215800000223922,18.006799999768411],[-80.221799999821826,18.005399999810113],[-80.232799999833276,18.003899999721231],[-80.245899999569247,18.001699999856893],[-80.259800000269692,17.996700000217121],[-80.275700000237237,17.995199999595258],[-80.285999999741634,17.992700000115939],[-80.29590000011126,17.991199999655876],[-80.307300000155792,17.989000000291558],[-80.325699999880925,17.986199999723368],[-80.343399999997345,17.982900000276128],[-80.353700000400053,17.981099999740582],[-80.371399999618163,17.977799999796183],[-80.386599999976951,17.974499999697692],[-80.40220000036885,17.972699999830962],[-80.414599999597769,17.970900000418812],[-80.428100000265118,17.969000000366531],[-80.43549999997883,17.967999999956586],[-80.456499999919004,17.967599999574929],[-80.470300000162041,17.963900000114478],[-80.477699999875753,17.96209999991752],[-80.48410000040505,17.960300000187861],[-80.496499999633969,17.956600000007256],[-80.50849999972813,17.954799999819713],[-80.51599999989925,17.953000000108197],[-80.535100000131465,17.94820000018251],[-80.544000000418393,17.947499999991937],[-80.550000000016297,17.946099999846648],[-80.564499999868048,17.946000000266899],[-80.581599999934852,17.946399999955908],[-80.596099999786588,17.946700000411038],[-80.608200000338172,17.945599999673469],[-80.617699999776391,17.946600000315861],[-80.636899999567717,17.946600000315861],[-80.647500000444396,17.947999999922402],[-80.661000000213463,17.950099999920631],[-80.675900000098281,17.950400000082496],[-80.68799999975154,17.950400000082496],[-80.707799999592481,17.947100000226417],[-80.71700000035338,17.946700000411038],[-80.730199999648448,17.948100000080732],[-80.743999999891486,17.946600000315861],[-80.753599999787127,17.946200000224461],[-80.763799999732413,17.945800000083239],[-80.779099999650327,17.944000000220317],[-80.791499999777571,17.939299999662897],[-80.803499999871718,17.937699999650551],[-80.814899999916236,17.935200000161274],[-80.829799999801068,17.930500000103084],[-80.842500000402268,17.930400000255609],[-80.850300000149076,17.928500000116575],[-80.857800000320196,17.928900000040642],[-80.865200000033894,17.92710000010506]]},"properties":{"geogdesc":"WALTON FAULT ZONE, EAST CAYMAN TROUGH","type":"TRANSFORM","OBJECTID":211}},{"type":"Feature","id":212,"geometry":{"type":"LineString","coordinates":[[-80.683299999811993,17.920799999867054],[-80.68859999980117,17.917900000338737],[-80.697100000055002,17.916400000262644],[-80.708100000066452,17.914599999823619],[-80.719799999686629,17.914500000402899],[-80.738200000310087,17.910099999955364],[-80.756299999561278,17.909399999586526],[-80.771499999920096,17.90820000009515],[-80.784300000080393,17.910700000269685],[-80.797399999816363,17.910999999665357],[-80.807700000219072,17.913200000234891],[-80.82440000025278,17.913100000024272],[-80.840399999779436,17.912299999727583],[-80.851300000231774,17.911600000352681],[-80.863399999885033,17.908599999688295],[-80.874399999896482,17.905300000420212],[-80.889299999781315,17.900500000037287],[-80.902400000415582,17.896899999992851],[-80.916199999760309,17.894299999648776],[-80.931099999645141,17.893900000291524],[-80.945600000395217,17.891299999590135],[-80.961599999921859,17.88760000006592],[-80.974299999624748,17.883599999597717],[-80.988499999900853,17.880199999651012],[-81.005500000408531,17.873999999858132],[-81.019400000210652,17.870000000032142],[-81.033500000029349,17.865600000113979],[-81.050600000096125,17.860399999937801],[-81.06049999956744,17.856000000120179],[-81.075400000350584,17.85379999957739],[-81.091300000318142,17.850799999684568],[-81.099100000064922,17.848899999809468],[-81.112599999833975,17.846400000116674],[-81.12359999984541,17.84340000030198],[-81.133100000181969,17.841199999597858],[-81.146999999984089,17.836399999932457],[-81.158299999571199,17.832700000207257],[-81.170000000089686,17.831900000421566],[-81.184600000398873,17.831500000036424],[-81.2009000003995,17.828499999730308],[-81.216099999859992,17.828000000041044],[-81.234899999618221,17.828299999680933],[-81.245600000054026,17.828599999670807],[-81.258699999789982,17.826699999754922],[-81.270800000341552,17.826299999666283],[-81.277500000446537,17.825200000137222],[-81.296999999813494,17.818500000206821],[-81.309399999940723,17.816600000367075],[-81.322899999709776,17.813300000232797],[-81.330300000321799,17.811099999853194],[-81.338799999677335,17.809599999817088],[-81.347000000355507,17.808399999770817],[-81.355499999711029,17.805499999899322],[-81.364300000438845,17.801800000191818]]},"properties":{"geogdesc":"WALTON FAULT ZONE, EAST CAYMAN TROUGH","type":"TRANSFORM","OBJECTID":212}},{"type":"Feature","id":213,"geometry":{"type":"LineString","coordinates":[[-81.161800000309825,17.80189999971331],[-81.172400000288178,17.800800000183958],[-81.184499999941451,17.801399999834814],[-81.193000000195283,17.801399999834814],[-81.212499999562255,17.800200000226344],[-81.21890000009158,17.799799999704039],[-81.234800000059096,17.79929999992866],[-81.24580000007056,17.799599999961981],[-81.259699999872694,17.800299999789171],[-81.268899999735268,17.800200000226344],[-81.290200000149412,17.797500000257688],[-81.298700000403244,17.796400000122897],[-81.307599999791861,17.797099999671175],[-81.319599999886009,17.800299999789171],[-81.33209999957235,17.800599999852022],[-81.345499999782291,17.801200000175363],[-81.352599999920329,17.79929999992866],[-81.362599999849081,17.798199999768475],[-81.371399999678573,17.794899999667212],[-81.382799999723105,17.792600000376719],[-81.389899999861143,17.790000000271391],[-81.399400000197701,17.789599999987313],[-81.413299999999822,17.786200000317102],[-81.421800000253668,17.785900000005938],[-81.433099999840778,17.784300000386011],[-81.44240000016076,17.782800000075788],[-81.456900000012524,17.779800000163746],[-81.46680000038215,17.777499999735454],[-81.476400000277806,17.776800000349194],[-81.488499999931079,17.774499999802725],[-81.501199999633954,17.770800000196747],[-81.508000000196347,17.768599999638703],[-81.513999999794279,17.76710000014652],[-81.52849999964603,17.764400000319426],[-81.543099999955203,17.762199999724078],[-81.550499999668915,17.761400000419911],[-81.564400000369361,17.760199999887934],[-81.567199999702609,17.760499999706276],[-81.576399999565211,17.760799999876973],[-81.598799999621164,17.759900000422022],[-81.610500000139666,17.76060000010424],[-81.622900000266895,17.761199999607062],[-81.633599999804375,17.762499999610029],[-81.642100000058207,17.763899999838468],[-81.655199999794192,17.764500000247875],[-81.673999999552407,17.766199999886137],[-81.687900000252853,17.769699999879951],[-81.694600000357823,17.776200000159346],[-81.699300000297384,17.782999999818408],[-81.702899999696811,17.788099999709495],[-81.710700000341916,17.794200000044938],[-81.714600000215299,17.800000000077262],[-81.71669999993982,17.80210000029879]]},"properties":{"geogdesc":"WALTON FAULT ZONE, EAST CAYMAN TROUGH","type":"TRANSFORM","OBJECTID":213}},{"type":"Feature","id":214,"geometry":{"type":"LineString","coordinates":[[-77.938599999635002,18.456500000372518],[-77.928900000180235,18.452700000249266],[-77.913099999771802,18.447899999819359],[-77.901400000151611,18.445699999882361],[-77.890699999715835,18.443099999887245],[-77.881299999836713,18.442800000338362],[-77.871200000348864,18.444100000281264],[-77.858200000172005,18.4447000002802],[-77.847400000177103,18.444999999919897],[-77.837699999824025,18.445299999887865],[-77.830700000143409,18.446000000332198],[-77.821599999839933,18.445299999887865],[-77.813200000043537,18.443099999887245],[-77.806200000362907,18.441200000146925],[-77.802200000032073,18.440799999901486],[-77.79509999989402,18.441200000146925],[-77.790799999987556,18.440799999901486],[-77.779399999943024,18.439600000395895],[-77.770299999639562,18.436700000160517],[-77.760299999710824,18.432900000074859],[-77.750899999831702,18.428400000112294],[-77.74149999995258,18.422999999819957],[-77.732500000106555,18.418200000042003],[-77.720700000028955,18.413099999934957],[-77.711999999758575,18.409000000363335],[-77.707299999819014,18.406400000346263],[-77.701999999829837,18.404199999628439],[-77.689900000176564,18.400100000353628],[-77.683200000071608,18.398500000189063],[-77.674800000275184,18.397499999784397],[-77.665400000396076,18.396899999653314],[-77.652699999794876,18.395600000156108],[-77.641299999750345,18.394900000035648],[-77.633299999987017,18.395600000156108],[-77.627199999931676,18.396500000393882],[-77.611799999556339,18.397799999918657],[-77.600099999936148,18.399000000345346],[-77.589000000365601,18.400899999976613],[-77.582300000260616,18.402500000007837],[-77.57359999999025,18.403199999928635],[-77.564499999686788,18.403800000274927],[-77.552800000066597,18.403500000363113],[-77.54110000044642,18.403100000235941],[-77.531299999635905,18.403800000274927],[-77.52029999962447,18.404400000235356],[-77.509600000086991,18.404099999664112],[-77.500499999783528,18.403700000078267],[-77.498499999618105,18.403700000078267],[-77.482700000107997,18.398599999995458],[-77.468299999815343,18.396100000205678],[-77.454899999605402,18.393199999836501],[-77.43110000033198,18.388400000353929],[-77.423699999719943,18.387800000075753],[-77.408300000242917,18.389999999692595],[-77.397300000231482,18.392200000207982],[-77.38590000018695,18.393800000067085],[-77.373799999635366,18.393800000067085],[-77.363100000097887,18.393100000305278],[-77.350000000361931,18.389900000009249],[-77.342599999749908,18.387099999810804],[-77.331599999738458,18.383199999881018],[-77.31780000039376,18.378100000042906],[-77.305400000266516,18.374600000155528],[-77.295400000337793,18.372699999606976],[-77.283600000260179,18.371400000051949],[-77.274600000414125,18.371100000009505],[-77.2602000001215,18.368899999673424],[-77.251099999818038,18.365999999621131],[-77.242700000021628,18.360900000274786],[-77.238099999641179,18.356499999699292],[-77.226699999596661,18.34819999976904],[-77.218600000274208,18.343099999965762],[-77.2092000003951,18.337999999720719],[-77.203199999898857,18.333799999744226],[-77.19789999990968,18.331000000211457],[-77.18950000011327,18.327799999807699],[-77.17970000020108,18.325500000256323],[-77.170399999881084,18.323600000252373],[-77.157999999753855,18.322299999582118],[-77.147199999758939,18.320400000252825],[-77.137799999879832,18.320100000336687],[-77.12579999978567,18.320699999648852],[-77.112399999575743,18.321000000230313],[-77.10060000039644,18.31979999990044],[-77.088200000269211,18.317499999744836],[-77.080199999607558,18.315599999735568],[-77.07279999989386,18.312699999817927],[-77.063400000014738,18.30829999966355],[-77.060100000190971,18.306000000227513],[-77.048999999722099,18.299299999850131],[-77.040999999958785,18.294899999588583],[-77.030599999996952,18.288199999871598],[-77.021600000150912,18.281799999900741],[-77.013800000404132,18.275400000029084],[-77.007500000332243,18.269700000205354],[-77.003799999577069,18.267500000183514],[-76.996799999896467,18.260199999667247],[-76.785299999921406,18.151099999794244]]},"properties":{"geogdesc":"JAMAICA, FAULTS","type":"TRANSFORM","OBJECTID":214}},{"type":"Feature","id":215,"geometry":{"type":"LineString","coordinates":[[-76.785299999921406,18.151099999794244],[-76.760200000091288,18.143099999660365],[-76.73710000042658,18.132600000410182],[-76.729400000238897,18.131600000416725],[-76.724999999874996,18.128400000108318],[-76.720299999935435,18.125499999896274],[-76.71629999960463,18.122700000319639],[-76.711599999665069,18.119799999587944],[-76.701900000210287,18.114700000057709],[-76.694499999598278,18.110199999989334],[-76.689100000049976,18.107399999971189],[-76.685499999752238,18.103500000399126],[-76.68039999977961,18.096799999975623],[-76.675099999790433,18.088900000401065],[-76.673099999625009,18.086299999838001],[-76.669700000242145,18.080299999744753],[-76.666000000385282,18.074800000142407],[-76.660700000396091,18.066599999836239],[-76.657700000147969,18.061399999906513],[-76.651699999651754,18.051200000071049],[-76.645000000445094,18.0404000001115],[-76.640600000081179,18.035300000196749],[-76.635199999634565,18.03020000024485],[-76.632600000317851,18.027300000141938],[-76.616799999909432,18.019000000349685],[-76.606399999947598,18.013899999820058],[-76.594999999903081,18.009399999724444],[-76.58130000011748,18.002699999858656],[-76.570599999681704,17.998600000291084],[-76.560500000193855,17.995700000365581],[-76.544099999735792,17.990599999831183],[-76.530300000391094,17.985800000409739],[-76.51730000021422,17.982599999752619],[-76.504500000053923,17.979400000041139],[-76.48949999971164,17.974899999835106],[-76.479400000223805,17.973000000085793],[-76.463300000239727,17.970400000317579],[-76.450199999605431,17.969199999940198],[-76.436200000244185,17.967899999946077],[-76.421799999951546,17.964399999811363],[-76.410700000380984,17.963399999857419],[-76.396900000137975,17.960799999815208],[-76.387900000291935,17.959500000405811],[-76.369800000142433,17.957300000068511],[-76.357100000439544,17.9550999996993],[-76.339299999865702,17.951200000020258],[-76.322900000305964,17.949599999944351],[-76.309500000096051,17.94899999981622],[-76.290700000337793,17.947299999794957],[-76.274299999879759,17.946099999846648],[-76.256799999779886,17.945399999892174],[-76.239699999713082,17.945099999796348],[-76.221299999987949,17.941600000404382],[-76.208200000251978,17.943099999831123],[-76.191500000218255,17.941200000118982],[-76.182100000339148,17.940899999738914],[-76.171999999952973,17.939600000191454]]},"properties":{"geogdesc":"PLAINTAIN GARDEN FAULT, EASTERN JAMAICA","type":"TRANSFORM","OBJECTID":215}},{"type":"Feature","id":216,"geometry":{"type":"LineString","coordinates":[[-81.388800000219334,18.78290000000036],[-81.332499999605432,18.795200000269801],[-81.234600000042576,18.814499999633824],[-81.163400000442138,18.832000000175967],[-81.079399999783092,18.849499999813549],[-80.962100000412377,18.880200000226477],[-80.860500000094348,18.900299999713813],[-80.720999999785874,18.934399999999705],[-80.631399999561992,18.958900000330718],[-80.528899999618687,18.973799999595794],[-80.417999999878958,18.995699999956919],[-80.339500000123948,19.010600000182837],[-80.254500000280501,19.026400000074997],[-80.175100000001891,19.043899999743203],[-80.091900000307348,19.056999999942157],[-79.988499999840414,19.072800000104181],[-79.880400000332287,19.088499999629903],[-79.68369999978465,19.128700000034875],[-79.483199999821053,19.165500000296205],[-79.251400000412858,19.214399999869361],[-79.023200000404103,19.262500000176736],[-78.738699999781446,19.321000000040307],[-78.549399999845818,19.351599999671457],[-78.333599999964292,19.440000000003575]]},"properties":{"geogdesc":"ORIENTE TRANSFORM FAULT","type":"TRANSFORM","OBJECTID":216}},{"type":"Feature","id":217,"geometry":{"type":"LineString","coordinates":[[-65.377499999665432,17.936900000202865],[-65.087200000359729,18.003000000376428],[-64.803600000260658,18.027800000386783],[-64.583400000015246,18.065499999778954],[-64.400000000118425,18.089999999843702],[-64.413299999870929,18.090500000182157],[-64.283000000323355,18.172700000093844],[-64.159300000423301,18.286499999822979],[-63.978800000317179,18.51409999966619],[-63.838499999942542,18.615000000316083],[-63.788300000282312,18.674999999863246]]},"properties":{"geogdesc":"VIRGIN ISLANDS TRANSFORM FAULT","type":"TRANSFORM","OBJECTID":217}},{"type":"Feature","id":218,"geometry":{"type":"LineString","coordinates":[[-63.788300000282312,18.674999999863246],[-63.694699999727611,18.775900000258464],[-63.527799999847964,18.851299999825638],[-63.294099999833492,18.923500000383463],[-63.12730000041126,18.964200000285508],[-62.967000000179162,19.014399999800915],[-62.843500000295656,19.067700000192943]]},"properties":{"geogdesc":"VIRGIN ISLANDS TRANSFORM FAULT","type":"TRANSFORM","OBJECTID":218}},{"type":"Feature","id":219,"geometry":{"type":"LineString","coordinates":[[-63.788300000282312,18.674999999863246],[-63.604799999928076,18.709399999932941],[-63.411299999645088,18.721699999771467],[-63.231100000012937,18.727600000195775],[-63.047700000116116,18.724100000233971],[-62.874300000148047,18.714299999919163],[-62.750899999823652,18.70779999989902],[-62.657500000183802,18.701300000321485]]},"properties":{"geogdesc":"VIRGIN ISLANDS TRANSFORM FAULT","type":"TRANSFORM","OBJECTID":219}},{"type":"Feature","id":220,"geometry":{"type":"LineString","coordinates":[[-71.772300000340749,18.5667000002164],[-71.33730000029648,18.369599999645455],[-71.227300000182055,18.334599999809956],[-71.147299999853814,18.305899999670331],[-71.030700000091826,18.267700000329654],[-70.897299999838708,18.219900000045364]]},"properties":{"geogdesc":"SW HISPANIOLA TRANSFORM FAULTS","type":"TRANSFORM","OBJECTID":220}},{"type":"Feature","id":221,"geometry":{"type":"LineString","coordinates":[[-76.414000000204751,-51.761500000061567],[-75.996199999786413,-51.822299999940277],[-75.974999999829677,-51.870900000064402],[-75.90939999979409,-51.916399999723254],[-75.871899999836742,-51.944100000006621],[-75.815200000088083,-51.993899999980556],[-75.728600000112323,-52.054500000137296],[-75.700500000034083,-52.072400000207644],[-75.615999999782844,-52.134300000043886],[-75.527199999625125,-52.191900000112554],[-75.386999999707925,-52.279400000031217],[-75.258799999884857,-52.348900000056695],[-75.121600000215778,-52.416599999941766],[-75.035499999832197,-52.461399999972805],[-74.919100000086758,-52.520899999919557],[-74.793299999563885,-52.588600000130555],[-74.594199999716054,-52.663499999860569],[-74.4761999998383,-52.704799999954382],[-74.311500000140597,-52.775799999890879],[-74.1929000002132,-52.833500000168662],[-74.046800000257193,-52.89349999999844],[-73.877599999738166,-52.962800000112708],[-73.815100000408137,-52.985299999960716],[-73.659999999707765,-53.042300000097242],[-73.497900000225101,-53.103199999762843],[-73.354300000026697,-53.157400000151569],[-73.215100000192209,-53.21570000008019],[-73.131699999582779,-53.250100000187281],[-73.096700000281359,-53.268800000123335],[-72.985199999593689,-53.320499999953242],[-72.912799999894034,-53.361800000260963],[-72.800999999630704,-53.420200000161813],[-72.68230000014421,-53.482500000228995],[-72.580200000233972,-53.525900000007582],[-72.482699999805874,-53.567999999809224],[-72.429600000354952,-53.582200000235787],[-72.286000000156548,-53.637099999768743],[-72.139799999743104,-53.700100000040308],[-71.97300000032088,-53.762700000065749],[-71.82739999995708,-53.809299999897377],[-71.674900000370073,-53.857100000146346],[-71.554900000326882,-53.889199999774384],[-71.377199999554023,-53.939299999956624],[-71.211299999757074,-53.980100000097444],[-71.100600000033893,-54.009499999895404],[-70.971099999654172,-54.050699999986428],[-70.839500000448226,-54.089100000021602],[-70.777200000236419,-54.106999999848263],[-70.548299999720598,-54.181600000236891],[-70.37790000000065,-54.220699999755027],[-70.232800000127341,-54.25210000010518],[-70.10879999975333,-54.270500000081292],[-69.991199999908659,-54.300899999780697],[-69.891999999789107,-54.327600000177966],[-69.705799999660726,-54.361100000224191],[-69.558899999638541,-54.381800000261052],[-69.36859999962023,-54.40189999986805],[-69.203299999872897,-54.426299999988295],[-69.117200000387626,-54.468900000095843],[-68.983699999677086,-54.495000000157468],[-68.878099999926548,-54.509599999985028],[-68.781599999581147,-54.526799999837188],[-68.701299999677275,-54.537700000121504],[-68.595699999926737,-54.552199999832283],[-68.451200000103057,-54.567499999920464],[-68.32999999996062,-54.573900000125001],[-68.174599999684602,-54.57849999976218],[-68.005800000096997,-54.57490000013577],[-67.834800000327391,-54.568699999914344],[-67.679699999627047,-54.564099999862691],[-67.544999999715571,-54.564900000018397],[-67.412499999986039,-54.567200000001257],[-67.291400000301039,-54.570900000246873],[-67.126699999705025,-54.579300000053045],[-66.973499999610951,-54.58389999979341],[-66.795100000127675,-54.593499999751572],[-66.651200000353612,-54.594300000112206],[-66.459700000236055,-54.586500000242957],[-66.318500000236142,-54.579300000053045],[-66.231900000260381,-54.57420000020511],[-66.097600000381973,-54.563200000195664],[-65.990100000025137,-54.56839999997257],[-65.987899999843179,-54.56839999997257],[-65.875700000445093,-54.576200000020663],[-65.71800000042802,-54.579400000091454],[-65.587800000439557,-54.581699999882261],[-65.432800000196622,-54.575699999765462],[-65.259499999787678,-54.569400000045832],[-65.105400000068329,-54.540899999992838],[-64.950999999875037,-54.519099999842929],[-64.781200000204706,-54.483700000064523],[-64.600799999657681,-54.425599999932935],[-64.555499999953554,-54.415700000093224],[-64.4646000000713,-54.405200000005522],[-64.275100000119124,-54.345500000183655],[-64.119299999810039,-54.302199999794155],[-63.976800000151769,-54.268300000160252],[-63.839099999992165,-54.22780000013843],[-63.658399999869516,-54.176000000226018],[-63.50929999966538,-54.13530000025407],[-63.348600000298518,-54.099700000145724],[-63.208499999940415,-54.063000000066843],[-63.092900000261146,-54.041400000132498],[-62.968099999820964,-54.020999999862326],[-62.811500000344033,-53.997400000002514],[-62.607099999608721,-53.967900000110596],[-62.46640000009932,-53.945799999758698],[-62.357600000084119,-53.925600000159598],[-62.237699999600046,-53.897100000221052],[-62.120299999771895,-53.863199999911217],[-61.96900000028414,-53.820800000091616],[-61.828899999926058,-53.782500000195895],[-61.720299999927384,-53.755400000127217],[-61.621000000248735,-53.725800000089563],[-61.621000000248735,-53.725800000089563],[-61.568299999932577,-53.730499999961538],[-61.478099999659079,-53.700900000132528],[-61.39670000011337,-53.6809000000464],[-61.287700000081628,-53.664500000228237],[-61.123999999568326,-53.647500000044971],[-60.943999999952716,-53.638300000215047],[-60.756700000182505,-53.639800000035208],[-60.651600000024153,-53.642500000028022],[-60.553300000428209,-53.646599999923936],[-60.422799999965761,-53.655699999976328],[-60.321900000154798,-53.667799999808373],[-60.202599999720334,-53.68249999978238],[-60.017199999658104,-53.696200000021584],[-59.745900000127165,-53.685799999986259],[-59.743600000386117,-53.685799999986259],[-59.649900000272282,-53.689999999918342],[-59.474199999664826,-53.686299999995541],[-59.25529999997606,-53.679300000182231],[-59.050399999648569,-53.665699999782923],[-58.83410000017485,-53.649300000168033],[-58.624400000348665,-53.639699999931409],[-58.482699999858241,-53.644599999933632],[-58.428299999850651,-53.634399999789309],[-58.222899999930938,-53.632999999949341],[-58.028700000039223,-53.637200000177671],[-57.832299999965549,-53.638600000185626],[-57.630999999935774,-53.648100000103881],[-57.459499999675678,-53.656600000184334],[-57.302100000132569,-53.65319999985563],[-57.121800000042995,-53.649399999874319],[-56.912199999775922,-53.638499999899892],[-56.787099999760102,-53.626000000187275],[-56.643499999561698,-53.621300000214674],[-56.435700000341818,-53.62260000024304],[-56.177499999648525,-53.628599999904054],[-55.901199999704048,-53.628999999738873],[-55.6729999996953,-53.627299999825532],[-55.456300000188484,-53.621699999979647],[-55.256000000241421,-53.605499999953551],[-55.126400000302588,-53.592900000212019],[-54.988100000093368,-53.566599999795443],[-54.84569999999421,-53.529400000209762],[-54.72839999972517,-53.491199999750229],[-54.59289999974753,-53.454099999818744],[-54.439499999636929,-53.404400000193611],[-54.300200000243322,-53.345299999734749],[-54.183200000448252,-53.300099999785914],[-54.059099999616819,-53.26019999979313],[-53.853600000137995,-53.199999999773489],[-53.708900000297781,-53.162500000221939],[-53.53729999958027,-53.113599999788697],[-53.375299999656711,-53.051099999997106],[-53.251100000164485,-53.013700000258169],[-53.149299999829907,-52.987600000039194],[-53.101799999943822,-52.977300000060175],[-53.008899999896158,-52.956800000059879],[-52.927300000333929,-52.94189999999913],[-52.848100000071852,-52.922999999805775],[-52.757400000206147,-52.906600000113109],[-52.659800000218944,-52.891499999993279],[-52.585099999879887,-52.87530000008919],[-52.482999999969664,-52.857400000097165],[-52.369599999574021,-52.837899999980493],[-52.215099999821597,-52.816499999739065],[-52.085899999915846,-52.793999999812613],[-51.938199999827511,-52.774099999981374],[-51.856299999791297,-52.767400000020579],[-51.797300000301568,-52.756900000144299],[-51.704099999779956,-52.745999999886912],[-51.565599999554188,-52.726099999857972],[-51.436100000072777,-52.707799999976167],[-51.226400000246599,-52.699399999831456],[-51.055300000019571,-52.696999999990076],[-50.927599999788718,-52.692499999944957],[-50.647300000411747,-52.677600000077355],[-50.457700000002156,-52.681899999828595],[-50.286300000199496,-52.685100000174316],[-50.092399999883426,-52.682499999815825],[-49.99889999978614,-52.678400000012381],[-49.909600000036235,-52.686899999807324],[-49.682299999652756,-52.721099999858374],[-49.48749999971141,-52.740599999789019],[-49.259899999752271,-52.783100000154057],[-49.072100000389867,-52.79980000024716],[-48.934699999805922,-52.810400000127352],[-48.776700000213204,-52.823400000059848],[-48.54160000008293,-52.82159999987951],[-48.377899999569628,-52.804099999741233],[-48.231000000445768,-52.763499999729852],[-48.070399999739692,-52.724000000170548],[-47.925099999849841,-52.70259999975238],[-47.756700000295297,-52.686500000008174],[-47.599899999903492,-52.66909999993576],[-47.431500000348947,-52.654300000263234],[-47.198499999943195,-52.656700000190028],[-46.871899999881073,-52.660499999785905],[-46.684299999636899,-52.671799999787972],[-46.540199999846294,-52.679500000236366],[-46.407599999659347,-52.683200000184129],[-46.348499999712175,-52.676899999825714],[-46.256700000204653,-52.6895000001252],[-46.062500000312944,-52.693699999868556],[-45.914200000174979,-52.690299999904425],[-45.767799999745009,-52.697999999855483],[-45.563399999908007,-52.73119999982422],[-45.392800000171498,-52.774400000154515],[-45.286600000371344,-52.807500000018813],[-45.150199999870097,-52.853899999742424],[-45.046000000235345,-52.892499999879171],[-44.932700000297132,-52.929500000202609],[-44.826200000022993,-52.969300000052279],[-44.710800000360258,-53.003499999984946],[-44.60479999967832,-53.028099999902551],[-44.588800000151664,-53.030600000092043],[-44.467100000417034,-53.048199999913429],[-44.257199999676004,-53.043999999769163],[-44.115399999626469,-53.050299999875982],[-43.987500000277379,-53.052699999964581],[-43.765800000357054,-53.059300000200359],[-43.612699999822112,-53.06269999999666],[-43.409199999610387,-53.070900000218849],[-43.173999999921001,-53.073200000047265],[-42.982400000244333,-53.06919999988893],[-42.777400000357709,-53.056799999971652],[-42.624600000296731,-53.051999999931326],[-42.481000000098327,-53.044599999848913],[-42.210000000143033,-53.028499999838232],[-42.104899999984681,-53.029899999843437],[-42.006400000372196,-53.039499999784447],[-42.004099999732816,-53.038099999759936],[-41.788200000292171,-53.072199999892931],[-41.597900000273853,-53.095700000171647],[-41.434599999793633,-53.126399999826965],[-41.271199999754288,-53.162500000221939],[-41.188099999618842,-53.187400000167756],[-41.114000000227733,-53.215100000185039],[-40.995800000333418,-53.260000000263169],[-40.853299999776837,-53.286699999815959],[-40.697199999892092,-53.307799999756234],[-40.529800000420245,-53.328700000073752],[-40.387800000354162,-53.340400000077906],[-40.206900000214965,-53.354400000190587],[-40.064999999708007,-53.363300000113391],[-39.959599999973996,-53.374199999807338],[-39.801699999940389,-53.384299999982382],[-39.630300000137709,-53.388799999758788],[-39.445999999717301,-53.371299999732059],[-39.305500000224455,-53.344900000227625],[-39.156100000444681,-53.31159999980482],[-38.69570000009633,-53.290300000257375],[-38.533100000123149,-53.304499999930179],[-38.512500000216058,-53.305600000119462],[-38.488999999619963,-53.321699999882796],[-38.416399999903753,-53.309799999768494],[-38.272500000129696,-53.311899999767157],[-38.126800000206771,-53.303099999746657],[-37.972499999572577,-53.277799999755018],[-37.825000000399086,-53.253999999736585],[-37.652100000023218,-53.236599999985785],[-37.451299999585643,-53.233900000014224],[-37.32120000005461,-53.233499999813688],[-37.152199999552117,-53.235300000049243],[-36.980500000173805,-53.246699999961351],[-36.77889999967006,-53.265800000220679],[-36.684899999980587,-53.275500000108252],[-36.593099999574747,-53.290600000071088],[-36.491599999714133,-53.316499999757454],[-36.32360000019267,-53.352400000059959],[-36.201199999951001,-53.388900000125354],[-36.090300000211279,-53.425499999994351],[-35.949500000244441,-53.465800000209803],[-35.822400000063205,-53.504800000127609],[-35.673899999908713,-53.567999999809224],[-35.622700000165771,-53.59299999980184],[-35.517199999974345,-53.66610000020215],[-35.446800000440085,-53.715199999996713],[-35.369099999852921,-53.777600000150542],[-35.297599999778541,-53.856200000203117],[-35.238499999831376,-53.909199999896565],[-35.150899999772896,-53.992700000061156],[-35.093900000448585,-54.04959999994152],[-35.018699999619031,-54.103499999940937],[-34.85980000040103,-54.198999999963924],[-34.718400000384584,-54.254499999811216],[-34.621299999989567,-54.285299999936434],[-34.453200000010654,-54.324299999786454],[-34.345299999620742,-54.340199999924081],[-34.166500000104378,-54.356500000228266],[-34.044899999928859,-54.373499999917151],[-33.934200000205671,-54.402599999964508],[-33.859800000340599,-54.437500000157002],[-33.831900000278907,-54.450399999993003],[-33.75450000016572,-54.5037999998438],[-33.7054000001473,-54.533600000190276],[-33.634999999714715,-54.580399999994142],[-33.566699999904998,-54.636300000154385],[-33.507900000431796,-54.679200000142643],[-33.435299999817282,-54.725699999784027],[-33.358200000178059,-54.772100000162801],[-33.239600000250668,-54.827199999972386],[-33.230200000371546,-54.832299999836479],[-33.119200000174395,-54.87029999987859],[-33.043400000193529,-54.88239999977489],[-32.745999999851442,-54.895699999776383],[-32.636799999803173,-54.886400000140029],[-32.532099999677897,-54.879700000254552],[-32.35490000029386,-54.856399999920598],[-32.234500000217601,-54.840399999821813],[-32.077899999842337,-54.817300000069118],[-32.009699999591724,-54.811199999995992],[-31.854399999773147,-54.811799999910733],[-31.668799999694368,-54.827799999759705],[-31.503600000404489,-54.849300000217958],[-31.390800000058466,-54.874100000049665],[-31.287799999624639,-54.879299999945928],[-31.090400000366582,-54.906999999913246],[-30.844900000274489,-54.937899999861969],[-30.632400000216737,-54.944300000128997],[-30.461200000430608,-54.942100000117556],[-30.292799999977738,-54.929399999900269],[-30.131000000070728,-54.922099999800977],[-30.018999999790879,-54.924600000222959],[-29.899700000254757,-54.938800000137071],[-29.842299999999032,-54.948499999984776]]},"properties":{"geogdesc":"NORTH SCOTIA RIDGE TRANSFORM FAULT","type":"TRANSFORM","OBJECTID":221}},{"type":"Feature","id":222,"geometry":{"type":"LineString","coordinates":[[16.549900000183257,40.621899999896627],[16.597499999628464,40.577499999931085],[16.62630000021376,40.555300000016558],[16.659500000264622,40.530799999954112],[16.725900000366398,40.480799999757039],[16.789399999779143,40.428500000007354],[16.805299999746673,40.419500000251183],[16.885999999683644,40.346099999778772],[16.916299999943824,40.321500000043258],[16.948099999878924,40.300300000217163],[17.001499999803816,40.253500000048689],[17.069300000021354,40.202099999945951],[17.119800000155532,40.160800000038037],[17.189100000047986,40.107099999808341],[17.232300000027603,40.062400000166996],[17.27409999989143,40.027700000302218],[17.343399999783852,39.979399999686429],[17.433000000007727,39.919999999922204],[17.47479999987155,39.889600000023627],[17.558599999615748,39.832299999780332],[17.593199999782428,39.80650000017836],[17.619099999678721,39.777299999818247],[17.705800000111889,39.717699999950874],[17.743300000069244,39.689500000129712],[17.775100000004343,39.672600000329929],[17.893499999915189,39.5903000001937],[17.944000000049403,39.555299999707117],[17.985900000370648,39.525999999794081],[18.017700000305744,39.502300000102537],[18.035000000389068,39.491000000198689],[18.058100000053781,39.469499999784702],[18.118699999675844,39.428799999843243],[18.135999999759168,39.414099999948981],[18.146100000145349,39.40399999985528],[18.216800000153562,39.335100000229794]]},"properties":{"geogdesc":"TRANSFORM FAULT, NORTHERN IONIAN SEA, MEDITERRAN","type":"TRANSFORM","OBJECTID":222}},{"type":"Feature","id":223,"geometry":{"type":"LineString","coordinates":[[18.216800000153562,39.335100000229794],[18.261600000265485,39.322500000335523],[18.30209999957264,39.29419999987114],[18.342500000219005,39.269199999708754],[18.416100000017927,39.21820000003585],[18.466600000152106,39.175200000079585],[18.49410000018074,39.154700000134667],[18.558999999709272,39.104800000337114],[18.587899999853661,39.086599999746205],[18.680300000309121,39.020700000332241],[18.748099999628362,38.962700000138149],[18.788500000274691,38.922899999844525],[18.874999999793051,38.839800000273534],[18.905399999612357,38.832900000041448],[18.932800000081826,38.815800000291205],[19.015100000151136,38.75529999968186],[19.098800000336208,38.697099999942523],[19.156599999726691,38.651399999852202],[19.204200000070198,38.609099999852965],[19.235900000446168,38.580600000145289],[19.325400000212625,38.521000000143268],[19.412000000188403,38.453399999883885],[19.456800000300358,38.420199999912107],[19.520299999713099,38.368600000094879],[19.541899999702892,38.346800000339904],[19.599600000432577,38.297500000150166],[19.60969999992043,38.291700000185344],[19.66169999972956,38.261799999868003],[19.696400000353631,38.237700000166825],[19.764199999672872,38.182499999758434],[19.795900000048846,38.153699999749186],[19.852199999764409,38.105399999756287],[19.89120000029498,38.076600000291727]]},"properties":{"geogdesc":"TRANSFORM FAULT, NORTHERN IONIAN SEA, MEDITERRAN","type":"TRANSFORM","OBJECTID":223}},{"type":"Feature","id":224,"geometry":{"type":"LineString","coordinates":[[66.688999999886605,25.19330000024992],[66.460199999828248,25.177200000033899],[66.445299999943387,25.015099999872493],[66.261500000013498,24.735200000017077],[66.079100000199404,24.513899999645066],[65.880299999927217,24.326999999968468],[65.60829999988924,24.128500000233107],[65.301600000125447,23.933300000297123],[64.972399999848321,23.779099999789548],[64.665399999610557,23.621899999884725],[64.273999999579004,23.47260000000966],[63.81440000019515,23.342000000012664],[63.440100000230387,23.195200000386357],[63.117899999633828,22.990299999894454],[62.791899999621329,22.667499999749705],[62.459400000418704,22.259700000377507],[62.086499999671389,21.848200000230218],[61.75340000041917,21.380500000122652],[61.416499999954297,20.840899999669208],[61.114799999705745,20.350100000089853],[60.802799999952796,19.788300000274621],[60.516300000063055,19.250300000041133],[60.309399999570125,18.81690000000474],[60.19499999999011,18.409300000067727],[60.06609999965999,17.892599999572997],[59.964500000240278,17.452099999732152],[59.915499999780955,17.072999999711548],[59.919700000128323,16.768100000371877],[59.924200000051336,16.379099999894738],[59.888199999768894,15.986900000292513],[59.787800000448406,15.53500000032261],[59.624999999560401,15.133000000059468],[59.463100000094279,14.821600000391282],[59.226199999815137,14.470200000339853],[58.90870000005647,13.975999999756553],[58.352899999902881,12.784400000376412]]},"properties":{"geogdesc":"OWEN FRACTURE ZONE, NORTHERN INDIAN OCEA","type":"TRANSFORM","OBJECTID":224}},{"type":"Feature","id":225,"geometry":{"type":"LineString","coordinates":[[34.447900000021491,27.508399999950232],[34.591300000203347,27.897699999625097],[34.525399999693789,27.944800000028994],[34.575600000252329,28.08229999983374],[34.631499999934832,28.152200000020432],[34.698900000119281,28.23599999981597],[34.756199999917577,28.346500000391877],[34.806399999577827,28.493500000066149],[34.833699999589875,28.598600000170109],[34.767700000419552,28.637799999854739],[34.865199999949333,28.880399999815655],[34.792099999742597,28.905700000196511],[34.886700000380003,29.148899999928723],[34.97419999998106,29.372699999678542],[34.916799999725342,29.406599999619726],[34.992799999722756,29.567200000342332],[35.090300000150833,29.813799999993083],[35.160600000125989,30.005000000184729],[35.232300000216931,30.189499999721725],[35.271000000273503,30.348799999948241],[35.361300000106141,30.623299999988422],[35.433000000197055,30.82030000009307],[35.476099999719253,31.023000000182662],[35.51619999989164,31.176000000328262],[35.539100000438104,31.31769999971613],[35.576400000378911,31.503400000092473],[35.589300000098348,31.639699999812475],[35.507600000078682,31.66299999998726],[35.532000000300052,31.834499999898398],[35.547700000251069,31.940899999656825],[35.559199999854712,32.091199999883742],[35.587899999982554,32.278999999705576],[35.616600000110438,32.488299999719942],[35.626600000039161,32.619400000341365],[35.63230000006142,32.761300000143329],[35.582199999960295,32.772200000175211],[35.599399999586204,32.940500000112529],[35.610799999630721,33.091499999883823],[35.619400000342019,33.246999999904148],[35.638099999642797,33.408300000151897],[35.666799999770646,33.515299999914944],[35.702600000036576,33.602900000222114],[35.767100000430347,33.707200000267171],[35.82589999990352,33.807899999866649],[35.886100000390826,33.907199999935223],[35.947799999654677,34.011099999726447],[36.036700000269825,34.108999999815268],[36.121300000080211,34.220999999909473],[36.191600000055331,34.29479999989789],[36.250400000426843,34.367400000346592],[36.300499999629665,34.460100000153211],[36.34210000037524,34.591799999634326],[36.359300000001141,34.690200000166968],[36.359300000001141,34.810900000070554],[36.367899999814107,34.952700000204025],[36.373700000293788,35.068300000216766],[36.366499999698313,35.240300000327558],[36.373700000293788,35.351900000169145],[36.372199999720578,35.450599999860373],[36.299100000412174,35.478699999655348],[36.314899999922275,35.597099999654581],[36.332100000446509,35.671999999701789],[36.370799999604785,35.73749999967302],[36.413799999567857,35.784200000328163],[36.446799999602199,35.814599999739258],[36.485499999658799,35.837999999699605],[36.521400000382116,35.870700000183298],[36.55000000005257,35.909200000273387],[36.583000000086876,35.975600000261565],[36.613100000330547,36.038599999976029],[36.634599999862921,36.135100000317927],[36.661899999875004,36.243199999780799],[36.694899999909318,36.35469999964473],[36.720700000246481,36.46709999966432],[36.773700000138312,36.597900000262449],[36.805300000056867,36.676500000250712],[36.845400000229226,36.751500000280103],[36.908499999608907,36.833399999844978],[36.974499999677562,36.901299999917278],[37.018899999756421,36.945099999860602],[37.077700000127933,36.987699999865676],[37.117899999859418,37.021000000023882]]},"properties":{"geogdesc":"TRANSFORM FAULT BETWEEN ARABIA AND LEVANT (SINAI","type":"TRANSFORM","OBJECTID":225}},{"type":"Feature","id":226,"geometry":{"type":"LineString","coordinates":[[-74.559700000006828,18.367000000293576],[-74.55230000029313,18.367599999620676],[-74.542599999940037,18.369399999577873],[-74.534699999735835,18.370100000079059],[-74.527599999597783,18.371600000358772],[-74.518900000225699,18.372299999606845],[-74.514099999828716,18.372299999606845],[-74.510500000429303,18.37290000011177],[-74.505000000423564,18.37360000005253],[-74.49870000035169,18.374500000065122],[-74.492499999838927,18.374700000187996],[-74.487300000307172,18.374500000065122],[-74.480699999761313,18.375399999644443],[-74.469899999766398,18.376699999744901],[-74.462799999628359,18.377599999779655],[-74.453100000173592,18.378000000276728],[-74.443300000261388,18.378599999709003],[-74.43239999980905,18.379500000058226],[-74.418999999599109,18.380899999789904],[-74.409300000144341,18.382200000201415],[-74.396499999984044,18.383899999785989],[-74.386700000071841,18.385700000129749],[-74.374299999944597,18.387299999811251],[-74.367700000297063,18.388899999984709],[-74.360499999701602,18.389699999616091],[-74.355700000202901,18.391999999926831],[-74.353999999613166,18.391999999926831],[-74.341600000384247,18.394199999628338],[-74.330200000339701,18.395900000189531],[-74.322500000152033,18.397499999784397],[-74.311100000107515,18.39790000013145],[-74.301599999770971,18.397699999647838],[-74.290399999742988,18.398100000382858],[-74.282899999571853,18.398100000382858],[-74.275699999874675,18.399000000345346],[-74.268900000210607,18.39970000000109],[-74.258999999840981,18.398699999743826],[-74.247599999796449,18.39920000017197],[-74.238100000358216,18.399399999766338],[-74.22880000003822,18.399099999861473],[-74.22100000029144,18.399300000424383],[-74.211099999921814,18.398200000421493],[-74.191199999623436,18.397100000213335],[-74.175600000129862,18.397299999688748],[-74.164000000068796,18.3954000004119],[-74.15640000033855,18.3954000004119],[-74.146099999935842,18.39519999958312],[-74.140100000337938,18.395600000156108],[-74.131899999659737,18.395999999800424],[-74.126399999654012,18.395999999800424],[-74.120899999648316,18.395299999600322],[-74.116300000166177,18.395799999668174],[-74.110400000127356,18.396199999700507]]},"properties":{"geogdesc":"ENRIQUILLO-PLAINTAIN GARDEN FZ, HAITI SOUTHERN P","type":"TRANSFORM","OBJECTID":226}},{"type":"Feature","id":227,"geometry":{"type":"LineString","coordinates":[[-74.1291999998856,18.394500000394689],[-74.12220000020497,18.389299999838371],[-74.116100000149629,18.385499999977792],[-74.11269999986844,18.383899999785989],[-74.106799999829619,18.381800000069521],[-74.102200000347494,18.380500000052155],[-74.099899999708114,18.38010000023899]]},"properties":{"geogdesc":"ENRIQUILLO-PLAINTAIN GARDEN FZ, HAITI SOUTHERN P","type":"TRANSFORM","OBJECTID":227}},{"type":"Feature","id":228,"geometry":{"type":"LineString","coordinates":[[-74.08399999974057,18.373300000425733],[-74.072399999679504,18.369399999577873],[-74.065699999574534,18.368099999881871],[-74.055800000103218,18.367199999732719],[-74.051999999788947,18.367099999615824]]},"properties":{"geogdesc":"ENRIQUILLO-PLAINTAIN GARDEN FZ, HAITI SOUTHERN P","type":"TRANSFORM","OBJECTID":228}},{"type":"Feature","id":229,"geometry":{"type":"LineString","coordinates":[[-74.042100000317646,18.364699999888767],[-74.029999999766062,18.363999999649582],[-74.020900000360896,18.364799999691169],[-74.013499999748888,18.364600000028407],[-74.007399999693547,18.364099999857554]]},"properties":{"geogdesc":"ENRIQUILLO-PLAINTAIN GARDEN FZ, HAITI SOUTHERN P","type":"TRANSFORM","OBJECTID":229}},{"type":"Feature","id":230,"geometry":{"type":"LineString","coordinates":[[-73.995199999582837,18.360599999883586],[-73.983999999554882,18.36280000030791],[-73.973700000050471,18.365200000026519],[-73.957800000082926,18.367000000293576],[-73.943399999790302,18.368299999751201],[-73.93079999964651,18.368999999599701],[-73.918299999960169,18.370100000079059],[-73.905400000240746,18.371600000358772],[-73.896400000394721,18.372499999722837],[-73.887300000091244,18.373800000366401],[-73.877999999771248,18.375300000017802],[-73.869599999974824,18.376199999685433],[-73.85980000006262,18.378699999979734],[-73.853700000007294,18.38010000023899],[-73.847999999985035,18.381599999655602],[-73.838499999648477,18.383600000174727],[-73.830499999885149,18.384300000160547],[-73.820600000413847,18.385099999830224],[-73.811300000093851,18.385599999656545],[-73.800700000115484,18.386699999966215],[-73.791599999812021,18.387499999579621],[-73.780700000257994,18.388400000353929],[-73.773299999645971,18.389099999601367],[-73.763499999733781,18.389099999601367],[-73.753800000279014,18.389699999616091],[-73.744299999942484,18.390599999983735],[-73.735500000112978,18.392200000207982],[-73.725999999776434,18.393700000031679],[-73.714100000139723,18.395500000313049],[-73.708699999693096,18.396599999656491],[-73.691999999659387,18.400200000083522],[-73.683900000336962,18.401499999812426],[-73.676099999691843,18.402600000048956],[-73.666000000203994,18.403500000363113],[-73.65480000017601,18.405499999846995],[-73.645699999872548,18.40679999962633],[-73.631800000070427,18.409100000038755],[-73.61950000040062,18.409899999612723],[-73.608399999931748,18.411700000189196],[-73.596799999870683,18.412099999939183],[-73.588899999666467,18.412499999611946],[-73.574100000239056,18.413400000164405],[-73.560900000045649,18.413199999785434],[-73.542900000353598,18.413199999785434],[-73.529999999735836,18.413800000225056],[-73.52159999993944,18.413600000310929],[-73.504899999905717,18.413800000225056],[-73.492899999811584,18.413699999870882],[-73.482499999849765,18.41349999984056],[-73.474900000119504,18.413899999668789],[-73.461899999942645,18.413699999870882],[-73.447699999666554,18.413600000310929],[-73.433999999880953,18.411800000000756],[-73.423199999886066,18.412299999891758],[-73.40460000014437,18.412699999952025],[-73.386900000027964,18.414200000208357],[-73.371899999685681,18.414900000285854],[-73.356900000241751,18.415100000393817],[-73.342800000423054,18.416100000003826],[-73.329699999788772,18.415900000205816],[-73.313199999771612,18.416999999627549],[-73.303300000300311,18.416300000421717],[-73.290399999682549,18.417199999851643],[-73.280700000227796,18.417599999602455],[-73.267000000442195,18.417399999843273],[-73.253099999741735,18.417499999751929],[-73.238700000347421,18.416800000023272],[-73.228399999944713,18.416600000186534],[-73.218199999999442,18.417499999751929],[-73.20619999990528,18.418800000093789],[-73.193700000218939,18.420599999626404],[-73.182300000174408,18.420999999995278],[-73.17259999982133,18.422100000049216],[-73.15780000039392,18.423899999995282],[-73.14709999995813,18.424799999722602],[-73.129799999874791,18.427400000414107],[-73.114499999956891,18.428099999620311],[-73.105300000094303,18.427900000137885],[-73.088800000077143,18.429200000285821],[-73.074599999801038,18.430900000333697],[-73.059600000357079,18.435000000369961],[-73.044499999557388,18.438000000234652],[-73.037499999876772,18.439199999834742],[-73.02669999988187,18.441800000047344],[-73.008500000173257,18.444100000281264],[-72.995700000012945,18.446499999633549],[-72.98209999978647,18.449399999772364],[-72.970499999725391,18.452100000076531],[-72.961899999912433,18.452300000367043],[-72.951499999950613,18.453000000401566],[-72.942900000137655,18.456699999798253],[-72.938200000198108,18.458799999724498],[-72.931900000126234,18.462800000285092],[-72.930000000418246,18.465199999837381],[-72.925099999563827,18.465700000311823],[-72.920700000098222,18.465900000093665],[-72.916200000175209,18.467199999809299],[-72.91139999977824,18.46900000012899],[-72.909500000070267,18.472600000340609]]},"properties":{"geogdesc":"ENRIQUILLO-PLAINTAIN GARDEN FZ, HAITI SOUTHERN P","type":"TRANSFORM","OBJECTID":230}},{"type":"Feature","id":231,"geometry":{"type":"LineString","coordinates":[[-72.877599999677741,18.491899999816624],[-72.85519999962176,18.494800000084822],[-72.84100000024398,18.495700000408473],[-72.833500000072846,18.496099999602297],[-72.827299999560068,18.496299999700845],[-72.816600000022603,18.496099999602297]]},"properties":{"geogdesc":"ENRIQUILLO-PLAINTAIN GARDEN FZ, HAITI SOUTHERN P","type":"TRANSFORM","OBJECTID":231}},{"type":"Feature","id":232,"geometry":{"type":"LineString","coordinates":[[-72.789999999619269,18.497300000097955],[-72.776200000274571,18.49619999968078],[-72.764000000163861,18.495900000122163],[-72.753899999777701,18.497300000097955],[-72.745000000389084,18.497499999647079],[-72.729399999997213,18.498600000233701],[-72.725100000090734,18.499000000321576]]},"properties":{"geogdesc":"ENRIQUILLO-PLAINTAIN GARDEN FZ, HAITI SOUTHERN P","type":"TRANSFORM","OBJECTID":232}},{"type":"Feature","id":233,"geometry":{"type":"LineString","coordinates":[[-72.710600000238969,18.498499999852768],[-72.700699999869357,18.496999999910347],[-72.692599999648579,18.497799999810766],[-72.679600000370073,18.499199999589212],[-72.668099999868105,18.50180000033172],[-72.660500000137844,18.502899999704461],[-72.647400000401888,18.504500000270628],[-72.635600000324274,18.506299999857518],[-72.62469999987195,18.507800000104154],[-72.612600000218677,18.510300000265495],[-72.603899999948297,18.512100000188976],[-72.591499999821067,18.514999999896283],[-72.576300000360575,18.518499999699085],[-72.564300000266428,18.520699999865183],[-72.55430000033769,18.521800000409819],[-72.546899999725682,18.521899999953664],[-72.541700000193913,18.521800000409819],[-72.533399999956615,18.522700000161681],[-72.520999999829385,18.523100000139955],[-72.517600000446507,18.523300000204156],[-72.503400000170402,18.524499999935983],[-72.493299999784242,18.523100000139955],[-72.475999999700903,18.523699999630793],[-72.462099999898754,18.52399999986444],[-72.446700000421728,18.526199999975386],[-72.431500000062925,18.528399999887014],[-72.42190000016727,18.529500000299187],[-72.410799999698398,18.531899999703267],[-72.394899999730853,18.534100000357501],[-72.380999999928733,18.538199999832624],[-72.369399999867639,18.540900000082555],[-72.350600000109438,18.542799999913672],[-72.33619999981677,18.545300000214898],[-72.323500000113896,18.547699999972373],[-72.3113000000032,18.550600000416829],[-72.298200000267229,18.551299999811015],[-72.288499999914137,18.553500000148023],[-72.277299999886154,18.556699999883651],[-72.26529999979202,18.559500000256403],[-72.253400000155295,18.562000000423687],[-72.242699999719505,18.564499999727552],[-72.231299999674974,18.567100000198732],[-72.21630000023103,18.569099999664711],[-72.203199999596734,18.569599999698799],[-72.191999999568765,18.569499999979541],[-72.179699999898958,18.570399999599612],[-72.17170000013563,18.571100000372798],[-72.164699999556674,18.571100000372798],[-72.152100000311236,18.569700000210958],[-72.146600000305497,18.570399999599612],[-72.13580000031061,18.570499999642667],[-72.11810000019419,18.570499999642667],[-72.112600000188479,18.570499999642667],[-72.101600000177015,18.571599999652513],[-72.087700000374909,18.571399999946252],[-72.079000000104514,18.571399999946252],[-72.067800000076517,18.570200000189107],[-72.058299999739972,18.570200000189107],[-72.048899999860879,18.570599999627106],[-72.038699999915579,18.571299999579367],[-72.021599999848803,18.571500000254463],[-72.012500000443666,18.570099999970132],[-72.002000000024395,18.568100000308497],[-71.99100000001296,18.566000000119256],[-71.982400000200002,18.566000000119256],[-71.975799999654157,18.565700000414818],[-71.966999999824651,18.565499999751033],[-71.957900000419514,18.565899999992542],[-71.950699999824039,18.566400000039913],[-71.946500000374996,18.56679999987416],[-71.942300000027629,18.567100000198732],[-71.887999999579137,18.566000000119256],[-71.848900000387772,18.56510000027474],[-71.835399999720408,18.564099999609688],[-71.823799999659343,18.56319999996057],[-71.81290000010533,18.56319999996057],[-71.804999999901113,18.562699999901842],[-71.798299999796143,18.562899999590211],[-71.789400000407539,18.564300000211642],[-71.782500000286021,18.565200000018848],[-71.777400000313378,18.565600000112219],[-71.772300000340749,18.5667000002164]]},"properties":{"geogdesc":"ENRIQUILLO-PLAINTAIN GARDEN FZ, HAITI SOUTHERN P","type":"TRANSFORM","OBJECTID":233}},{"type":"Feature","id":234,"geometry":{"type":"LineString","coordinates":[[-78.187900000041353,19.59029999992427],[-78.161699999671114,19.591699999590187]]},"properties":{"geogdesc":"ORIENTE FAULT, SOUTH OF CUBA","type":"TRANSFORM","OBJECTID":234}},{"type":"Feature","id":235,"geometry":{"type":"LineString","coordinates":[[-78.152299999792007,19.592800000216577],[-78.130699999802189,19.595399999819591]]},"properties":{"geogdesc":"ORIENTE FAULT, SOUTH OF CUBA","type":"TRANSFORM","OBJECTID":235}},{"type":"Feature","id":236,"geometry":{"type":"LineString","coordinates":[[-78.120499999856918,19.601299999674161],[-78.102500000164838,19.603800000034823],[-78.086000000147678,19.606700000050171],[-78.063699999650822,19.610000000078891],[-78.049199999799058,19.612199999993752],[-78.031200000106992,19.614000000383196],[-78.018599999963243,19.615100000009097],[-78.005700000243792,19.618400000267584],[-77.996700000397766,19.61950000024822],[-77.988400000160468,19.619100000357015]]},"properties":{"geogdesc":"ORIENTE FAULT, SOUTH OF CUBA","type":"TRANSFORM","OBJECTID":236}},{"type":"Feature","id":237,"geometry":{"type":"LineString","coordinates":[[-78.001400000337327,19.598099999804685],[-77.957099999817572,19.607899999586483],[-77.925800000373016,19.613799999642648],[-77.908500000289663,19.617800000182314],[-77.881099999820179,19.622899999745663],[-77.862300000061936,19.626899999734977],[-77.839900000005983,19.633200000034357],[-77.816400000308178,19.642000000404153],[-77.787399999706352,19.648599999699091],[-77.767399999848877,19.653000000150506],[-77.750600000256057,19.656999999826031],[-77.72820000020009,19.663899999816394],[-77.717600000221722,19.666899999593479],[-77.700799999730592,19.668700000089753],[-77.688599999619896,19.67090000022192],[-77.673699999735064,19.671999999960732],[-77.656100000076066,19.672999999861929],[-77.646300000163862,19.67339999993618],[-77.638899999551853,19.674500000279028],[-77.63610000021859,19.674500000279028]]},"properties":{"geogdesc":"ORIENTE FAULT, SOUTH OF CUBA","type":"TRANSFORM","OBJECTID":237}},{"type":"Feature","id":238,"geometry":{"type":"LineString","coordinates":[[-77.693800000049961,19.649900000161786],[-77.664400000313364,19.651300000205019],[-77.649899999563303,19.654199999866368],[-77.624399999700103,19.657500000385951],[-77.602500000134626,19.661100000193706],[-77.588699999891631,19.662200000347593],[-77.564400000127677,19.665500000367079],[-77.53819999975741,19.667999999713729],[-77.513499999960374,19.668300000128333],[-77.494700000202144,19.667900000014697],[-77.474700000344669,19.668199999770561],[-77.456699999754278,19.668199999770561],[-77.435200000221911,19.669300000275108],[-77.415600000397504,19.671100000043861],[-77.392099999801403,19.672099999639496],[-77.373199999585736,19.672799999873337],[-77.358699999733986,19.672799999873337]]},"properties":{"geogdesc":"ORIENTE FAULT, SOUTH OF CUBA","type":"TRANSFORM","OBJECTID":238}},{"type":"Feature","id":239,"geometry":{"type":"LineString","coordinates":[[-77.347000000113823,19.656500000245437],[-77.320399999710475,19.661300000398409],[-77.276100000089031,19.670799999794415],[-77.248699999619546,19.672899999898835],[-77.219299999882949,19.678099999818166],[-77.190300000179448,19.683199999832631],[-77.171799999996864,19.68569999962223],[-77.144000000392609,19.6893000003491],[-77.118899999664166,19.694499999838751],[-77.092300000159142,19.69849999971817],[-77.072300000301667,19.701699999864914],[-77.050700000311863,19.704299999852246],[-77.038999999793361,19.705699999908823],[-77.030800000013485,19.706400000416838],[-77.020200000035132,19.707499999858843],[-77.013499999930161,19.708600000193155]]},"properties":{"geogdesc":"ORIENTE FAULT, SOUTH OF CUBA","type":"TRANSFORM","OBJECTID":239}},{"type":"Feature","id":240,"geometry":{"type":"LineString","coordinates":[[-77.005700000183381,19.7004999998031],[-76.971599999608912,19.7066999999385],[-76.939100000065082,19.712899999946121],[-76.914000000234964,19.717600000338418],[-76.892000000212093,19.720900000218585],[-76.868899999649059,19.723400000382458],[-76.847800000149775,19.725599999633868],[-76.830100000033354,19.726699999740006],[-76.815200000148508,19.72850000002985],[-76.804299999696184,19.728900000065043],[-76.790900000384553,19.727000000069044]]},"properties":{"geogdesc":"ORIENTE FAULT, SOUTH OF CUBA","type":"TRANSFORM","OBJECTID":240}},{"type":"Feature","id":241,"geometry":{"type":"LineString","coordinates":[[-76.738800000118019,19.754199999806964],[-76.718400000227462,19.757099999865094],[-76.68589999978532,19.759999999619431],[-76.658799999789807,19.7624999996785],[-76.635300000092002,19.763900000312717],[-76.615300000234527,19.763900000312717],[-76.590699999996602,19.765699999612746],[-76.571100000172208,19.764200000057233],[-76.553099999581818,19.763699999887692],[-76.540100000303283,19.761100000280248],[-76.528799999817878,19.759699999582828],[-76.515100000032291,19.757800000056125]]},"properties":{"geogdesc":"ORIENTE FAULT, SOUTH OF CUBA","type":"TRANSFORM","OBJECTID":241}},{"type":"Feature","id":242,"geometry":{"type":"LineString","coordinates":[[-76.465599999980782,19.782799999968162],[-76.420199999819204,19.777900000007246],[-76.384999999602925,19.777799999732775],[-76.368499999585765,19.778500000336198],[-76.35519999983326,19.778799999653387],[-76.335600000008853,19.777000000349553],[-76.324599999997417,19.775499999767955],[-76.312100000311062,19.774299999619068],[-76.300700000266545,19.774299999619068],[-76.293299999654522,19.773600000008884],[-76.288599999714975,19.773600000008884]]},"properties":{"geogdesc":"ORIENTE FAULT, SOUTH OF CUBA","type":"TRANSFORM","OBJECTID":242}},{"type":"Feature","id":243,"geometry":{"type":"LineString","coordinates":[[-76.288399999698413,19.86309999958516],[-76.262499999802145,19.864199999608847],[-76.234300000164794,19.8637000003135],[-76.206099999629132,19.862899999682824],[-76.17990000015719,19.864000000248847],[-76.160300000332796,19.864699999862403],[-76.137199999769777,19.86129999983363],[-76.111299999873495,19.858299999915555],[-76.090200000374182,19.856499999769056],[-76.073700000357036,19.854199999810696],[-76.057299999898973,19.852699999803164],[-76.043600000113386,19.851600000305641],[-76.036499999975334,19.851199999980572]]},"properties":{"geogdesc":"ORIENTE FAULT, SOUTH OF CUBA","type":"TRANSFORM","OBJECTID":243}},{"type":"Feature","id":244,"geometry":{"type":"LineString","coordinates":[[-76.204900000428211,19.887600000093887],[-76.181799999865177,19.893100000317624],[-76.162899999649525,19.896000000184454],[-76.141000000084063,19.899699999783842],[-76.125700000166134,19.901800000187947],[-76.099899999828963,19.899200000166253],[-76.075200000031927,19.896899999828051],[-76.054400000108302,19.896199999702755],[-76.03050000037743,19.8954000001137],[-76.00619999971515,19.894999999647908],[-75.990200000188494,19.894899999584716],[-75.976500000402908,19.895600000389951],[-75.96270000015987,19.897500000126556],[-75.947899999834149,19.897800000267726],[-75.93489999965729,19.897800000267726],[-75.913400000124923,19.896599999670659],[-75.892600000201284,19.894700000113591],[-75.875399999677057,19.889500000372397],[-75.862499999957635,19.887699999698661],[-75.85699999995191,19.886199999842241]]},"properties":{"geogdesc":"ORIENTE FAULT, SOUTH OF CUBA","type":"TRANSFORM","OBJECTID":244}},{"type":"Feature","id":245,"geometry":{"type":"LineString","coordinates":[[-75.843300000166323,19.884299999681172],[-75.819799999570222,19.880600000129323]]},"properties":{"geogdesc":"ORIENTE FAULT, SOUTH OF CUBA","type":"TRANSFORM","OBJECTID":245}},{"type":"Feature","id":246,"geometry":{"type":"LineString","coordinates":[[-75.804899999685375,19.880600000129323],[-75.778700000213448,19.879800000303966]]},"properties":{"geogdesc":"ORIENTE FAULT, SOUTH OF CUBA","type":"TRANSFORM","OBJECTID":246}},{"type":"Feature","id":247,"geometry":{"type":"LineString","coordinates":[[-75.767300000168902,19.879400000143804],[-75.743000000404948,19.875599999796421]]},"properties":{"geogdesc":"ORIENTE FAULT, SOUTH OF CUBA","type":"TRANSFORM","OBJECTID":247}},{"type":"Feature","id":248,"geometry":{"type":"LineString","coordinates":[[-75.73129999988646,19.873800000021742],[-75.700300000017549,19.872999999661857]]},"properties":{"geogdesc":"ORIENTE FAULT, SOUTH OF CUBA","type":"TRANSFORM","OBJECTID":248}},{"type":"Feature","id":249,"geometry":{"type":"LineString","coordinates":[[-75.686200000198866,19.874399999965132],[-75.660300000302584,19.876600000318554]]},"properties":{"geogdesc":"ORIENTE FAULT, SOUTH OF CUBA","type":"TRANSFORM","OBJECTID":249}},{"type":"Feature","id":250,"geometry":{"type":"LineString","coordinates":[[-75.647799999717932,19.877300000055399],[-75.619200000047485,19.876900000342996]]},"properties":{"geogdesc":"ORIENTE FAULT, SOUTH OF CUBA","type":"TRANSFORM","OBJECTID":250}},{"type":"Feature","id":251,"geometry":{"type":"LineString","coordinates":[[-75.606300000328076,19.875799999729786],[-75.58709999963844,19.87240000033276]]},"properties":{"geogdesc":"ORIENTE FAULT, SOUTH OF CUBA","type":"TRANSFORM","OBJECTID":251}},{"type":"Feature","id":252,"geometry":{"type":"LineString","coordinates":[[-75.528100000148712,19.820299999663895],[-75.504900000026581,19.818799999758049],[-75.475599999849095,19.818000000218817]]},"properties":{"geogdesc":"ORIENTE FAULT, SOUTH OF CUBA","type":"TRANSFORM","OBJECTID":252}},{"type":"Feature","id":253,"geometry":{"type":"LineString","coordinates":[[-75.461500000030426,19.8183000003065],[-75.435600000134144,19.820099999930793]]},"properties":{"geogdesc":"ORIENTE FAULT, SOUTH OF CUBA","type":"TRANSFORM","OBJECTID":253}},{"type":"Feature","id":254,"geometry":{"type":"LineString","coordinates":[[-75.422700000414707,19.820499999990478],[-75.394099999845977,19.822599999635905]]},"properties":{"geogdesc":"ORIENTE FAULT, SOUTH OF CUBA","type":"TRANSFORM","OBJECTID":254}},{"type":"Feature","id":255,"geometry":{"type":"LineString","coordinates":[[-75.381099999669104,19.824100000022344],[-75.35570000026334,19.825899999883791]]},"properties":{"geogdesc":"ORIENTE FAULT, SOUTH OF CUBA","type":"TRANSFORM","OBJECTID":255}},{"type":"Feature","id":256,"geometry":{"type":"LineString","coordinates":[[-75.343500000152645,19.827699999639275],[-75.312199999809764,19.829799999639604]]},"properties":{"geogdesc":"ORIENTE FAULT, SOUTH OF CUBA","type":"TRANSFORM","OBJECTID":256}},{"type":"Feature","id":257,"geometry":{"type":"LineString","coordinates":[[-75.301599999831396,19.834200000014356],[-75.276099999968196,19.832299999706827]]},"properties":{"geogdesc":"ORIENTE FAULT, SOUTH OF CUBA","type":"TRANSFORM","OBJECTID":257}},{"type":"Feature","id":258,"geometry":{"type":"LineString","coordinates":[[-75.261200000083349,19.831199999994404],[-75.23810000041864,19.832999999706541]]},"properties":{"geogdesc":"ORIENTE FAULT, SOUTH OF CUBA","type":"TRANSFORM","OBJECTID":258}},{"type":"Feature","id":259,"geometry":{"type":"LineString","coordinates":[[-75.22129999992751,19.831100000257447],[-75.194199999931982,19.831799999629396]]},"properties":{"geogdesc":"ORIENTE FAULT, SOUTH OF CUBA","type":"TRANSFORM","OBJECTID":259}},{"type":"Feature","id":260,"geometry":{"type":"LineString","coordinates":[[-75.180900000179477,19.834000000029224],[-75.156200000382441,19.835800000125182]]},"properties":{"geogdesc":"ORIENTE FAULT, SOUTH OF CUBA","type":"TRANSFORM","OBJECTID":260}},{"type":"Feature","id":261,"geometry":{"type":"LineString","coordinates":[[-75.142499999698529,19.836499999911595],[-75.124500000006478,19.8397999995987],[-75.0982000000771,19.842700000222667],[-75.084100000258431,19.843799999715429],[-75.066899999734218,19.843700000306896],[-75.054000000014781,19.842199999931093],[-75.037499999997621,19.842199999931093],[-75.020999999980447,19.843300000353036],[-75.010100000426419,19.844000000033436],[-74.998700000381916,19.845099999813797],[-74.977899999559966,19.846499999648984],[-74.966199999939761,19.847599999850399],[-74.953300000220352,19.848300000003988],[-74.938000000302424,19.848300000003988],[-74.923100000417577,19.847500000300712],[-74.910199999799843,19.847500000300712],[-74.90039999988764,19.847799999605755],[-74.894499999848833,19.848200000050348],[-74.885500000002807,19.848100000033718]]},"properties":{"geogdesc":"ORIENTE FAULT, SOUTH OF CUBA","type":"TRANSFORM","OBJECTID":261}},{"type":"Feature","id":262,"geometry":{"type":"LineString","coordinates":[[-74.983399999565663,19.847599999850399],[-74.971299999912404,19.854600000177967],[-74.956699999603217,19.863399999810635],[-74.939499999977315,19.869600000189237],[-74.921100000252167,19.873999999692021],[-74.904600000234993,19.877300000055399],[-74.890100000383242,19.879800000303966],[-74.879900000437971,19.883099999842297],[-74.860699999748334,19.890099999992795],[-74.847399999995829,19.894500000389776],[-74.831300000011737,19.900399999635777],[-74.818400000292314,19.904000000046103],[-74.813999999928399,19.906199999725995],[-74.809000000413207,19.908400000068159]]},"properties":{"geogdesc":"ORIENTE FAULT, SOUTH OF CUBA","type":"TRANSFORM","OBJECTID":262}},{"type":"Feature","id":263,"geometry":{"type":"LineString","coordinates":[[-74.861499999814512,19.908500000047891],[-74.84539999983042,19.912899999921123],[-74.830499999945573,19.918000000386591],[-74.81909999990107,19.92129999997945],[-74.80889999995577,19.924299999952609],[-74.796000000236347,19.928300000304546],[-74.785000000224912,19.931899999861926],[-74.776000000378872,19.934899999611634],[-74.766999999634521,19.937100000040612]]},"properties":{"geogdesc":"ORIENTE FAULT, SOUTH OF CUBA","type":"TRANSFORM","OBJECTID":263}},{"type":"Feature","id":264,"geometry":{"type":"LineString","coordinates":[[-74.755999999623086,19.942600000054775],[-74.739099999572829,19.950299999967733],[-74.72779999998572,19.954700000405076],[-74.498900000368238,19.955699999899991]]},"properties":{"geogdesc":"ORIENTE FAULT, SOUTH OF CUBA","type":"TRANSFORM","OBJECTID":264}},{"type":"Feature","id":265,"geometry":{"type":"LineString","coordinates":[[-78.333599999964292,19.440000000003575],[-78.273299999917896,19.442399999876287],[-78.234500000302191,19.449699999646445],[-78.215699999645636,19.454099999980702],[-78.194499999688915,19.455200000051615],[-78.175299999897604,19.458100000362268],[-78.155300000040114,19.4588000004081],[-78.134900000149543,19.460999999635835],[-78.113799999751947,19.461300000105428],[-78.096099999635527,19.464599999973558],[-78.080500000141967,19.465299999908364],[-78.065200000224038,19.467100000017449],[-78.047900000140714,19.468199999984343],[-78.035399999556049,19.469300000108586],[-78.020499999671202,19.470000000073352],[-78.011499999825176,19.470000000073352],[-78.002099999946054,19.47070000040247],[-77.993900000166192,19.471799999650472],[-77.987200000061222,19.47209999961245],[-77.979000000281346,19.47209999961245]]},"properties":{"geogdesc":"ORIENTE FAULT, EDGE OF CABA CRUZ BASIN, S. OF CU","type":"TRANSFORM","OBJECTID":265}},{"type":"Feature","id":266,"geometry":{"type":"LineString","coordinates":[[-77.988400000160468,19.485099999888906],[-77.97030000001098,19.486099999622464],[-77.942100000373628,19.487600000346117],[-77.920999999976019,19.489399999977216],[-77.904899999991926,19.491199999919477],[-77.882200000360299,19.491500000363331],[-77.867699999610238,19.492599999774558],[-77.850799999559982,19.492599999774558],[-77.83279999986793,19.493199999997902],[-77.821399999823385,19.493599999758004],[-77.808900000137058,19.493199999997902],[-77.797100000059444,19.493500000122367]]},"properties":{"geogdesc":"ORIENTE FAULT, EDGE OF CABA CRUZ BASIN, S. OF CU","type":"TRANSFORM","OBJECTID":266}},{"type":"Feature","id":267,"geometry":{"type":"LineString","coordinates":[[-77.838200000314529,19.509499999967193],[-77.823699999564454,19.513200000228391],[-77.811599999911195,19.515399999604959],[-77.799799999833581,19.518299999761307],[-77.777900000268119,19.519000000354172],[-77.75949999964466,19.521200000381597],[-77.737099999588693,19.521900000267536],[-77.717899999797382,19.52370000008149],[-77.688199999586814,19.524400000144524],[-77.656399999651725,19.527600000032727],[-77.624700000174073,19.532000000093689],[-77.598800000277777,19.535200000123503],[-77.572599999907524,19.538500000038169],[-77.548700000176666,19.541400000361943],[-77.523200000313466,19.545099999838879],[-77.497300000417169,19.549800000207895],[-77.466000000074303,19.554199999638826],[-77.443600000018321,19.557799999713822],[-77.416999999614973,19.560399999595759],[-77.398199999856757,19.562499999989139],[-77.376199999833858,19.564699999764972],[-77.35780000010871,19.567300000116155],[-77.348000000196507,19.569800000200033]]},"properties":{"geogdesc":"ORIENTE FAULT, EDGE OF CABA CRUZ BASIN, S. OF CU","type":"TRANSFORM","OBJECTID":267}},{"type":"Feature","id":268,"geometry":{"type":"LineString","coordinates":[[-77.356600000009465,19.586400000015079],[-77.340900000058468,19.589699999967557],[-77.319700000101747,19.592600000200175],[-77.306000000316146,19.594800000253731],[-77.285699999984701,19.596300000052086],[-77.257799999923009,19.597700000001034],[-77.23239999961892,19.598699999761561],[-77.211999999728349,19.597200000329327],[-77.183800000091011,19.599799999936948],[-77.157100000128565,19.601900000392526],[-77.135199999664792,19.605599999662399],[-77.113999999708071,19.608100000049141],[-77.095199999949841,19.609499999708721],[-77.072100000285133,19.612100000227496],[-77.055299999793988,19.612000000399014],[-77.044299999782552,19.613900000043994],[-77.033699999804185,19.614600000265902]]},"properties":{"geogdesc":"ORIENTE FAULT, EDGE OF CABA CRUZ BASIN, S. OF CU","type":"TRANSFORM","OBJECTID":268}},{"type":"Feature","id":269,"geometry":{"type":"LineString","coordinates":[[-76.81099999980114,19.710100000296983],[-76.779599999899133,19.736199999594803],[-76.761499999749631,19.748699999810583],[-76.754100000035933,19.756000000363844],[-76.738400000084923,19.768600000218836]]},"properties":{"geogdesc":"ACTIVE FAULTS ALONG ORIENTE FAULT, SOUTH OF CUBA","type":"TRANSFORM","OBJECTID":269}},{"type":"Feature","id":270,"geometry":{"type":"LineString","coordinates":[[-76.535899999955916,19.746000000158269],[-76.498199999982049,19.767299999590666],[-76.475399999892986,19.778299999632249],[-76.451100000129031,19.789400000027364]]},"properties":{"geogdesc":"ACTIVE FAULTS ALONG ORIENTE FAULT, SOUTH OF CUBA","type":"TRANSFORM","OBJECTID":270}},{"type":"Feature","id":271,"geometry":{"type":"LineString","coordinates":[[-76.28620000041478,19.769900000390525],[-76.252099999840325,19.787500000369366],[-76.238400000054725,19.794800000012405],[-76.22539999987788,19.803599999820758]]},"properties":{"geogdesc":"ACTIVE FAULTS ALONG ORIENTE FAULT, SOUTH OF CUBA","type":"TRANSFORM","OBJECTID":271}},{"type":"Feature","id":272,"geometry":{"type":"LineString","coordinates":[[-76.201500000146993,19.809900000256189],[-76.159999999858826,19.821600000246598],[-76.116100000270478,19.829999999841977],[-76.089800000341114,19.835099999788813],[-76.07019999961841,19.840899999747268],[-76.05919999960696,19.844600000320749],[-76.048300000052947,19.847899999811411]]},"properties":{"geogdesc":"ACTIVE FAULTS ALONG ORIENTE FAULT, SOUTH OF CUBA","type":"TRANSFORM","OBJECTID":272}},{"type":"Feature","id":273,"geometry":{"type":"LineString","coordinates":[[-75.605900000294994,19.891999999843012],[-75.593300000151217,19.879400000143804]]},"properties":{"geogdesc":"ACTIVE FAULTS ALONG ORIENTE FAULT, SOUTH OF CUBA","type":"TRANSFORM","OBJECTID":273}},{"type":"Feature","id":274,"geometry":{"type":"LineString","coordinates":[[-75.580799999566551,19.870199999978041],[-75.571100000111784,19.856900000252224]]},"properties":{"geogdesc":"ACTIVE FAULTS ALONG ORIENTE FAULT, SOUTH OF CUBA","type":"TRANSFORM","OBJECTID":274}},{"type":"Feature","id":275,"geometry":{"type":"LineString","coordinates":[[-75.563599999940649,19.850199999826675],[-75.552300000353554,19.839500000386636]]},"properties":{"geogdesc":"ACTIVE FAULTS ALONG ORIENTE FAULT, SOUTH OF CUBA","type":"TRANSFORM","OBJECTID":275}},{"type":"Feature","id":276,"geometry":{"type":"LineString","coordinates":[[-75.542899999576122,19.830699999835204],[-75.533499999697,19.81919999970831]]},"properties":{"geogdesc":"ACTIVE FAULTS ALONG ORIENTE FAULT, SOUTH OF CUBA","type":"TRANSFORM","OBJECTID":276}},{"type":"Feature","id":277,"geometry":{"type":"LineString","coordinates":[[-75.52569999995022,19.810699999978659],[-75.508100000291222,19.798200000008965]]},"properties":{"geogdesc":"ACTIVE FAULTS ALONG ORIENTE FAULT, SOUTH OF CUBA","type":"TRANSFORM","OBJECTID":277}},{"type":"Feature","id":278,"geometry":{"type":"LineString","coordinates":[[-74.498900000368238,19.955699999899991],[-74.494400000445225,19.955899999882881],[-74.489899999623873,19.955499999663598],[-74.484399999618176,19.955600000235677],[-74.480499999744779,19.95580000034532],[-74.474599999705973,19.95580000034532],[-74.469400000174204,19.95580000034532],[-74.462700000069248,19.955899999882881],[-74.456800000030455,19.95580000034532],[-74.447400000151333,19.956399999997718],[-74.439299999930583,19.956599999937772],[-74.430900000134159,19.957199999925642],[-74.423700000436995,19.957499999908368],[-74.416099999808424,19.957600000057333],[-74.407599999554591,19.957800000165079],[-74.398500000149454,19.958099999851338],[-74.39039999992869,19.958399999811562],[-74.381600000099198,19.958800000278469],[-74.370699999646874,19.959400000343841],[-74.360000000109395,19.959299999647072],[-74.352299999921726,19.959599999858568],[-74.344500000174932,19.95999999981613],[-74.336700000428138,19.960300000385224],[-74.329899999865731,19.960399999603801],[-74.321799999644981,19.960300000385224],[-74.309400000416062,19.960700000256633],[-74.298200000388078,19.961799999739394],[-74.288799999610646,19.962699999597984],[-74.275699999874675,19.964299999895257],[-74.264299999830158,19.96590000000397],[-74.25429999990142,19.967100000409388],[-74.246900000187708,19.967700000143044],[-74.237300000292066,19.968799999776426],[-74.230099999696577,19.970000000065777],[-74.219400000159098,19.97150000003802],[-74.211899999987978,19.972500000252793],[-74.203399999734131,19.973700000242872],[-74.192700000196652,19.974900000385539],[-74.182100000218284,19.976600000076608],[-74.169799999650181,19.977999999910775],[-74.158999999655279,19.979800000359635],[-74.148500000134334,19.981500000385324],[-74.136500000040186,19.983900000236613],[-74.126900000144531,19.985699999983407],[-74.117999999857616,19.987299999846417],[-74.105300000154728,19.988999999992132],[-74.092400000435305,19.991199999859614],[-74.080699999916803,19.993199999701879],[-74.06809999977304,19.995100000379317],[-74.055800000103218,19.99700000007876],[-74.046200000207577,19.998100000310203],[-74.037200000361537,19.99949999984905],[-74.025499999843049,20.001699999896054],[-74.017100000046625,20.003000000358316],[-74.008700000250215,20.004300000212595],[-74.001899999687822,20.005800000271872],[-73.998300000288395,20.006799999683974],[-73.98730000027696,20.008200000339844],[-73.979800000105811,20.009199999693642],[-73.972099999918143,20.010700000312784],[-73.962900000055569,20.011999999860343],[-73.952900000126832,20.013600000009184],[-73.943799999823369,20.014900000069325],[-73.932300000219726,20.017600000079071],[-73.924800000048606,20.018500000191736],[-73.915400000169484,20.020200000137251],[-73.906000000290362,20.021099999718139],[-73.89750000003653,20.021699999671593],[-73.890100000322818,20.022499999705392],[-73.880300000410628,20.023599999752054],[-73.87260000022296,20.024100000221448],[-73.864599999561321,20.025000000266253],[-73.856700000255415,20.025900000222599],[-73.845999999819625,20.026800000090233],[-73.838000000056283,20.027800000182566],[-73.828600000177161,20.028399999884975],[-73.820499999956425,20.028499999753379],[-73.810799999603333,20.02899999982894],[-73.802399999806923,20.029199999582577],[-73.794899999635788,20.029500000001839],[-73.783899999624339,20.030000000272079],[-73.775099999794847,20.030000000272079],[-73.764699999833027,20.030099999966403],[-73.753699999821592,20.030199999597141],[-73.744999999551212,20.029600000014348],[-73.736799999771335,20.029199999582577],[-73.722600000393541,20.027800000182566],[-73.712999999599575,20.026400000128778],[-73.703500000161341,20.025400000414102],[-73.697000000072933,20.024400000246182],[-73.690200000408836,20.023500000142551],[-73.683700000320414,20.022400000240296],[-73.677000000215443,20.020500000007232],[-73.673100000342046,20.017799999986519]]},"properties":{"geogdesc":"TRANSFORM, WINDWARD PASSAGE, CUBA-HAITI","type":"TRANSFORM","OBJECTID":278}},{"type":"Feature","id":279,"geometry":{"type":"LineString","coordinates":[[-71.793900000330552,19.721999999696436],[-71.785099999602735,19.720399999721458],[-71.780599999679723,19.719099999734766],[-71.772599999916409,19.717999999749626],[-71.766800000335024,19.717199999926407],[-71.758599999656838,19.715799999905158],[-71.752800000075453,19.71490000012275],[-71.745099999887785,19.71410000000963],[-71.739100000289866,19.712899999946121],[-71.730800000052582,19.711099999879718],[-71.726399999688667,19.71060000002425],[-71.718100000349693,19.709699999727928],[-71.712800000360502,19.708800000286868],[-71.703500000040506,19.7066999999385],[-71.697399999985151,19.706300000169353],[-71.68920000020529,19.70530000017634],[-71.683999999775224,19.703799999883334],[-71.676600000061526,19.702600000348216],[-71.670299999989638,19.701999999742785],[-71.66170000017668,19.701100000113197],[-71.656099999713533,19.699799999698882],[-71.648699999999835,19.698799999675209],[-71.643699999586289,19.69820000004453],[-71.634899999756797,19.697500000028608],[-71.629399999751072,19.696800000334012],[-71.621699999563404,19.694699999796452],[-71.616700000048198,19.694299999631109],[-71.60630000008635,19.692500000050327],[-71.602499999772093,19.691999999582105],[-71.588900000443928,19.690499999803023],[-71.579800000140466,19.688699999786913],[-71.576500000316699,19.688400000354282],[-71.566999999980155,19.68639999964099],[-71.561600000431866,19.686100000128437],[-71.55310000017802,19.684700000329372],[-71.547699999731407,19.684100000293999],[-71.539499999951531,19.682600000098812],[-71.533799999929286,19.681800000058946],[-71.526200000199026,19.680100000135781],[-71.520799999752427,19.679300000298198],[-71.512700000429987,19.677999999654403],[-71.506899999950292,19.677499999591017],[-71.498199999679926,19.676200000413253],[-71.492400000098542,19.675200000179967],[-71.483899999844695,19.674299999624864],[-71.478500000296393,19.674299999624864],[-71.470499999634754,19.672899999898835],[-71.465100000086466,19.672099999639496],[-71.45670000029007,19.670999999741149],[-71.452499999942674,19.670799999794415],[-71.443100000063581,19.669000000040228],[-71.438699999699679,19.66859999998151],[-71.429099999804009,19.667499999748848],[-71.423999999831366,19.666899999593479],[-71.416299999643698,19.665300000325537],[-71.411700000161574,19.664800000398976],[-71.402599999858111,19.662899999823583],[-71.396699999819305,19.662899999823583],[-71.388199999565472,19.661199999904252],[-71.383299999609378,19.660000000107971],[-71.374499999779871,19.658700000276962],[-71.369700000281213,19.658500000213653],[-71.36569999995038,19.657299999672272],[-71.362899999718806,19.655799999906115],[-71.356300000071272,19.654800000165196],[-71.350499999591577,19.654100000021401],[-71.346999999751262,19.653200000303482],[-71.343499999910946,19.653200000303482],[-71.340400000103713,19.653400000207139],[-71.338799999971386,19.653400000207139],[-71.330600000191524,19.653200000303482],[-71.323199999579501,19.653499999642477],[-71.368500000181967,19.662800000327241],[-71.364400000292022,19.662600000301492],[-71.36169999961956,19.662600000301492],[-71.357500000170518,19.662699999922584],[-71.354099999889314,19.662300000218117],[-71.352000000164793,19.661700000059518],[-71.348599999883589,19.661199999904252],[-71.34459999955277,19.660699999881956],[-71.331000000224591,19.657100000401101],[-71.321200000312402,19.655099999896034],[-71.311200000383664,19.653099999835174],[-71.302399999655862,19.650899999988813],[-71.292799999760206,19.648900000024785],[-71.284799999996878,19.64729999970325],[-71.278000000332781,19.645700000350477],[-71.269399999621527,19.644199999584586],[-71.261900000348717,19.642399999959668],[-71.256600000359526,19.641300000264341],[-71.252499999571285,19.640499999751334],[-71.24699999956556,19.639299999967907],[-71.243699999741779,19.638299999783655],[-71.235600000419339,19.637199999917609],[-71.232600000171232,19.637099999633048],[-71.230600000005822,19.636800000097814],[-71.225500000033179,19.636400000127693],[-71.222499999785072,19.636599999814248],[-71.21980000001092,19.636899999723134],[-71.216199999713183,19.636899999723134],[-71.21280000033029,19.636899999723134],[-71.209800000082183,19.636800000097814]]},"properties":{"geogdesc":"SEPTENTRIONAL FZ, WESTERN HISPANIOLA","type":"TRANSFORM","OBJECTID":279}},{"type":"Feature","id":280,"geometry":{"type":"LineString","coordinates":[[-71.257499999984802,19.657500000385951],[-71.251399999929447,19.657599999803338],[-71.248500000138776,19.657599999803338],[-71.246099999940284,19.657500000385951],[-71.243600000182667,19.657400000060299],[-71.241400000000723,19.657299999672272]]},"properties":{"geogdesc":"SEPTENTRIONAL FZ, WESTERN HISPANIOLA","type":"TRANSFORM","OBJECTID":280}},{"type":"Feature","id":281,"geometry":{"type":"LineString","coordinates":[[-71.231800000105068,19.657299999672272],[-71.22040000006055,19.655999999952211],[-71.216700000203687,19.655900000383316],[-71.21309999990595,19.655700000212544],[-71.21020000011525,19.655700000212544],[-71.207599999900225,19.655499999792415],[-71.205100000142608,19.654999999766112]]},"properties":{"geogdesc":"SEPTENTRIONAL FZ, WESTERN HISPANIOLA","type":"TRANSFORM","OBJECTID":281}},{"type":"Feature","id":282,"geometry":{"type":"LineString","coordinates":[[-71.195900000280034,19.654000000114042],[-71.189299999734189,19.653700000018116],[-71.184900000268598,19.652499999946272],[-71.179499999821999,19.650899999988813],[-71.172700000157903,19.648599999699091],[-71.168000000218356,19.646899999668413],[-71.161599999689031,19.64480000005025],[-71.15660000017381,19.64320000031076],[-71.152100000250798,19.642100000174963],[-71.147499999870362,19.640700000253318],[-71.145299999688405,19.640499999751334],[-71.142500000355156,19.639599999908548],[-71.139999999699228,19.638700000097096],[-71.137499999941625,19.638099999676275],[-71.134200000117858,19.637300000139902],[-71.129700000194845,19.636899999723134],[-71.126699999946723,19.636800000097814],[-71.12300000008986,19.636599999814248],[-71.118999999759041,19.636300000190985],[-71.115299999902192,19.635700000109164],[-71.111699999604454,19.63489999961519],[-71.107399999697975,19.633999999689696],[-71.104200000331645,19.6333000002092],[-71.100600000033893,19.633400000321778],[-71.096700000160496,19.63360000036014],[-71.093200000320181,19.633800000149435],[-71.090800000121689,19.634399999715182],[-71.08770000031447,19.634700000349628]]},"properties":{"geogdesc":"SEPTENTRIONAL FZ, WESTERN HISPANIOLA","type":"TRANSFORM","OBJECTID":282}},{"type":"Feature","id":283,"geometry":{"type":"LineString","coordinates":[[-71.14350000043784,19.639299999967907],[-71.140900000222814,19.640700000253318],[-71.137600000399047,19.642300000375723],[-71.133200000035131,19.64320000031076],[-71.128799999671244,19.642599999786686],[-71.121500000414969,19.641399999625154],[-71.115299999902192,19.640099999692019],[-71.109999999913015,19.639100000260107],[-71.105200000414342,19.638499999641905],[-71.099799999967743,19.637999999952193],[-71.09519999958728,19.637099999633048],[-71.092200000237483,19.636100000130781],[-71.090000000055539,19.635700000109164],[-71.087500000297922,19.634799999590495],[-71.07779999994483,19.632099999924542],[-71.06599999986723,19.6288000000865],[-71.050000000340575,19.624900000341221],[-71.038200000262975,19.621200000103279],[-71.02600000015228,19.618099999658732],[-71.015000000140816,19.614700000169726],[-70.998399999666219,19.610399999763462],[-70.984800000338083,19.606600000248839],[-70.972200000194306,19.603600000149321],[-70.960099999642722,19.599400000127776],[-70.948899999614738,19.595499999811857],[-70.937699999586755,19.591899999878486],[-70.930299999873043,19.590500000259262],[-70.921700000060113,19.58829999983606],[-70.914500000362921,19.58669999965101],[-70.911199999640843,19.58609999982021]]},"properties":{"geogdesc":"SEPTENTRIONAL FZ, WESTERN HISPANIOLA","type":"TRANSFORM","OBJECTID":283}},{"type":"Feature","id":284,"geometry":{"type":"LineString","coordinates":[[-70.900799999679023,19.58209999996004],[-70.89829999992142,19.580999999868936],[-70.896000000180351,19.579600000275917],[-70.893899999557533,19.578800000002865],[-70.891199999783368,19.577800000211003],[-70.888900000042312,19.576899999830854],[-70.885899999794191,19.575900000094919],[-70.881900000361682,19.575700000249352],[-70.87079999989281,19.57290000004409],[-70.858599999782129,19.569200000059688],[-70.852899999759856,19.566499999721312],[-70.845500000046144,19.562700000131898],[-70.834300000018175,19.558600000104974],[-70.820899999808219,19.554599999946721],[-70.814100000144137,19.551999999686103],[-70.808299999664456,19.550200000420375],[-70.802300000066538,19.547800000355874],[-70.7986999997688,19.546799999599681],[-70.794799999895403,19.545300000391599],[-70.788099999790447,19.543199999581834],[-70.784500000390992,19.54149999999861],[-70.779499999977489,19.538900000319043],[-70.770900000164545,19.536800000064538],[-70.762399999910699,19.532000000093689],[-70.731200000025211,19.518099999639858],[-70.725400000443855,19.51640000004684],[-70.720899999622532,19.51489999960441],[-70.717399999782202,19.513700000406253],[-70.71320000033316,19.5127000001977],[-70.710800000134668,19.511900000150021],[-70.707799999886547,19.510300000034551],[-70.705700000162025,19.508700000175878],[-70.702600000354806,19.506199999665782],[-70.700000000139752,19.504700000286789],[-70.695199999742769,19.502600000142536],[-70.691600000343357,19.501400000280345],[-70.687499999555101,19.500000000341064],[-70.682500000039894,19.498099999858454],[-70.6776000000838,19.49640000003707],[-70.673399999736418,19.494799999881536],[-70.669600000320472,19.493199999997902],[-70.665300000413993,19.491300000129204],[-70.662199999708449,19.490000000205779],[-70.659499999934283,19.489000000000875],[-70.655800000077434,19.488000000393971],[-70.651799999746629,19.487200000156896],[-70.648200000347188,19.486400000201389],[-70.644099999558946,19.485300000160272],[-70.640799999735179,19.484200000268594],[-70.637000000319233,19.482500000136262],[-70.634099999630209,19.480799999943976],[-70.628999999657566,19.479099999693648],[-70.625499999817265,19.47709999992226],[-70.620500000302044,19.474400000065906],[-70.615499999888513,19.47219999975864],[-70.611800000031664,19.471099999838003],[-70.607900000158267,19.469800000391928],[-70.603400000235254,19.468399999946243],[-70.598199999805203,19.467000000112265],[-70.593299999849094,19.465400000015308],[-70.589399999975711,19.464400000404979],[-70.583400000377779,19.46270000003949],[-70.577900000372054,19.460599999840326],[-70.570600000217468,19.457999999988044],[-70.565300000228277,19.45660000013309],[-70.560400000272182,19.45509999958341],[-70.551999999577461,19.451700000346364],[-70.546199999996077,19.449500000338123],[-70.541700000073064,19.44769999970492],[-70.536699999659547,19.445800000010415],[-70.529800000436339,19.443700000415074],[-70.52350000036445,19.441300000280307],[-70.516400000226398,19.438799999891415],[-70.51219999987903,19.437099999797343],[-70.506099999823704,19.434799999842113],[-70.501700000358113,19.433300000257251],[-70.49660000038547,19.431399999756881],[-70.491500000412827,19.429199999944981],[-70.486799999574941,19.427099999977095],[-70.482099999635409,19.425100000346312],[-70.475700000004394,19.422999999906892],[-70.46970000040649,19.420799999868155],[-70.464499999976411,19.419499999863408],[-70.45949999956288,19.418100000090142],[-70.454700000064207,19.417000000280762],[-70.448300000433221,19.414599999582084],[-70.444500000118936,19.412600000316377],[-70.440499999788116,19.411099999972073],[-70.437800000013965,19.409499999603216],[-70.43290000005787,19.406499999903225],[-70.430000000267185,19.405000000059733],[-70.424599999820586,19.401799999972223],[-70.418499999765231,19.400100000033461],[-70.415500000415435,19.399200000101644],[-70.409699999935739,19.397099999824711],[-70.404900000437067,19.39559999973886],[-70.400799999648811,19.394399999714139],[-70.394699999593485,19.391699999720231],[-70.389599999620813,19.390000000190671],[-70.38769999991284,19.389300000258586],[-70.374099999686365,19.386399999708562],[-70.369900000237323,19.385299999925859],[-70.366600000413555,19.383899999855085],[-70.358100000159709,19.381200000291926],[-70.351699999630384,19.379199999785154],[-70.346199999624687,19.37720000014437],[-70.341299999668578,19.375500000084141],[-70.334799999580142,19.373100000009856],[-70.329099999557883,19.371199999668832],[-70.322800000384319,19.369699999987152],[-70.317199999921158,19.367899999773019],[-70.310800000290158,19.36660000006195],[-70.302399999595437,19.364499999749651],[-70.294599999848657,19.3626000000083],[-70.288299999776754,19.361300000407674],[-70.281999999704865,19.359999999764899],[-70.275800000090413,19.358899999731566],[-70.269500000018539,19.357799999905978],[-70.264400000045896,19.356500000177508],[-70.25820000043143,19.354800000348973],[-70.252900000442253,19.353599999823253],[-70.249599999720161,19.352699999780498],[-70.246200000337268,19.351599999671457],[-70.269599999577636,19.365399999927238],[-70.26319999994665,19.363200000043904],[-70.252300000392623,19.360700000160222],[-70.240500000315009,19.358399999806064],[-70.233299999719534,19.356500000177508],[-70.226300000038918,19.354499999985723],[-70.220199999983592,19.352799999653772],[-70.212000000203702,19.350900000055152],[-70.203800000423826,19.349099999964373],[-70.197799999927597,19.347499999882171],[-70.190000000180817,19.345400000281082],[-70.182399999552246,19.343500000121054],[-70.176700000428312,19.341999999940118],[-70.169899999865919,19.33979999977333],[-70.161700000086029,19.337299999850948],[-70.155299999556718,19.335600000042465],[-70.14880000036662,19.333900000335479],[-70.141799999787665,19.331900000361056],[-70.134299999616545,19.330200000283192],[-70.127600000409885,19.328500000312793],[-70.119599999748246,19.326600000152677],[-70.114499999775603,19.325199999680873],[-70.109199999786426,19.323600000195061],[-70.10269999969799,19.321900000210782],[-70.096700000100086,19.320600000257343],[-70.091600000127428,19.319500000044645],[-70.085300000055554,19.317399999810952],[-70.079800000049829,19.315699999762135],[-70.075999999735558,19.314500000104019],[-70.071600000269967,19.313599999878278],[-70.066999999889504,19.31280000041642],[-70.061800000357763,19.311000000031544],[-70.058099999602575,19.309899999649559],[-70.052399999580317,19.307799999875677],[-70.047499999624236,19.305899999855644],[-70.042599999668141,19.30389999972811],[-70.03729999967895,19.302200000062204],[-70.03090000004795,19.300699999700125],[-70.027200000191087,19.299600000415726],[-70.022599999810666,19.298399999621658],[-70.018200000345061,19.29700000014865],[-70.013100000372432,19.29589999973005],[-70.009399999617258,19.294699999781692],[-70.003800000052422,19.292700000098659],[-70.000799999804315,19.291999999947066],[-69.998300000046711,19.291199999984208],[-69.993099999616632,19.288000000039133]]},"properties":{"geogdesc":"SEPTENTRIONAL FZ, HISPANIOLA","type":"TRANSFORM","OBJECTID":284}},{"type":"Feature","id":285,"geometry":{"type":"LineString","coordinates":[[-69.993099999616632,19.288000000039133],[-69.992400000007905,19.287699999964033],[-69.989199999743235,19.28679999983207],[-69.987599999610907,19.285799999724379],[-69.985000000294193,19.284999999989271],[-69.982800000112235,19.2841999997374],[-69.980300000354632,19.283499999702638],[-69.977500000123044,19.282199999815635],[-69.976000000448153,19.281599999909467],[-69.972200000133867,19.280500000308159],[-69.965000000436717,19.27890000026537],[-69.963899999896569,19.278599999630352],[-69.961000000105898,19.278099999894852],[-69.95819999987431,19.277199999577693],[-69.955500000100159,19.275999999943036],[-69.952499999852051,19.275099999960545],[-69.949299999587396,19.274400000042228],[-69.944199999614767,19.272999999713509],[-69.94140000028149,19.272200000212059],[-69.937599999967219,19.271100000244235],[-69.934500000159971,19.270199999635253],[-69.9306999998457,19.269400000032508],[-69.927499999581045,19.268700000356752],[-69.92319999967458,19.267599999792818],[-69.919400000258605,19.266400000240409],[-69.915500000385208,19.265800000137876],[-69.912300000120553,19.264799999892148],[-69.910099999938609,19.264000000221966],[-69.906499999640872,19.262900000343439],[-69.903100000257979,19.261700000307766],[-69.899099999927174,19.260799999817657],[-69.895800000103392,19.260099999884442],[-69.891300000180365,19.259199999940829],[-69.888200000373146,19.25930000017847],[-69.882700000367407,19.258100000086159],[-69.880900000218546,19.257599999717602],[-69.879500000102752,19.257599999717602],[-69.877899999970424,19.257599999717602],[-69.874099999656153,19.257899999782438],[-69.870300000240178,19.257200000190878],[-69.867200000432959,19.256999999637678],[-69.862200000019428,19.256500000155746],[-69.857100000046799,19.256099999642323],[-69.852600000123786,19.255999999997577],[-69.849300000300019,19.255900000291867],[-69.846900000101513,19.255599999960882],[-69.841400000095788,19.255500000011288],[-69.837199999748435,19.254699999915889],[-69.83169999974271,19.254200000207042],[-69.827700000310202,19.254399999934257],[-69.8232999999463,19.253900000159014],[-69.818899999582385,19.253500000089574],[-69.815300000182972,19.253099999892793],[-69.812299999934851,19.252800000377277],[-69.807800000011824,19.251999999835025],[-69.802999999614855,19.251299999658688],[-69.800200000281592,19.250900000034243],[-69.796700000441277,19.250599999887896],[-69.792500000093909,19.249999999645773],[-69.789099999812706,19.25010000040389],[-69.785700000429841,19.249999999645773],[-69.783199999773899,19.249700000398047],[-69.779200000341405,19.248700000357545],[-69.776699999685476,19.248300000331039],[-69.772599999795546,19.247999999671247],[-69.769000000396133,19.248200000172062],[-69.765699999674041,19.248300000331039],[-69.76190000025808,19.248599999594234],[-69.758000000384669,19.248999999737464],[-69.755499999728769,19.249100000257002],[-69.752700000395478,19.249100000257002],[-69.748799999623785,19.248800000211798],[-69.746600000340152,19.248099999952117],[-69.743200000058948,19.247499999897038],[-69.740799999860457,19.246800000028362],[-69.737700000053238,19.246099999717959],[-69.73520000029562,19.245700000138552],[-69.732299999606624,19.244899999751063],[-69.72970000028991,19.24459999966049],[-69.724000000267651,19.243599999921464],[-69.72010000039424,19.243000000376352],[-69.716799999672148,19.242000000218422],[-69.713600000305831,19.24129999979068],[-69.711600000140407,19.240700000319549],[-69.708399999875752,19.239400000303203],[-69.705900000118135,19.238899999773992],[-69.702200000261286,19.237500000029577],[-69.699699999605386,19.236700000389355],[-69.69579999973196,19.235500000405843],[-69.692600000365644,19.234900000094001],[-69.688400000018262,19.234000000180608],[-69.683799999637827,19.233400000325265],[-69.679200000155689,19.23249999982475],[-69.675199999824883,19.2317999996068],[-69.67149999996802,19.231299999684374],[-69.669000000210417,19.230600000289257],[-69.66570000038665,19.230400000398781],[-69.661799999614942,19.230100000106496],[-69.658299999774627,19.229699999712615],[-69.653700000292488,19.229000000284266],[-69.648299999845889,19.229000000284266],[-69.643799999922877,19.228500000320306],[-69.639399999558975,19.228399999975252],[-69.635200000109933,19.228399999975252],[-69.630999999762565,19.227999999682662],[-69.627400000363139,19.227500000067721],[-69.623200000015757,19.226399999799206],[-69.618700000092744,19.225400000335107],[-69.612800000053937,19.224200000068947],[-69.608599999706584,19.223300000055453],[-69.604499999816653,19.220700000129913],[-69.598900000251803,19.219399999585594],[-69.592800000196476,19.21910000041391],[-69.580600000085795,19.214399999869361],[-69.577700000295096,19.213899999591707],[-69.569499999616909,19.212900000412397],[-69.561099999820499,19.213100000395542],[-69.553700000106801,19.210999999890614],[-69.547499999594024,19.210099999704351],[-69.541499999996105,19.209900000313578],[-69.536499999582588,19.208500000312178],[-69.531199999593397,19.207600000016324],[-69.522700000237876,19.206999999627808],[-69.519400000414109,19.205799999918906],[-69.514400000000563,19.204100000402256],[-69.506800000270317,19.203899999653334],[-69.500500000198429,19.203100000164262],[-69.492899999569872,19.201600000286064],[-69.484499999773462,19.199699999866517],[-69.478399999718107,19.198700000030623],[-69.474800000318695,19.1982999995823],[-69.467399999706672,19.197899999858294],[-69.462099999717495,19.19750000001028],[-69.456999999744852,19.195999999980192],[-69.45020000008077,19.194900000204779],[-69.443999999567993,19.194799999783466],[-69.435599999771597,19.19369999962294],[-69.428200000057885,19.191799999614716],[-69.419499999787519,19.191900000161922],[-69.412399999649452,19.19080000013367],[-69.408000000183875,19.189999999738255],[-69.399000000337836,19.188400000010621],[-69.393900000365193,19.187899999611165],[-69.388699999935127,19.187100000395088],[-69.382900000353743,19.187100000395088],[-69.3778000003811,19.186400000331673],[-69.372799999967583,19.185699999837599],[-69.363699999664121,19.184200000030501],[-69.356800000440927,19.183500000365495],[-69.351499999553425,19.182700000135164],[-69.345699999972055,19.18220000024494],[-69.340899999575058,19.181599999730498],[-69.334800000418042,19.181000000424017],[-69.330400000054141,19.180600000237735],[-69.325300000081498,19.179999999833839],[-69.319600000059211,19.179200000420579],[-69.312899999954269,19.177400000262281],[-69.307300000389432,19.175900000378956],[-69.302999999584628,19.17520000022833],[-69.297699999595466,19.173899999937156],[-69.293500000146395,19.172900000370134],[-69.290000000306094,19.172100000419846],[-69.285199999909111,19.171299999979777],[-69.282300000118425,19.170699999646626],[-69.280099999936468,19.170199999821538],[-69.27849999980414,19.169700000176558],[-69.273399999831511,19.168399999770504],[-69.26929999994158,19.167799999910507],[-69.265800000101251,19.166999999810919],[-69.262199999803514,19.166499999792215],[-69.258899999979747,19.165799999594032],[-69.255499999698543,19.1651999996039],[-69.251399999808612,19.16410000031432],[-69.247000000343021,19.163199999987697],[-69.240900000287681,19.162199999991071],[-69.234299999741822,19.161300000324076],[-69.229300000226615,19.160199999622691],[-69.22520000033667,19.159200000100245],[-69.221800000055467,19.15830000018213],[-69.219199999840455,19.158099999816173],[-69.217399999691565,19.157900000056216],[-69.212000000143277,19.157599999961558],[-69.184500000114653,19.152600000362423],[-69.17570000028519,19.151399999733119],[-69.170800000329081,19.150499999685529],[-69.162599999650894,19.148700000137303],[-69.156699999612087,19.147899999881169],[-69.148499999832211,19.146599999891361],[-69.142599999793418,19.145399999754417],[-69.134899999605736,19.143499999585348],[-69.130599999699257,19.142699999581204],[-69.122300000360298,19.140300000067551],[-69.117299999946752,19.13969999982913],[-69.108700000133808,19.137899999608941],[-69.103600000161151,19.137399999648338],[-69.097599999664922,19.135900000017418]]},"properties":{"geogdesc":"SEPTENTRIONAL FZ, SEMANA PENINSULA, HISPANIOLA","type":"TRANSFORM","OBJECTID":285}},{"type":"Feature","id":286,"geometry":{"type":"LineString","coordinates":[[99.224699999862267,26.96229999963542],[99.300200000267495,26.858300000199257],[99.382500000336776,26.762399999748229],[99.439699999677615,26.68270000011395],[99.499100000098764,26.580499999604864],[99.563199999561121,26.455699999963119],[99.645499999630417,26.355300000066606],[99.734699999821203,26.217899999628397],[99.819299999631596,26.07619999972448],[99.894800000036781,25.930300000085879],[99.979399999847132,25.792400000268142],[100.07550000015947,25.648199999901035],[100.15549999958937,25.505899999675709],[100.25159999990169,25.350899999808707],[100.34990000039596,25.200000000295329],[100.42539999990285,25.07990000008823],[100.54660000004529,24.961799999732175],[100.64950000002166,24.874700000252016],[100.77299999990515,24.766699999828102],[100.87589999988155,24.673199999909009],[100.97879999985796,24.565100000317013],[101.14349999955564,24.438200000305081]]},"properties":{"geogdesc":"RED RIVER-AILAO SHAN FAULT  (NW EXTENSION)","type":"TRANSFORM","OBJECTID":286}},{"type":"Feature","id":287,"geometry":{"type":"LineString","coordinates":[[101.14349999955564,24.438200000305081],[101.23500000038582,24.336099999804038],[101.33100000024072,24.234000000093275],[101.44310000007967,24.102499999779539],[101.53460000001155,23.989699999619649],[101.62380000020234,23.866399999589778],[101.72670000017875,23.730400000200532],[101.82960000015514,23.606800000080533],[101.91880000034593,23.514599999862277],[102.06740000005956,23.426499999915951],[102.18860000020199,23.350899999713437],[102.32359999968909,23.28789999995783],[102.51110000037419,23.205899999781511],[102.6666000002093,23.165999999776616],[102.87249999972119,23.102900000149134],[103.01649999995269,23.044000000360047],[103.19040000041127,22.968199999617724],[103.33439999974443,22.890299999937309],[103.49910000034046,22.797499999911448],[103.62260000022395,22.719499999697064],[103.75520000041089,22.609799999874866],[103.89019999989804,22.485200000094018],[104.05030000011361,22.351999999685891],[104.23089999977886,22.220800000134677],[104.36129999978387,22.102199999772893],[104.55110000020998,21.93039999991214],[104.66320000004896,21.84130000001695],[104.81410000040192,21.709599999650475],[104.94450000040696,21.584200000138058],[105.05429999960654,21.473599999727462],[105.15489999984189,21.384200000227839],[105.2897999997699,21.254199999900059]]},"properties":{"geogdesc":"RED RIVER-AILAO SHAN FAULT (SOUTH CHINA PLATFORM","type":"TRANSFORM","OBJECTID":287}},{"type":"Feature","id":288,"geometry":{"type":"LineString","coordinates":[[105.38129999970175,21.17110000009],[105.475100000273,21.092100000302057],[105.54369999965839,21.036599999731795]]},"properties":{"geogdesc":"RED RIVER-AILAO SHAN FAULT (SOUTH CHINA PLATFORM","type":"TRANSFORM","OBJECTID":288}},{"type":"Feature","id":289,"geometry":{"type":"LineString","coordinates":[[105.63289999984917,20.968300000104261],[105.70600000005591,20.902100000299487],[105.7907000003237,20.842299999590878]]},"properties":{"geogdesc":"RED RIVER-AILAO SHAN FAULT (SOUTH CHINA PLATFORM","type":"TRANSFORM","OBJECTID":289}},{"type":"Feature","id":290,"geometry":{"type":"LineString","coordinates":[[105.88440000043751,20.745999999857759],[105.93930000003732,20.69259999958869],[106.03309999971025,20.607000000036308]]},"properties":{"geogdesc":"RED RIVER-AILAO SHAN FAULT (SOUTH CHINA PLATFORM","type":"TRANSFORM","OBJECTID":290}},{"type":"Feature","id":291,"geometry":{"type":"LineString","coordinates":[[106.12909999956511,20.516999999630603],[106.20230000022927,20.459200000251077],[106.29839999964327,20.38200000035215]]},"properties":{"geogdesc":"RED RIVER-AILAO SHAN FAULT (SOUTH CHINA PLATFORM","type":"TRANSFORM","OBJECTID":291}},{"type":"Feature","id":292,"geometry":{"type":"LineString","coordinates":[[106.37379999959104,20.311299999647488],[106.43099999983021,20.257599999784574],[106.49200000038365,20.206099999628627]]},"properties":{"geogdesc":"RED RIVER-AILAO SHAN FAULT (SOUTH CHINA PLATFORM","type":"TRANSFORM","OBJECTID":292}},{"type":"Feature","id":293,"geometry":{"type":"LineString","coordinates":[[102.42110000011721,20.899700000365517],[102.32510000026231,20.720099999964351]]},"properties":{"geogdesc":"NAN-UTTARADIT SUTURE (HUTCHISON, 1989; FIG. 3.3)","type":"TRANSFORM","OBJECTID":293}},{"type":"Feature","id":294,"geometry":{"type":"LineString","coordinates":[[102.2450999999341,20.561800000254404],[102.15139999982028,20.364799999707671]]},"properties":{"geogdesc":"NAN-UTTARADIT SUTURE (HUTCHISON, 1989; FIG. 3.3)","type":"TRANSFORM","OBJECTID":294}},{"type":"Feature","id":295,"geometry":{"type":"LineString","coordinates":[[102.06900000019188,20.244699999857914],[101.9706999996976,20.055800000126911]]},"properties":{"geogdesc":"NAN-UTTARADIT SUTURE (HUTCHISON, 1989; FIG. 3.3)","type":"TRANSFORM","OBJECTID":295}},{"type":"Feature","id":296,"geometry":{"type":"LineString","coordinates":[[101.90900000043375,19.965599999953497],[101.82900000010551,19.815100000048893]]},"properties":{"geogdesc":"NAN-UTTARADIT SUTURE (HUTCHISON, 1989; FIG. 3.3)","type":"TRANSFORM","OBJECTID":296}},{"type":"Feature","id":297,"geometry":{"type":"LineString","coordinates":[[101.74440000029516,19.722599999680106],[101.62779999963487,19.584800000416653]]},"properties":{"geogdesc":"NAN-UTTARADIT SUTURE (HUTCHISON, 1989; FIG. 3.3)","type":"TRANSFORM","OBJECTID":297}},{"type":"Feature","id":298,"geometry":{"type":"LineString","coordinates":[[101.55689999961008,19.483499999834695],[101.44490000022856,19.351999999798771]]},"properties":{"geogdesc":"NAN-UTTARADIT SUTURE (HUTCHISON, 1989; FIG. 3.3)","type":"TRANSFORM","OBJECTID":298}},{"type":"Feature","id":299,"geometry":{"type":"LineString","coordinates":[[101.36950000028078,19.254899999881502],[101.28489999957209,19.112400000269947]]},"properties":{"geogdesc":"NAN-UTTARADIT SUTURE (HUTCHISON, 1989; FIG. 3.3)","type":"TRANSFORM","OBJECTID":299}},{"type":"Feature","id":300,"geometry":{"type":"LineString","coordinates":[[101.21859999992778,18.984899999926796],[101.12939999973696,18.781500000353262]]},"properties":{"geogdesc":"NAN-UTTARADIT SUTURE (HUTCHISON, 1989; FIG. 3.3)","type":"TRANSFORM","OBJECTID":300}},{"type":"Feature","id":301,"geometry":{"type":"LineString","coordinates":[[101.04940000030705,18.634300000398973],[100.96020000011626,18.437000000132649]]},"properties":{"geogdesc":"NAN-UTTARADIT SUTURE (HUTCHISON, 1989; FIG. 3.3)","type":"TRANSFORM","OBJECTID":301}},{"type":"Feature","id":302,"geometry":{"type":"LineString","coordinates":[[100.92359999978419,18.322000000401832],[100.86420000026136,18.183100000160383]]},"properties":{"geogdesc":"NAN-UTTARADIT SUTURE (HUTCHISON, 1989; FIG. 3.3)","type":"TRANSFORM","OBJECTID":302}},{"type":"Feature","id":303,"geometry":{"type":"LineString","coordinates":[[100.82080000026524,18.081000000264424],[100.77050000014758,17.89610000013084]]},"properties":{"geogdesc":"NAN-UTTARADIT SUTURE (HUTCHISON, 1989; FIG. 3.3)","type":"TRANSFORM","OBJECTID":303}},{"type":"Feature","id":304,"geometry":{"type":"LineString","coordinates":[[100.70189999986384,17.780799999743898],[100.66070000004966,17.563000000276116]]},"properties":{"geogdesc":"NAN-UTTARADIT SUTURE (HUTCHISON, 1989; FIG. 3.3)","type":"TRANSFORM","OBJECTID":304}},{"type":"Feature","id":305,"geometry":{"type":"LineString","coordinates":[[100.61730000005349,17.440900000282198],[100.58989999958398,17.253200000119413]]},"properties":{"geogdesc":"NAN-UTTARADIT SUTURE (HUTCHISON, 1989; FIG. 3.3)","type":"TRANSFORM","OBJECTID":305}},{"type":"Feature","id":306,"geometry":{"type":"LineString","coordinates":[[100.54640000002873,17.067500000329854],[100.5144000000771,16.905699999606437]]},"properties":{"geogdesc":"NAN-UTTARADIT SUTURE (HUTCHISON, 1989; FIG. 3.3)","type":"TRANSFORM","OBJECTID":306}},{"type":"Feature","id":307,"geometry":{"type":"LineString","coordinates":[[100.48699999960762,16.770000000127222],[100.46639999970049,16.572900000261662]]},"properties":{"geogdesc":"NAN-UTTARADIT SUTURE (HUTCHISON, 1989; FIG. 3.3)","type":"TRANSFORM","OBJECTID":307}},{"type":"Feature","id":308,"geometry":{"type":"LineString","coordinates":[[100.45719999983791,16.441400000154253],[100.44350000005234,16.239600000169869]]},"properties":{"geogdesc":"NAN-UTTARADIT SUTURE (HUTCHISON, 1989; FIG. 3.3)","type":"TRANSFORM","OBJECTID":308}},{"type":"Feature","id":309,"geometry":{"type":"LineString","coordinates":[[100.41840000022222,16.103400000299327],[100.40010000005617,15.945200000072596]]},"properties":{"geogdesc":"NAN-UTTARADIT SUTURE (HUTCHISON, 1989; FIG. 3.3)","type":"TRANSFORM","OBJECTID":309}},{"type":"Feature","id":310,"geometry":{"type":"LineString","coordinates":[[100.38640000027058,15.784699999719036],[100.36810000010456,15.5557000000834]]},"properties":{"geogdesc":"NAN-UTTARADIT SUTURE (HUTCHISON, 1989; FIG. 3.3)","type":"TRANSFORM","OBJECTID":310}},{"type":"Feature","id":311,"geometry":{"type":"LineString","coordinates":[[100.34519999955806,15.421399999931474],[100.32920000003141,15.233900000031596]]},"properties":{"geogdesc":"NAN-UTTARADIT SUTURE (HUTCHISON, 1989; FIG. 3.3)","type":"TRANSFORM","OBJECTID":311}},{"type":"Feature","id":312,"geometry":{"type":"LineString","coordinates":[[100.31779999998689,15.139100000054187],[100.30860000012431,14.947000000267199]]},"properties":{"geogdesc":"NAN-UTTARADIT SUTURE (HUTCHISON, 1989; FIG. 3.3)","type":"TRANSFORM","OBJECTID":312}},{"type":"Feature","id":313,"geometry":{"type":"LineString","coordinates":[[100.30179999956194,14.818799999943471],[100.29949999982085,14.626400000068708]]},"properties":{"geogdesc":"NAN-UTTARADIT SUTURE (HUTCHISON, 1989; FIG. 3.3)","type":"TRANSFORM","OBJECTID":313}},{"type":"Feature","id":314,"geometry":{"type":"LineString","coordinates":[[100.2811999996548,14.531300000346134],[100.29259999969936,14.318699999976273]]},"properties":{"geogdesc":"NAN-UTTARADIT SUTURE (HUTCHISON, 1989; FIG. 3.3)","type":"TRANSFORM","OBJECTID":314}},{"type":"Feature","id":315,"geometry":{"type":"LineString","coordinates":[[100.28809999977632,14.194699999615183],[100.3041000002013,14.030599999564288]]},"properties":{"geogdesc":"NAN-UTTARADIT SUTURE (HUTCHISON, 1989; FIG. 3.3)","type":"TRANSFORM","OBJECTID":315}},{"type":"Feature","id":316,"geometry":{"type":"LineString","coordinates":[[100.31319999960645,13.926300000117973],[100.34289999981699,13.726499999701856]]},"properties":{"geogdesc":"NAN-UTTARADIT SUTURE (HUTCHISON, 1989; FIG. 3.3)","type":"TRANSFORM","OBJECTID":316}},{"type":"Feature","id":317,"geometry":{"type":"LineString","coordinates":[[100.34979999993853,13.637699999666671],[100.36810000010456,13.499900000226505]]},"properties":{"geogdesc":"NAN-UTTARADIT SUTURE (HUTCHISON, 1989; FIG. 3.3)","type":"TRANSFORM","OBJECTID":317}},{"type":"Feature","id":318,"geometry":{"type":"LineString","coordinates":[[99.224699999862267,26.96229999963542],[97.53160000042007,25.922399999920767],[97.34620000035784,25.72040000009461],[97.187700000274589,25.580300000071539]]},"properties":{"geogdesc":"SAGAING FAULT, SE ASIA","type":"TRANSFORM","OBJECTID":318}},{"type":"Feature","id":319,"geometry":{"type":"LineString","coordinates":[[97.035100000230159,25.437199999989101],[96.939399999950894,25.358800000354911],[96.822800000188948,25.25070000025746],[96.670299999703602,25.128899999810148]]},"properties":{"geogdesc":"SAGAING FAULT, SE ASIA","type":"TRANSFORM","OBJECTID":319}},{"type":"Feature","id":320,"geometry":{"type":"LineString","coordinates":[[96.529699999753319,25.039499999667353],[96.413099999991331,24.923000000227837],[96.278499999638996,24.708500000392085],[96.108000000359894,24.433800000007018],[95.937599999741622,24.112100000295534],[95.904700000164723,23.734900000077388],[95.913599999553327,23.367499999966409],[95.880699999976414,22.999100000217943],[95.862799999843446,22.610399999608521],[95.865800000091582,22.17630000041208],[95.877800000185729,21.787999999896567],[95.922600000297663,21.245500000226233],[95.931600000143717,20.932999999815085],[95.928599999895582,20.636600000319611],[95.934600000391811,20.325600000080076],[96.03630000026898,19.783399999594504],[96.227699999929101,19.194200000221677],[96.386200000012352,18.685000000003761],[96.502799999774339,18.38439999968293],[96.523700000155401,18.123200000418713],[96.520699999907293,17.821599999994199],[96.520699999907293,17.610800000388505],[96.493799999928314,17.19420000006598],[96.466899999949305,16.902499999597868],[96.410099999743238,16.573199999832315]]},"properties":{"geogdesc":"SAGAING FAULT, SE ASIA","type":"TRANSFORM","OBJECTID":320}},{"type":"Feature","id":321,"geometry":{"type":"LineString","coordinates":[[96.422499999870453,16.47769999971171],[96.413500000024428,16.403400000042321],[96.406999999935977,16.323199999707565],[96.402999999605186,16.266100000241217],[96.400000000255375,16.174399999828307],[96.39250000008424,16.092799999986916],[96.389499999836119,16.001900000431274],[96.394500000249636,15.914500000242127],[96.399000000172649,15.821600000234991],[96.399000000172649,15.732599999978182],[96.394500000249636,15.653199999924531],[96.389499999836119,15.57570000022543],[96.394500000249636,15.480799999648218],[96.399000000172649,15.376599999694465],[96.40200000042077,15.306700000078807],[96.404500000178388,15.230500000063559],[96.407500000426495,15.19819999979833]]},"properties":{"geogdesc":"SAGAING FAULT EXTENSION INTO ANDAMAN SEA","type":"TRANSFORM","OBJECTID":321}},{"type":"Feature","id":322,"geometry":{"type":"LineString","coordinates":[[96.418399999980537,16.401099999667437],[96.466899999949305,16.902499999597868],[96.520699999907293,17.610800000388505],[96.523700000155401,18.123200000418713],[96.386200000012352,18.685000000003761],[96.227699999929101,19.194200000221677],[96.03630000026898,19.783399999594504],[95.934600000391811,20.325600000080076],[95.931600000143717,20.932999999815085],[95.877800000185729,21.787999999896567],[95.862799999843446,22.610399999608521],[95.913599999553327,23.367499999966409],[95.937599999741622,24.112100000295534],[96.278499999638996,24.708500000392085],[96.529699999753319,25.039499999667353]]},"properties":{"geogdesc":"SAGAING FAULT (SBM PORTION: SS WITH CBB)","type":"TRANSFORM","OBJECTID":322}},{"type":"Feature","id":323,"geometry":{"type":"LineString","coordinates":[[96.670299999703602,25.128899999810148],[96.822800000188948,25.25070000025746],[97.035100000230159,25.437199999989101]]},"properties":{"geogdesc":"SAGAING FAULT (SBM PORTION: SS WITH CBB)","type":"TRANSFORM","OBJECTID":323}},{"type":"Feature","id":324,"geometry":{"type":"LineString","coordinates":[[97.187700000274589,25.580300000071539],[97.34620000035784,25.72040000009461],[97.53160000042007,25.922399999920767]]},"properties":{"geogdesc":"SAGAING FAULT (SBM PORTION: SS WITH CBB)","type":"TRANSFORM","OBJECTID":324}},{"type":"Feature","id":325,"geometry":{"type":"LineString","coordinates":[[119.2699999998766,1.7641999998749627],[119.34679999994015,1.1918999998195059],[119.48069999978547,0.5662000003304748],[119.5676000002352,0.1590000004135538],[119.6670999999304,-0.21049999975951661],[119.74490000007668,-0.55939999995157652],[119.85359999963445,-0.93110000029620288],[119.95880000025022,-1.3897999995983727],[120.08689999961582,-1.7373999996139751],[120.27449999986004,-2.1078000004022504],[120.43350000043377,-2.3169999998801729],[120.53879999971036,-2.5639000000089385],[120.59029999992727,-2.6473000002436544]]},"properties":{"geogdesc":"SS FAULT THROUGH N. SULAWESI (PALU FAULT)","type":"TRANSFORM","OBJECTID":325}},{"type":"Feature","id":326,"geometry":{"type":"LineString","coordinates":[[120.75149999978463,-2.2814999998585295],[121.20339999987914,-2.4871999995972986],[121.73869999968475,-2.6769000004460337],[122.32440000006548,-2.7546000003825473],[122.69850000001371,-2.8266000000396612],[123.21319999991216,-2.9442999997782522]]},"properties":{"geogdesc":"SS FAULT, E. SULAWESI","type":"TRANSFORM","OBJECTID":326}},{"type":"Feature","id":327,"geometry":{"type":"LineString","coordinates":[[104.92059999977778,-6.5541000003073586],[104.90580000035037,-6.3142999995924765],[104.85430000013345,-5.9844999999274497],[104.76730000012458,-5.7830999998848789],[104.57499999994084,-5.4627000000962491],[104.56370000035375,-5.4391999999090457],[104.22060000027447,-5.0234000004333588],[103.90139999992601,-4.7100000004052784],[103.57769999965457,-4.4682999997574608],[103.1739000003941,-4.1249000002119489],[102.79860000034662,-3.7870999996761325],[102.50580000038498,-3.4034999996005753],[102.23009999959184,-3.0460000002152077],[101.92350000028549,-2.7112999998041767],[101.59060000015148,-2.3456000002343433],[101.35610000007082,-1.9717999995997311],[101.23599999957023,-1.7430999996945007],[101.02669999977714,-1.4205999998777845],[100.79559999997767,-1.039799999888283],[100.54510000037035,-0.57649999972577737],[100.28660000010143,-0.0835000002557343],[100.151599999716,0.26310000038509129],[99.826700000243605,0.61880000017262793],[99.587599999782526,0.92649999982057429],[99.421699999985563,1.2467999997775181],[99.242100000403042,1.6069999999066793],[99.088900000308982,1.885999999792737],[98.801699999912174,2.2380999997198634],[98.41740000001866,2.6998000001589215],[98.224000000193115,2.9248999997623821],[97.727599999562329,3.5131000000825456],[97.342099999569584,3.8292999998408161],[96.941699999691977,4.0758000001476757],[96.754100000346128,4.2390000002761674],[96.513900000243211,4.4739000002150719],[96.136400000013808,4.8296999999986401],[95.812600000183238,5.1281999998525043],[95.602100000290875,5.2546999999196347],[95.411099999765511,5.4506000000664079],[95.324899999822819,5.5354999999703614],[94.954699999748001,5.9264000002139001]]},"properties":{"geogdesc":"SUMATRA FAULT (RIGHT-LATERAL S. SUMATRA)","type":"TRANSFORM","OBJECTID":327}},{"type":"Feature","id":328,"geometry":{"type":"LineString","coordinates":[[119.91179999995633,13.977899999881034],[120.13069999964507,13.955599999844702],[120.33009999996688,13.939600000294055],[120.49020000018245,13.920500000054696],[120.62089999976308,13.882100000163236],[120.81700000026112,13.843799999986174],[121.01309999986084,13.80550000022704],[121.23530000027165,13.747999999868721],[121.30110000032379,13.733200000354827],[121.45459999999346,13.703300000003914],[121.65029999956012,13.610600000267826],[121.82030000014534,13.524300000063437],[122.02610000009808,13.457099999823553],[122.21900000033143,13.345100000210575],[122.36270000008899,13.258699999801102],[122.52939999995209,13.153100000261839],[122.66990000034326,13.047400000393143],[122.82030000020571,12.948800000041496],[122.98370000024507,12.822999999907378],[123.13069999982639,12.736400000273818],[123.25490000021686,12.652899999821768],[123.3627000001494,12.575899999660168],[123.51310000001187,12.469899999929874],[123.60130000011999,12.389199999882711],[123.7058999997878,12.283600000245244],[123.80389999980814,12.161000000058641],[123.95420000011148,11.980900000185136],[124.14710000034482,11.736199999619371],[124.32680000038484,11.446200000229025],[124.44440000022945,11.259199999777277],[124.5228999999845,11.13660000031023],[124.62740000009323,10.949399999869508],[124.75490000030756,10.761999999800922],[124.85290000032781,10.581000000351604],[124.93140000008282,10.438699999968003],[125.01960000019093,10.254300000411783],[125.06859999975194,10.150699999835323],[125.1241999998588,10.027599999755671],[125.17970000040651,9.9077000001498643],[125.22219999987905,9.7684000001317255],[125.33329999963532,9.4278000002865561],[125.43140000011307,9.1162000002129489],[125.50980000030897,8.7879999997253453],[125.57839999969431,8.5246000002458953],[125.62090000006521,8.2772999996529677],[125.68950000034889,7.9385999995999121],[125.73529999964524,7.6158999996662384],[125.77450000019235,7.322300000308501],[125.7810000002808,7.217900000095824],[125.81369999984113,6.9960000001096221],[125.85620000021203,6.7641000001460281],[125.8953999998608,6.5386000000615105],[125.91180000031889,6.3425000003925183],[125.93790000023169,6.1527999998595995],[125.95099999996766,5.9729000001861019]]},"properties":{"geogdesc":"PHILIPPINE FAULT-SIBUYAN SEA BRANCH (WPH)","type":"TRANSFORM","OBJECTID":328}},{"type":"Feature","id":329,"geometry":{"type":"LineString","coordinates":[[120.19279999984036,16.212999999834118],[120.32680000014311,16.092999999775284],[120.50000000009463,15.938099999863281],[120.69929999995898,15.776799999733932],[120.9346000001058,15.596299999764724],[121.09150000005668,15.441099999730714],[121.27120000009666,15.301500000202809],[121.32090000016473,15.260500000316513],[121.4154000003447,15.210899999887909],[121.48040000033068,15.136499999844409],[121.56210000035034,15.01590000003331],[121.68300000001879,14.850600000178899],[121.79739999959882,14.675700000142639],[121.90520000042963,14.484800000005139],[122.00330000000905,14.299999999980841],[122.09150000011716,14.111899999578622],[122.15029999959032,14.006600000225333],[122.23199999960998,13.856600000116734],[122.32680000026397,13.754400000133574],[122.39539999964933,13.664900000266469],[122.50000000021545,13.559499999586862],[122.61109999997178,13.460299999762023],[122.80389999974769,13.268299999732372],[122.99670000042192,13.08260000020806],[123.22549999958196,12.822999999907378],[123.41830000025622,12.61119999988871],[123.5587999997491,12.460300000274371],[123.666700000139,12.319000000276096],[123.80389999980814,12.161000000058641],[123.95420000011148,11.980900000185136],[124.14710000034482,11.736199999619371],[124.32680000038484,11.446200000229025],[124.44440000022945,11.259199999777277],[124.5228999999845,11.13660000031023],[124.62740000009323,10.949399999869508],[124.75490000030756,10.761999999800922],[124.85290000032781,10.581000000351604],[124.93140000008282,10.438699999968003],[125.01960000019093,10.254300000411783],[125.06859999975194,10.150699999835323],[125.1241999998588,10.027599999755671],[125.17970000040651,9.9077000001498643],[125.22219999987905,9.7684000001317255],[125.33329999963532,9.4278000002865561],[125.43140000011307,9.1162000002129489],[125.50980000030897,8.7879999997253453],[125.57839999969431,8.5246000002458953],[125.62090000006521,8.2772999996529677],[125.68950000034889,7.9385999995999121],[125.73529999964524,7.6158999996662384],[125.77450000019235,7.322300000308501],[125.7810000002808,7.217900000095824],[125.81369999984113,6.9960000001096221],[125.85620000021203,6.7641000001460281],[125.8953999998608,6.5386000000615105],[125.91180000031889,6.3425000003925183],[125.93790000023169,6.1527999998595995],[125.95099999996766,5.9729000001861019]]},"properties":{"geogdesc":"PHILIPPINE FAULT","type":"TRANSFORM","OBJECTID":329}},{"type":"Feature","id":330,"geometry":{"type":"LineString","coordinates":[[124.07729999996185,11.83750000031069],[123.95420000011148,11.980900000185136],[123.80389999980814,12.161000000058641],[123.666700000139,12.319000000276096],[123.59469999957412,12.392000000219522],[123.40610000014557,12.540100000174252]]},"properties":{"geogdesc":"PHILIPPINE FAULT, W. BOUNDARY OF EASTERN MASBATE","type":"TRANSFORM","OBJECTID":330}},{"type":"Feature","id":331,"geometry":{"type":"LineString","coordinates":[[125.0991999995878,10.185299999932667],[125.01960000019093,10.254300000411783],[124.93140000008282,10.438699999968003],[124.85290000032781,10.581000000351604],[124.75490000030756,10.761999999800922],[124.62740000009323,10.949399999869508],[124.5228999999845,11.13660000031023],[124.49040000044069,11.240899999905178]]},"properties":{"geogdesc":"PHILIPPINE FAULT, E. BOUNDARY OF WESTERN LEYTE","type":"TRANSFORM","OBJECTID":331}},{"type":"Feature","id":332,"geometry":{"type":"LineString","coordinates":[[125.47250000036814,8.893599999848],[125.50980000030897,8.7879999997253453],[125.57839999969431,8.5246000002458953],[125.62090000006521,8.2772999996529677],[125.68950000034889,7.9385999995999121],[125.73529999964524,7.6158999996662384],[125.77450000019235,7.322300000308501],[125.7810000002808,7.217900000095824]]},"properties":{"geogdesc":"PHILIPPINE FAULT, E. BOUNDARY OF WESTERN MINDANA","type":"TRANSFORM","OBJECTID":332}},{"type":"Feature","id":333,"geometry":{"type":"LineString","coordinates":[[119.91179999995633,13.977899999881034],[120.13069999964507,13.955599999844702],[120.33009999996688,13.939600000294055],[120.49020000018245,13.920500000054696],[120.62089999976308,13.882100000163236],[120.81700000026112,13.843799999986174],[121.01309999986084,13.80550000022704],[121.23530000027165,13.747999999868721],[121.30110000032379,13.733200000354827],[121.45459999999346,13.703300000003914],[121.65029999956012,13.610600000267826],[121.82030000014534,13.524300000063437],[122.02610000009808,13.457099999823553],[122.21900000033143,13.345100000210575],[122.36270000008899,13.258699999801102],[122.52939999995209,13.153100000261839],[122.66990000034326,13.047400000393143],[122.82030000020571,12.948800000041496],[122.98370000024507,12.822999999907378],[123.13069999982639,12.736400000273818],[123.25490000021686,12.652899999821768],[123.3627000001494,12.575899999660168],[123.51310000001187,12.469899999929874],[123.60130000011999,12.389199999882711],[123.7058999997878,12.283600000245244],[123.80389999980814,12.161000000058641]]},"properties":{"geogdesc":"PHILIPPINE FAULT, SIBUYAN SEA BRANCH","type":"TRANSFORM","OBJECTID":333}},{"type":"Feature","id":334,"geometry":{"type":"LineString","coordinates":[[121.58030000005891,24.179800000235254],[121.42019999984336,23.828800000029599],[121.31959999960803,23.573400000319001],[121.18010000019788,23.241799999845181],[121.0611999997965,22.999900000144709],[121.00399999955734,22.810299999670235]]},"properties":{"geogdesc":"EAST TAIWAN SUTURE (EASTERN SIDE)","type":"TRANSFORM","OBJECTID":334}},{"type":"Feature","id":335,"geometry":{"type":"LineString","coordinates":[[138.17039999997371,33.880199999902182],[138.82799999956359,35.265099999642032],[139.51630000034498,34.936299999749089],[140.15339999958684,34.655500000008992],[141.01130000002209,34.401500000091204],[141.61330000040348,34.290499999863833],[141.96409999977209,34.303700000095134],[141.99179999981726,34.309799999763023]]},"properties":{"geogdesc":"TRANSFORM FAULT BET RYUKYU & BONIN TRENCHES","type":"TRANSFORM","OBJECTID":335}},{"type":"Feature","id":336,"geometry":{"type":"LineString","coordinates":[[143.90000000043057,-3.4631999996474878],[144.0107999997129,-3.4631999996474878],[144.19539999970897,-3.462600000286201],[144.42410000020823,-3.4449999999077403],[144.68829999960107,-3.4477999998733297],[144.89379999997823,-3.4376000000106517],[145.07579999975931,-3.4208000003937387],[145.30470000027509,-3.414799999935449],[145.49850000013367,-3.4048000001807468],[145.77420000002854,-3.3980999995976453],[146.06370000016645,-3.3796000003567968],[146.37910000020057,-3.376899999740556],[146.58730000035183,-3.3899999998894237],[146.74810000017621,-3.3618000004139299],[146.91880000037008,-3.366100000277235]]},"properties":{"geogdesc":"TRANSFORM FAULT, BISMARK BASIN, NORTH OF NEW GUI","type":"TRANSFORM","OBJECTID":336}},{"type":"Feature","id":337,"geometry":{"type":"LineString","coordinates":[[127.13270000023344,-1.2160000003515767],[128.37660000025366,-1.1268000003337919],[129.28390000028293,-1.0374999999206633],[130.67410000027567,-0.96289999996123044],[132.06000000036195,-0.73320000030777555],[132.81949999984548,-0.70100000042963406],[133.46339999964977,-0.83560000027198056],[134.26679999961999,-1.1193999995736408],[134.92979999965641,-1.2905999998655282],[136.14289999982424,-1.555399999625696],[137.03269999975367,-1.7705000001678919],[137.21560000005832,-1.79090000002636]]},"properties":{"geogdesc":"SORONG FAULT,  TRANSFORM FAULT THROUGH NEW GUINE","type":"TRANSFORM","OBJECTID":337}},{"type":"Feature","id":338,"geometry":{"type":"LineString","coordinates":[[142.5718999997348,11.827400000065483],[143.13239999982798,11.752900000375735],[143.65789999972139,11.711399999834647],[144.04430000023774,11.715699999955335],[144.21550000002384,11.732900000325827]]},"properties":{"geogdesc":"SS FAULT  S OF MARIANA RIDGE","type":"TRANSFORM","OBJECTID":338}},{"type":"Feature","id":339,"geometry":{"type":"LineString","coordinates":[[-26.27569999966925,-60.608000000038089],[-26.283199999840395,-60.593500000138867],[-26.382100000384266,-60.578900000110551],[-26.604400000354214,-60.560099999983549],[-26.765699999770739,-60.527100000068401],[-26.871899999570878,-60.502399999936564],[-27.098999999937842,-60.479100000022903],[-27.234400000356374,-60.462599999991255],[-27.401300000235999,-60.456499999811896],[-27.58439999965886,-60.448399999908112],[-27.758199999660025,-60.440200000039141],[-27.884299999758561,-60.429300000130468],[-28.081299999881853,-60.415699999972418],[-28.351299999754431,-60.401799999891452],[-28.513800000168501,-60.393400000079687],[-28.678299999849635,-60.390800000218711],[-28.968600000053666,-60.382700000015952],[-29.16959999960946,-60.379300000080242],[-29.434500000407731,-60.377800000156952],[-29.53970000012519,-60.375599999842898],[-29.692700000202716,-60.373899999861948],[-29.690500000020752,-60.372699999891964],[-29.781199999886471,-60.385000000111809]]},"properties":{"geogdesc":"SOUTH SCOTIA RIDGE TRANSFORM FAULT","type":"TRANSFORM","OBJECTID":339}},{"type":"Feature","id":340,"geometry":{"type":"LineString","coordinates":[[-29.781199999886471,-60.385000000111809],[-29.840899999883245,-60.37890000010507],[-29.954900000328511,-60.380199999825997],[-30.105500000207527,-60.381900000071539],[-30.341099999930002,-60.373200000106301],[-30.530999999915252,-60.36400000020457],[-30.76180000013904,-60.359899999815674],[-31.042699999565635,-60.35620000015269],[-31.341999999615698,-60.35280000008818],[-31.559100000053895,-60.347299999964143],[-31.762800000282173,-60.337099999832674],[-31.91609999993533,-60.328700000001156],[-32.256500000240486,-60.323500000129066],[-32.418599999723149,-60.32409999986114],[-32.751499999857174,-60.332399999823046],[-32.938599999610851,-60.335600000050043],[-33.148500000351873,-60.339100000167136],[-33.410600000020246,-60.348800000109662],[-33.622300000011847,-60.361299999947057],[-33.820500000234389,-60.370300000160277],[-33.957299999870379,-60.374100000075074],[-34.057900000105711,-60.370700000029544],[-34.107800000190295,-60.428700000025529],[-34.140499999750659,-60.462899999881245],[-34.199799999714365,-60.512999999997795],[-34.229200000349266,-60.568400000197045],[-34.242199999627807,-60.633499999889892],[-34.285599999623969,-60.682100000113685],[-34.322100000396922,-60.733900000093932],[-34.362900000178051,-60.789000000098952],[-34.390600000223195,-60.830500000189154],[-34.416599999678589,-60.860800000216877],[-34.448700000087641,-60.906699999904944],[-34.47210000022632,-60.943599999948361],[-34.593100000352216,-60.944899999981892],[-34.709900000130745,-60.936199999809965],[-34.862799999750827,-60.938999999965816],[-35.029400000054814,-60.93860000018222],[-35.157199999844799,-60.941100000050859],[-35.277900000395022,-60.945800000080588],[-35.442800000109273,-60.936500000148932],[-35.632500000077968,-60.93189999990296],[-35.806300000079133,-60.923799999861465],[-36.085400000255177,-60.912500000109908],[-36.302400000235956,-60.909299999815154],[-36.53109999983689,-60.900700000040125],[-36.793999999571433,-60.89360000000719],[-36.976600000300394,-60.893399999876962],[-37.207799999658967,-60.880399999942426],[-37.491500000215446,-60.867900000144012],[-37.6912000001129,-60.844500000104205],[-37.771300000000231,-60.839900000099988],[-38.000300000075157,-60.824600000089106],[-38.260999999627735,-60.815199999846143],[-38.562800000333723,-60.806299999803805],[-38.816900000238753,-60.791300000167176],[-39.091499999593474,-60.777600000162217],[-39.47169999959705,-60.751699999841115],[-39.705199999594988,-60.736399999849169],[-39.849199999826467,-60.73350000012644],[-40.022799999811085,-60.730999999863485],[-40.302100000003676,-60.715100000078216],[-40.654700000419524,-60.692199999923325],[-40.963699999924359,-60.67659999980765],[-41.245400000315435,-60.657299999959498],[-41.440299999815892,-60.637100000139768],[-41.653799999956362,-60.612599999956615],[-41.924100000302907,-60.593200000173866],[-42.034300000433888,-60.579800000071522],[-42.229700000424863,-60.550600000083179],[-42.403899999560785,-60.534500000078758],[-42.470800000153055,-60.520700000024952],[-42.621299999574646,-60.524599999946439],[-42.839000000062455,-60.506799999857684],[-43.10950000042557,-60.48170000005873],[-43.347500000346514,-60.46969999992686],[-43.610400000081043,-60.462499999854728],[-43.884899999876652,-60.449800000055831],[-44.118700000348554,-60.428700000025529],[-44.483000000384585,-60.401199999909466],[-44.707299999621632,-60.387999999804471],[-44.899900000279331,-60.369799999859019],[-45.122000000232752,-60.355299999886547],[-45.371299999740799,-60.345700000042953],[-45.542899999560021,-60.338600000017479],[-45.753400000350666,-60.327400000081738],[-45.934099999575025,-60.31919999978485],[-46.119200000061596,-60.31679999978266],[-46.329800000411375,-60.304399999994025],[-46.547000000408687,-60.29780000022042],[-46.68170000032017,-60.296999999946827],[-46.805000000187121,-60.296200000122646],[-46.967000000110673,-60.299100000128917],[-47.003400000426204,-60.300599999860815],[-47.104100000220654,-60.296100000214537],[-47.290999999957783,-60.302700000158445],[-47.462100000184783,-60.304599999892936],[-47.616999999970282,-60.312000000070057],[-47.776500000136238,-60.319500000060835],[-47.9973999999904,-60.330999999798678],[-48.186699999926013,-60.336499999835389],[-48.410299999554333,-60.338999999949976],[-48.711599999769803,-60.338999999949976],[-48.853100000243685,-60.340499999922294],[-49.088299999933078,-60.340900000122545],[-49.243399999735104,-60.343799999820817],[-49.425800000447538,-60.349199999875118],[-49.708599999582113,-60.355699999912069],[-49.843100000375379,-60.359499999778549],[-50.07799999959078,-60.364400000110074],[-50.205899999838174,-60.363599999832523],[-50.397500000413181,-60.366799999955909],[-50.582300000425789,-60.368900000148329],[-50.712199999940282,-60.374900000196703],[-50.833200000066171,-60.373899999861948],[-50.9632000000381,-60.378799999787866],[-51.052200000212352,-60.377500000142966],[-51.128600000242841,-60.404300000102175],[-51.204499999782811,-60.443499999901789],[-51.262599999647271,-60.470000000178317],[-51.322800000134556,-60.502199999981627],[-51.362300000257328,-60.536299999856418],[-51.411099999801763,-60.567200000099],[-51.442099999670695,-60.587699999948157],[-51.49549999959558,-60.618500000031673],[-51.513500000185964,-60.625500000092245],[-51.636800000052915,-60.624599999868366],[-51.752900000222702,-60.630399999879494],[-51.821200000032448,-60.635599999995421],[-51.905399999809717,-60.640999999970383],[-51.978500000016439,-60.689900000096642],[-52.033599999632777,-60.731800000008555],[-52.075699999970567,-60.761300000157156],[-52.124300000396786,-60.796399999987074],[-52.181800000211616,-60.836000000081924],[-52.239599999602099,-60.86999999991535],[-52.272900000110411,-60.889199999841196],[-52.324000000294234,-60.920899999955317],[-52.360300000152343,-60.925700000014956],[-52.471999999958228,-60.929200000027116],[-52.629099999925678,-60.937500000066343],[-52.74789999986961,-60.936600000070193],[-52.868699999978965,-60.940200000145339],[-52.955600000428696,-60.937799999939443],[-53.076700000113696,-60.934699999795967],[-53.20010000043807,-60.932699999991314],[-53.302800000397923,-60.933800000087132],[-53.375600000130682,-60.939099999890132],[-53.423399999592419,-60.941799999985868],[-53.49250000036664,-60.976899999952451],[-53.546100000308066,-61.002999999974556],[-53.583800000281961,-61.026600000190768],[-53.637000000190312,-61.061499999891701],[-53.6898999996247,-61.100699999857568],[-53.754299999561034,-61.14109999981109],[-53.810099999684432,-61.16809999992207],[-53.867899999973226,-61.201800000135265],[-53.901199999583206,-61.221899999829816],[-53.92969999969452,-61.245299999905036],[-53.993600000038668,-61.295399999989705],[-54.039899999825501,-61.329799999790922],[-54.099500000263163,-61.374299999858231],[-54.150499999989584,-61.406500000005877],[-54.192499999869931,-61.435399999819772],[-54.234400000191201,-61.465300000201601],[-54.280999999553693,-61.495200000019587],[-54.304999999741995,-61.518299999915484],[-54.403199999778835,-61.517200000004898],[-54.48110000038254,-61.510400000071286],[-54.533500000224713,-61.513200000006407],[-54.558400000038304,-61.518900000011797]]},"properties":{"geogdesc":"SOUTH SCOTIA RIDGE TRANSFORM FAULT","type":"TRANSFORM","OBJECTID":340}},{"type":"Feature","id":341,"geometry":{"type":"LineString","coordinates":[[-26.27569999966925,-60.608000000038089],[-25.10509999987233,-60.729900000171497],[-22.708300000171626,-60.798900000127254],[-20.462399999925594,-60.845500000040403],[-19.579999999709887,-60.809999999939784]]},"properties":{"geogdesc":"SOUTH SANDWICH FZ","type":"TRANSFORM","OBJECTID":341}},{"type":"Feature","id":342,"geometry":{"type":"LineString","coordinates":[[-66.714899999782901,-57.585300000169738],[-66.648699999697712,-57.58980000013122],[-66.573499999766454,-57.598100000171108],[-66.477499999911572,-57.602999999781616],[-66.386499999571896,-57.616399999797046],[-66.238899999940983,-57.646500000137273],[-66.125500000443679,-57.671199999897347],[-65.991900000174013,-57.70590000006063],[-65.917300000292386,-57.730099999870291],[-65.833600000107296,-57.753200000217753],[-65.745699999574853,-57.787300000034989],[-65.680299999555828,-57.811300000176651],[-65.567900000141194,-57.86030000021745],[-65.511400000409083,-57.875599999898903],[-65.396199999864564,-57.91479999997194],[-65.34210000033093,-57.933800000166528],[-65.240399999555478,-57.964200000229631],[-65.145199999766746,-57.987299999914676],[-65.059300000298023,-58.013900000038277],[-64.966400000250374,-58.035599999765665],[-64.923499999846427,-58.050700000223245],[-64.792000000199593,-58.081400000209776],[-64.730900000087033,-58.099200000237182],[-64.597299999817366,-58.132299999957922],[-64.493399999758267,-58.16740000004345],[-64.353100000281955,-58.204200000039449],[-64.203400000028196,-58.238600000107198],[-64.085200000133881,-58.259399999808714],[-63.956000000228137,-58.288700000048685],[-63.93110000041456,-58.295000000139879],[-63.774799999614949,-58.33540000005469],[-63.684299999765798,-58.36059999992144],[-63.60749999970222,-58.385600000084764],[-63.492100000039478,-58.415800000099324],[-63.360600000392651,-58.447400000101908],[-63.233700000227962,-58.477800000048731],[-63.088499999897245,-58.509499999895503],[-62.907300000182374,-58.553599999942428],[-62.773699999912715,-58.589800000128079],[-62.671800000019019,-58.615000000126606],[-62.560199999772237,-58.629399999870323],[-62.464900000424421,-58.648500000037544],[-62.367399999996323,-58.671099999896455],[-62.281200000053644,-58.690000000198737],[-62.176800000402331,-58.710300000052953],[-62.138100000345744,-58.716699999902893],[-62.031200000038531,-58.732300000043658],[-61.927000000403773,-58.758499999947233],[-61.818200000388579,-58.784800000112725],[-61.736700000385447,-58.804799999954433],[-61.675200000239798,-58.813799999918061],[-61.58470000039064,-58.837500000212223],[-61.542099999562339,-58.859300000171146],[-61.398999999854446,-58.884800000085825],[-61.330999999620353,-58.899799999988012],[-61.274400000329123,-58.915900000160931],[-61.177299999934107,-58.945400000228595],[-61.104999999793549,-58.967600000172588],[-61.067200000260556,-58.994000000008377],[-60.96099999956207,-59.026000000042799],[-60.881800000198325,-59.046999999842029],[-60.791399999908286,-59.075200000008692],[-60.689399999557146,-59.09759999995569],[-60.639599999930006,-59.111100000058073],[-60.470200000292742,-59.163700000011431],[-60.36149999983666,-59.191999999911275],[-60.25300000029543,-59.223799999989353],[-60.119499999584896,-59.258199999812462],[-59.981899999882714,-59.30670000008891],[-59.839800000257526,-59.353999999975407],[-59.684399999981522,-59.411899999872524],[-59.580499999922424,-59.445800000047555],[-59.427299999828364,-59.501200000134624],[-59.339299999736802,-59.528999999980179],[-59.181100000127536,-59.576100000016595],[-59.007100000109844,-59.629199999988799],[-58.813300000251189,-59.697500000097797],[-58.605900000166081,-59.770399999841224],[-58.520500000289559,-59.805999999860823],[-58.360899999666188,-59.871199999849068],[-58.268900000142132,-59.913699999861443],[-58.152700000413212,-59.975900000047027],[-58.058400000249783,-60.018299999847358],[-57.970800000191304,-60.053700000203506],[-57.893499999637221,-60.067200000097195],[-57.719600000076952,-60.120600000036113],[-57.597599999868365,-60.15629999993812],[-57.477999999858262,-60.194099999862956],[-57.381100000378105,-60.228299999875212],[-57.261500000367995,-60.267200000147263],[-57.142399999950094,-60.317399999859632],[-57.016800000342073,-60.373299999850161],[-56.830099999723174,-60.445700000164265],[-56.708600000005092,-60.492300000097771],[-56.646299999793264,-60.531300000063254],[-56.599199999940254,-60.554399999973782],[-56.520900000201792,-60.592499999856322],[-56.464700000045319,-60.615700000068152],[-56.366200000432841,-60.664000000113973],[-56.285600000054991,-60.703100000126234],[-56.221200000118642,-60.747500000024552],[-56.160900000072246,-60.779600000102597],[-56.105000000389744,-60.809299999867704],[-56.064500000184289,-60.823200000086523],[-55.973099999811524,-60.877800000172442]]},"properties":{"geogdesc":"SHACKLETON FRACTURE ZONE, SCOTIA SEA","type":"TRANSFORM","OBJECTID":342}},{"type":"Feature","id":343,"geometry":{"type":"LineString","coordinates":[[174.31000000021996,-41.190000000106465],[174.66000000042078,-40.999999999677868],[174.96000000007956,-40.779999999827318],[175.26999999966708,-40.449999999718436],[175.47000000003854,-40.230000000056016],[175.72000000005363,-39.939999999949727],[175.95000000021125,-39.620000000063897],[176.13999999975562,-39.270000000236529],[176.28999999958504,-38.949999999945568],[176.49999999988515,-38.600000000287764],[176.6599999996433,-38.229999999892307],[176.80000000044225,-37.950000000049698],[176.84000000015723,-37.789999999993377],[176.98999999998659,-37.55999999968251]]},"properties":{"geogdesc":"ALPINE FAULT, WESTERN BORDER OF TORLESSE (N. ISL","type":"TRANSFORM","OBJECTID":343}},{"type":"Feature","id":344,"geometry":{"type":"LineString","coordinates":[[177.1100000000298,-37.340000000163577],[177.2100000002155,-37.189999999933335]]},"properties":{"geogdesc":"ALPINE FAULT, WESTERN BORDER OF TORLESSE (N. ISL","type":"TRANSFORM","OBJECTID":344}},{"type":"Feature","id":345,"geometry":{"type":"LineString","coordinates":[[177.3799999999024,-36.889999999907019],[177.61000000006004,-36.599999999677095]]},"properties":{"geogdesc":"ALPINE FAULT, WESTERN BORDER OF TORLESSE (N. ISL","type":"TRANSFORM","OBJECTID":345}},{"type":"Feature","id":346,"geometry":{"type":"LineString","coordinates":[[-55.973099999811524,-60.877800000172442],[-55.939600000184996,-60.933900000195543],[-55.827999999938221,-60.978100000032612],[-55.728100000209949,-61.015800000068523],[-55.637200000327702,-61.055700000175321],[-55.50429999966677,-61.113800000123838],[-55.441400000303652,-61.140699999847342],[-55.308400000083616,-61.201999999850898],[-55.231499999562622,-61.236400000130452],[-55.138400000396729,-61.273799999867705],[-55.059200000134673,-61.30799999995876],[-55.005899999768893,-61.324999999843342],[-54.917499999644264,-61.358000000053792],[-54.859399999779811,-61.381399999963932],[-54.775600000035617,-61.414399999807479],[-54.719700000353114,-61.438899999957023],[-54.670699999893813,-61.460200000040857],[-54.630999999754515,-61.480499999973063],[-54.600599999935206,-61.494299999866463],[-54.558400000038304,-61.518900000011797]]},"properties":{"geogdesc":"SHACKLETON TRANSFORM FAULT, SCOTIA SEA","type":"TRANSFORM","OBJECTID":346}},{"type":"Feature","id":347,"geometry":{"type":"LineString","coordinates":[[168.20680000030535,-10.922000000434084],[168.22889999988737,-11.17210000006169]]},"properties":{"geogdesc":"FRACTURE ZONE, NORTHWEST FIJI BASIN","type":"TRANSFORM","OBJECTID":347}},{"type":"Feature","id":348,"geometry":{"type":"LineString","coordinates":[[168.24399999978874,-11.330099999623393],[168.25359999968438,-11.577499999795648]]},"properties":{"geogdesc":"FRACTURE ZONE, NORTHWEST FIJI BASIN","type":"TRANSFORM","OBJECTID":348}},{"type":"Feature","id":349,"geometry":{"type":"LineString","coordinates":[[168.25219999956857,-11.697499999743135],[168.25029999986063,-11.916499999905435]]},"properties":{"geogdesc":"FRACTURE ZONE, NORTHWEST FIJI BASIN","type":"TRANSFORM","OBJECTID":349}},{"type":"Feature","id":350,"geometry":{"type":"LineString","coordinates":[[168.25399999971748,-12.06309999978771],[168.22339999988159,-12.286999999722674]]},"properties":{"geogdesc":"FRACTURE ZONE, NORTHWEST FIJI BASIN","type":"TRANSFORM","OBJECTID":350}},{"type":"Feature","id":351,"geometry":{"type":"LineString","coordinates":[[168.21979999958393,-12.451799999629332],[168.19649999990261,-12.653299999761671]]},"properties":{"geogdesc":"FRACTURE ZONE, NORTHWEST FIJI BASIN","type":"TRANSFORM","OBJECTID":351}},{"type":"Feature","id":352,"geometry":{"type":"LineString","coordinates":[[168.2013000002996,-12.776400000206056],[168.18449999980851,-12.995799999934672]]},"properties":{"geogdesc":"FRACTURE ZONE, NORTHWEST FIJI BASIN","type":"TRANSFORM","OBJECTID":352}},{"type":"Feature","id":353,"geometry":{"type":"LineString","coordinates":[[168.18030000035947,-13.09210000029692],[168.16349999986829,-13.321000000188475]]},"properties":{"geogdesc":"FRACTURE ZONE, NORTHWEST FIJI BASIN","type":"TRANSFORM","OBJECTID":353}},{"type":"Feature","id":354,"geometry":{"type":"LineString","coordinates":[[168.16409999991797,-13.387800000353026],[168.15910000040273,-13.537400000066622]]},"properties":{"geogdesc":"FRACTURE ZONE, NORTHWEST FIJI BASIN","type":"TRANSFORM","OBJECTID":354}},{"type":"Feature","id":355,"geometry":{"type":"LineString","coordinates":[[152.17580000036799,-3.5795000003733604],[152.24659999993531,-3.6251000001105096],[152.35600000000011,-3.7422000002527582],[152.42500000031689,-3.8251000003782107],[152.47050000003753,-3.8895999998677353],[152.50650000032005,-3.9542999997428852],[152.54480000034354,-4.0072999996855483],[152.59479999998726,-4.0695000004332513],[152.6445000000553,-4.1082999995655305],[152.71090000015701,-4.1655000000542479],[152.75840000004311,-4.2160999996020907],[152.82480000014485,-4.2756000003269046],[152.86740000007487,-4.3122000001944674],[152.90570000009836,-4.3697999996470536],[152.95820000039799,-4.4389000001510688],[152.98920000026686,-4.475699999809799],[153.0226999998934,-4.5263999999007032],[153.09419999996783,-4.6138000000885526]]},"properties":{"geogdesc":"WEITIN TRANSFORM FAULT, SE OF NEW IRELAND","type":"TRANSFORM","OBJECTID":355}},{"type":"Feature","id":356,"geometry":{"type":"LineString","coordinates":[[153.13479999973242,-4.6644000002213506],[153.17329999977244,-4.8873000002681959]]},"properties":{"geogdesc":"WEITIN TRANSFORM FAULT, SE OF NEW IRELAND","type":"TRANSFORM","OBJECTID":356}},{"type":"Feature","id":357,"geometry":{"type":"LineString","coordinates":[[153.25849999963245,-5.0977000001685084],[153.30090000044419,-5.415799999794805]]},"properties":{"geogdesc":"WEITIN TRANSFORM FAULT, SE OF NEW IRELAND","type":"TRANSFORM","OBJECTID":357}},{"type":"Feature","id":358,"geometry":{"type":"LineString","coordinates":[[153.39370000003441,-5.6679000001815796],[153.52619999976392,-5.921499999853812]]},"properties":{"geogdesc":"WEITIN TRANSFORM FAULT, SE OF NEW IRELAND","type":"TRANSFORM","OBJECTID":358}},{"type":"Feature","id":359,"geometry":{"type":"LineString","coordinates":[[147.84830000043888,-2.8802000000265267],[148.07410000024913,-2.9722999999458199],[148.38460000032717,-3.1026999995858788],[148.64360000018829,-3.2199999997999464],[148.84599999985988,-3.3147999998713611],[149.0177000001365,-3.3843999997352374],[149.21040000035333,-3.4489999998972722],[149.29729999990474,-3.4801999999311364],[149.34900000013826,-3.4980000002861136]]},"properties":{"geogdesc":"WILLAUMEZ TRANSFORM FAULT, MANUS BASIN, NE OF NE","type":"TRANSFORM","OBJECTID":359}},{"type":"Feature","id":360,"geometry":{"type":"LineString","coordinates":[[149.34900000013826,-3.4981000000350546],[149.5643999999867,-3.5202999997506956],[149.74960000003236,-3.5570999996465678],[149.86710000031789,-3.5948999997331557],[149.93299999992917,-3.6241999997192798]]},"properties":{"geogdesc":"EXTENSIONAL TRANSFORM FAULT, MANUS BASIN, NE OF","type":"TRANSFORM","OBJECTID":360}},{"type":"Feature","id":361,"geometry":{"type":"LineString","coordinates":[[150.66010000032631,-3.052899999585553],[150.69829999989241,-3.1035999999189938],[150.75260000034089,-3.1401000000987462],[150.7883999997085,-3.1861999997064396],[150.80999999969825,-3.218500000281836],[150.84339999976569,-3.2670000002352673],[150.88590000013659,-3.2942999997741467],[150.93290000043044,-3.3122000003118544],[150.97539999990306,-3.3372000002036373],[150.98960000017917,-3.3463000000891787],[151.02049999959061,-3.3785000003481342],[151.03710000006521,-3.3969000003736247],[151.06079999977953,-3.4151999998777072],[151.13129999977127,-3.4397000002593163],[151.18070000026364,-3.4622999995663366],[151.21840000023752,-3.4802999997810025],[151.24670000033231,-3.5009000003291186],[151.27530000000269,-3.530699999604979],[151.3109000002521,-3.5675000000420414],[151.34439999987865,-3.6183000003906858],[151.36140000038634,-3.6575999998568141],[151.38989999959929,-3.6852000003258434],[151.40639999961647,-3.6965999999178423],[151.43460000015216,-3.7077999999885769],[151.45569999965139,-3.7073999998652818]]},"properties":{"geogdesc":"DJAUL TRANSFORM FAULT, MANUS BASIN, NE OF NEW GU","type":"TRANSFORM","OBJECTID":361}},{"type":"Feature","id":362,"geometry":{"type":"LineString","coordinates":[[-124.44150000043878,40.258400000016145],[-124.40200000031604,40.244500000090682],[-124.36170000012713,40.227799999940281],[-124.33070000025818,40.210600000107092],[-124.28739999982115,40.189800000340824],[-124.24909999979762,40.168099999975112],[-124.21319999997262,40.140900000171499],[-124.17839999978942,40.117000000211206],[-124.13490000023414,40.089500000225314],[-124.10179999974238,40.066699999852155],[-124.0783999996037,40.04879999971655],[-124.0724999995649,40.041999999913408]]},"properties":{"geogdesc":"MENDOCINO FRACTURE ZONE, PACIFIC PLATE","type":"TRANSFORM","OBJECTID":362}},{"type":"Feature","id":363,"geometry":{"type":"LineString","coordinates":[[160.69120000035861,-60.47919999992763],[160.92000000041693,-60.632500000136289],[161.07000000024638,-60.727999999919717],[161.19000000028956,-60.815900000109288],[161.28999999957696,-60.884100000173284],[161.42499999996238,-60.974000000017547],[161.5900000001341,-61.053900000209453],[161.72000000010598,-61.128900000213825],[161.86000000000661,-61.20119999985959],[162.03999999962224,-61.294999999914992],[162.21499999972269,-61.412499999975147],[162.31499999990839,-61.472200000201639],[162.4349999999516,-61.543799999972471],[162.57499999985222,-61.624700000023658],[162.68499999996666,-61.693499999810392],[162.73499999961038,-61.719600000041495],[162.7750000002236,-61.748000000050027]]},"properties":{"geogdesc":"TRANSFORM FAULT BETWEEN PACIFIC AND AUSTRALIA PL","type":"TRANSFORM","OBJECTID":363}},{"type":"Feature","id":364,"geometry":{"type":"LineString","coordinates":[[167.97800000024699,-44.456000000096019],[167.97800000024699,-44.456000000096019],[167.95979999964004,-44.472299999952895],[167.79999999989846,-44.553600000231889],[167.63770000039924,-44.636400000016373],[167.5310999996677,-44.691000000124347],[167.40930000037397,-44.759799999733254],[167.21339999989246,-44.892000000121499],[167.07330000043265,-44.999500000198807],[166.948299999976,-45.106900000036489],[166.88719999986338,-45.152500000024709],[166.78779999972733,-45.236799999791202],[166.64249999983747,-45.350700000230958],[166.60150000003983,-45.398100000063096],[166.48390000019515,-45.513599999909523],[166.40690000011503,-45.606299999999685],[166.32210000028812,-45.714699999792209],[166.26049999968507,-45.793199999772256],[166.19359999999111,-45.885499999861139],[166.12430000009866,-45.967199999825262],[166.0831999998436,-46.01930000008737],[165.9829000000822,-46.152900000037249],[165.93139999986531,-46.225600000119286],[165.91839999968846,-46.249899999881947],[165.88510000007847,-46.289599999721325],[165.84909999979604,-46.332800000256803],[165.81560000016947,-46.384599999850522],[165.79469999978843,-46.427799999694528],[165.76879999989214,-46.474400000180687],[165.73490000023253,-46.545099999942003],[165.698499999917,-46.620899999903891],[165.67469999974526,-46.686299999981216],[165.63810000031145,-46.768800000011737],[165.6039000001779,-46.85979999994062],[165.5915000000507,-47.025300000301002]]},"properties":{"geogdesc":"TRANSFORM FAULT, SOUTHWEST OF SOUTH ISLAND, NEW","type":"TRANSFORM","OBJECTID":364}},{"type":"Feature","id":365,"geometry":{"type":"LineString","coordinates":[[165.5915000000507,-47.025300000301002],[165.592799999709,-47.026199999961797],[165.58479999994569,-47.043500000252763],[165.58079999961487,-47.05069999977438],[165.57680000018232,-47.066200000213286],[165.58600000004495,-47.127900000087308],[165.59920000023837,-47.176900000184723],[165.60040000033754,-47.238500000198911],[165.57489999957608,-47.324400000046339],[165.53070000041208,-47.426400000146629],[165.48789999956719,-47.505700000058077],[165.44099999973074,-47.593000000009312],[165.39559999956919,-47.672000000212009],[165.35140000040516,-47.74379999991389],[165.32059999965446,-47.80650000024076],[165.28979999980211,-47.899499999860645],[165.28160000002228,-47.9726999998366],[165.27349999980146,-48.033399999974733],[165.25470000004327,-48.101999999898865],[165.21590000042752,-48.173200000026654],[165.15839999971439,-48.247800000111198],[165.09020000036205,-48.329300000056847],[165.01269999979144,-48.405500000039247],[164.92190000036666,-48.49559999993086],[164.82569999959696,-48.574999999985195],[164.73750000038714,-48.656899999705715],[164.65999999981653,-48.744799999709599],[164.5731000002651,-48.84930000002111],[164.4981999999095,-48.963200000101487],[164.46740000005713,-49.04539999992749],[164.41919999966396,-49.116099999790102],[164.33769999966083,-49.204999999779311],[164.31230000025511,-49.234599999859178],[164.27220000008273,-49.278899999846026],[164.23479999968447,-49.335400000230308],[164.20530000038875,-49.397900000051067],[164.1691999996489,-49.436000000057597],[164.07969999988239,-49.500100000177845],[164.01289999974759,-49.558899999831709],[163.94350000029604,-49.633199999803239],[163.87530000004543,-49.686599999815506],[163.73909999956069,-49.789100000131199],[163.68840000030832,-49.820899999711536],[163.60819999996352,-49.875000000245414],[163.54950000004945,-49.903300000227595],[163.44000000042553,-49.963299999825061],[163.29310000040334,-50.067700000126052],[163.17689999977611,-50.158199999885234],[163.0607999996063,-50.237499999725777],[162.95390000019745,-50.314999999732628],[162.80439999996025,-50.403300000232093],[162.6587999995964,-50.49239999995622],[162.55729999973579,-50.565999999990069],[162.4091000000553,-50.672500000031363],[162.33960000014633,-50.734099999779296],[162.28620000022138,-50.793900000120708],[162.19270000012418,-50.857000000280131],[162.11519999955351,-50.91079999995145],[161.99509999995118,-50.994699999743439],[161.88150000043737,-51.085999999780199],[161.78800000034008,-51.158799999989938],[161.67580000004364,-51.27479999989572],[161.51939999968491,-51.442000000189182],[161.40990000006099,-51.514200000084287],[161.34439999958454,-51.578800000253459],[161.2868999997697,-51.644200000254457],[161.21610000020237,-51.709499999911756],[161.13859999963177,-51.780399999945331],[161.04099999964458,-51.885800000064947],[160.97950000039719,-51.960599999795662],[160.9099999995899,-52.031199999966546],[160.82319999959765,-52.12209999988201],[160.73759999970451,-52.210300000114039],[160.67609999955886,-52.279700000155508],[160.62540000030648,-52.335900000021347],[160.53980000041338,-52.418000000108066],[160.45169999986439,-52.490299999969373],[160.37680000040712,-52.569699999957706],[160.28589999962657,-52.653099999937787],[160.14829999992443,-52.769299999732937],[160.08419999956371,-52.822499999790089],[159.99469999979729,-52.904500000062335],[159.94260000042905,-52.946299999912355],[159.86110000042595,-53.0257000001886],[159.77150000020205,-53.121699999741871],[159.71939999993552,-53.172899999840176],[159.68869999964224,-53.190399999766626],[159.60460000032242,-53.251900000002721],[159.50429999966278,-53.346599999834361],[159.43220000043704,-53.416600000221599],[159.37329999960809,-53.484800000105672],[159.31719999990901,-53.549799999940817],[159.31719999990901,-53.548999999753995],[159.29579999993578,-53.56240000020027],[159.24240000001089,-53.61229999987701],[159.2183000002635,-53.647800000076636],[159.17009999987033,-53.729100000236016],[159.13660000024382,-53.81969999986628],[159.08300000030241,-53.918800000067549],[159.02809999980423,-54.010500000217235],[158.98389999974194,-54.113000000136353],[158.93559999978973,-54.226900000138407],[158.86469999976498,-54.353700000042899],[158.81639999981266,-54.446899999906925],[158.80029999982858,-54.502599999832647],[158.77479999996538,-54.561400000120763],[158.7320000000189,-54.624000000192105],[158.70120000016647,-54.677199999894484],[158.67169999997247,-54.752600000244755],[158.6529000002142,-54.814200000013933],[158.64470000043437,-54.90009999975765],[158.62990000010862,-54.979000000101834],[158.60440000024542,-55.054700000162327],[158.57750000026641,-55.12790000013279],[158.57739999980899,-55.178199999925532],[158.57859999990828,-55.217000000066072],[158.55319999960417,-55.283899999946918],[158.52769999974097,-55.337800000218436],[158.50489999965191,-55.412000000084277],[158.47400000024041,-55.476999999955119],[158.47129999956798,-55.498200000040448],[158.45790000025633,-55.552499999999505],[158.43909999959982,-55.602199999896897],[158.39350000032002,-55.693300000104564],[158.36939999967427,-55.745799999888938],[158.33320000027359,-55.826000000132616],[158.30909999962785,-55.879900000019482],[158.27689999965969,-55.944899999938158],[158.25809999990145,-56.009799999979236],[158.24070000025898,-56.049300000215496],[158.20180000018587,-56.117700000044024],[158.18300000042763,-56.174099999892391],[158.13219999981951,-56.238599999780639],[158.06269999991051,-56.3103999999664],[157.99979999964907,-56.388700000149257],[157.95020000003851,-56.488899999912164],[157.91809999962942,-56.559500000222336],[157.88460000000291,-56.630700000146106],[157.83899999982475,-56.711299999970848],[157.81619999973572,-56.761000000140186],[157.78940000021413,-56.847800000087737],[157.7425000003777,-56.936700000190299],[157.70630000007867,-57.019500000223829],[157.687399999863,-57.097100000233091],[157.67390000009399,-57.172299999896737],[157.64969999988912,-57.251700000127379],[157.6348000000043,-57.332399999807556],[157.63729999976189,-57.406499999909414],[157.63849999986118,-57.466100000070163],[157.6356000000705,-57.554899999953427],[157.6221000003014,-57.646999999955163],[157.63390000037904,-57.717600000070277],[157.64559999999923,-57.825700000011587],[157.68940000002843,-57.923600000141896],[157.72389999973771,-57.990900000217678],[157.76110000011937,-58.055800000001128],[157.81419999957032,-58.129900000001022],[157.84739999962119,-58.177800000002335],[157.89660000009701,-58.25930000017793],[157.94439999955873,-58.350399999985662],[158.00820000034378,-58.434999999796247],[158.05869999957966,-58.496400000048716],[158.0944999998456,-58.551400000090872],[158.14640000009558,-58.618899999789569],[158.21560000042891,-58.685499999880086],[158.28210000008974,-58.745800000006376],[158.40450000033144,-58.860600000141048],[158.42310000007316,-58.88400000000172],[158.47229999965066,-58.941200000097204],[158.50420000004317,-58.99069999989274],[158.54539999985741,-59.016200000066945],[158.60930000020156,-59.051900000087883],[158.6918999998465,-59.099899999789926],[158.75449999963394,-59.139599999897996],[158.84100000005057,-59.2080000001624],[158.91680000003149,-59.264700000180333],[158.99799999956065,-59.333499999980532],[159.07919999998813,-59.403599999839933],[159.13769999988563,-59.453799999975217],[159.20550000010317,-59.524899999778654],[159.27070000010568,-59.596600000204567],[159.35979999983908,-59.682900000130523],[159.45160000024489,-59.763599999994128],[159.54339999975238,-59.832100000163251],[159.61139999998647,-59.873000000028746],[159.69519999973068,-59.934600000139312],[159.80299999966317,-60.001400000051369],[159.91490000038394,-60.066100000005775],[160.02680000020638,-60.119399999901397],[160.16789999974878,-60.208399999993645],[160.25580000028125,-60.26069999997469],[160.36759999964625,-60.315599999923606],[160.44350000008455,-60.349999999799003],[160.55410000024864,-60.404099999841009],[160.59799999983699,-60.420599999815593],[160.63669999989358,-60.437799999986474],[160.67130000006023,-60.45689999978913],[160.69120000035861,-60.47919999992763]]},"properties":{"geogdesc":"MACQUARIE RIDGE, SW PACIFIC","type":"TRANSFORM","OBJECTID":365}},{"type":"Feature","id":366,"geometry":{"type":"LineString","coordinates":[[-90.77429999985759,1.7800000002870042],[-90.821900000201111,0.79570000006344144],[-87.309800000336352,0.71950000016694193]]},"properties":{"geogdesc":"COCOS-NAZCA SPREADING CENTER","type":"TRANSFORM","OBJECTID":366}},{"type":"Feature","id":367,"geometry":{"type":"LineString","coordinates":[[-87.728599999939092,0.86230000003258955],[-85.37769999999216,0.61960000023169259],[-85.368199999655616,0.89079999976080049],[-85.303900000176696,1.4333999996105056],[-85.290000000374562,1.5699999999615575]]},"properties":{"geogdesc":"COCOS-NAZCA SPREADING CENTER","type":"TRANSFORM","OBJECTID":367}},{"type":"Feature","id":368,"geometry":{"type":"LineString","coordinates":[[174.0160000001591,-41.450999999940713],[174.01299999991093,-41.452000000180135],[174.01099999974554,-41.452000000180135],[174.00700000031301,-41.454000000196409],[174.00400000006491,-41.454000000196409],[174.0009999998168,-41.454999999971719],[173.99700000038428,-41.455999999815198],[173.99400000013617,-41.456999999726051],[173.99199999997077,-41.457999999703489],[173.98899999972261,-41.45899999974678],[173.98699999955721,-41.45899999974678],[173.98400000020746,-41.459999999855086],[173.98099999995929,-41.46100000002766],[173.97799999971119,-41.46100000002766],[173.97400000027872,-41.462000000263693],[173.97100000003056,-41.462999999889234],[173.96799999978248,-41.464000000249868],[173.96400000034993,-41.46499999999844],[173.96100000010182,-41.465999999807408],[173.95699999977103,-41.466999999675927],[173.95300000033851,-41.468000000276348],[173.94900000000771,-41.469000000261673],[173.94599999975955,-41.469000000261673],[173.94300000040977,-41.470000000304204],[173.94000000016169,-41.470999999730083],[173.93799999999621,-41.471999999884744]]},"properties":{"geogdesc":"ALPINE FAULT, SOUTH NEW ZEALAND","type":"TRANSFORM","OBJECTID":368}},{"type":"Feature","id":369,"geometry":{"type":"LineString","coordinates":[[173.8330000002953,-41.515000000318373],[173.83200000021264,-41.515000000318373],[173.82799999988183,-41.515000000318373],[173.82499999963366,-41.515000000318373],[173.8210000002012,-41.515000000318373],[173.81699999987032,-41.516000000129608],[173.81300000043788,-41.516999999961328],[173.80900000010701,-41.517999999812773],[173.80499999977621,-41.518999999683118],[173.80000000026098,-41.520000000244174],[173.79599999993019,-41.521000000150018],[173.79199999959931,-41.521000000150018],[173.78800000016685,-41.522000000072424],[173.78299999975329,-41.523000000010605],[173.77700000015543,-41.523999999963792],[173.76900000039208,-41.524999999931183],[173.76399999997855,-41.525999999912059],[173.7580000003806,-41.526999999905534],[173.7529999999671,-41.526999999905534],[173.74799999955357,-41.528999999927407],[173.74300000003839,-41.528999999927407],[173.73799999962483,-41.529999999954164],[173.7309999999442,-41.530999999990428],[173.72600000042902,-41.532000000035502],[173.72100000001547,-41.533000000088464],[173.71599999960196,-41.534000000148623],[173.71100000008673,-41.534000000148623],[173.70499999959048,-41.535000000215192],[173.69799999990983,-41.536000000287366],[173.69300000039468,-41.536999999691922],[173.68699999989843,-41.537999999772978],[173.6820000003832,-41.537999999772978],[173.6749999998043,-41.538999999857282],[173.66900000020638,-41.54100000003254],[173.66399999979279,-41.542000000121909],[173.65800000019493,-41.543000000211435],[173.65199999969869,-41.544999999715365],[173.64800000026614,-41.545999999800586],[173.64299999985266,-41.546999999882786],[173.63800000033743,-41.547999999961185],[173.63299999992392,-41.549000000035036],[173.62700000032601,-41.551000000165892],[173.6219999999125,-41.553000000269087],[173.61700000039727,-41.554000000308335],[173.60999999981831,-41.555999999686058],[173.60400000022037,-41.557999999692697],[173.59799999972418,-41.560000000321907],[173.59300000020895,-41.562000000223051],[173.58799999979547,-41.563000000150723],[173.58200000019752,-41.564999999956349],[173.57799999986668,-41.565999999832748],[173.57699999978396,-41.566999999690474],[173.57499999961857,-41.568000000200847],[173.56799999993794,-41.569999999815941],[173.56200000033999,-41.572000000015905],[173.55599999984383,-41.57400000012241],[173.54900000016318,-41.576000000129149],[173.54299999966693,-41.57800000002991],[173.53900000023444,-41.579000000274569],[173.53499999990362,-41.579999999818412],[173.5309999995728,-41.582000000160328]]},"properties":{"geogdesc":"ALPINE FAULT, SOUTH NEW ZEALAND","type":"TRANSFORM","OBJECTID":369}},{"type":"Feature","id":370,"geometry":{"type":"LineString","coordinates":[[173.64500000001806,-41.536999999691922],[173.64399999993535,-41.537999999772978],[173.64199999976995,-41.538999999857282],[173.63800000033743,-41.54100000003254],[173.63199999984124,-41.543000000211435],[173.62700000032601,-41.544999999715365],[173.62099999982973,-41.547999999961185],[173.61400000014919,-41.550000000103516],[173.60799999965292,-41.552000000221348],[173.602000000055,-41.554000000308335],[173.5969999996415,-41.555999999686058],[173.59200000012626,-41.557999999692697],[173.5869999997127,-41.560000000321907],[173.58200000019752,-41.562000000223051],[173.57799999986668,-41.563000000150723],[173.5730000003515,-41.56400000006208],[173.56900000002065,-41.565999999832748],[173.56599999977254,-41.566999999690474],[173.56200000033999,-41.569000000018903],[173.55699999992652,-41.569999999815941],[173.55200000041128,-41.572000000015905],[173.54699999999781,-41.572999999745214],[173.54199999958422,-41.574999999802614],[173.53700000006907,-41.576000000129149],[173.53199999965548,-41.57800000002991],[173.52600000005756,-41.579999999818412],[173.51999999956138,-41.581000000004572],[173.51600000012886,-41.583000000284862],[173.51199999979804,-41.583999999705505],[173.5070000002828,-41.585999999791525],[173.49999999970385,-41.586999999783444],[173.49300000002322,-41.587999999740198],[173.48700000042538,-41.589000000332938],[173.47899999976372,-41.591000000063808],[173.47200000008306,-41.5919999998723],[173.46500000040245,-41.593000000313516],[173.45599999965808,-41.594999999732103],[173.44799999989476,-41.597000000328741],[173.44100000021413,-41.597999999891215],[173.43100000028539,-41.600000000227709],[173.42399999970644,-41.601000000328355],[173.41900000019129,-41.601999999711182],[173.41499999986041,-41.602999999718854],[173.40800000017978,-41.603999999678891],[173.40000000041644,-41.606000000124489],[173.39299999983757,-41.609000000079945],[173.38800000032234,-41.609000000079945],[173.38199999982609,-41.611000000013576],[173.37700000031091,-41.612999999731443],[173.37199999989735,-41.613999999843308],[173.36400000013401,-41.615999999897397],[173.35699999955511,-41.61799999972007],[173.35300000012259,-41.61999999997655],[173.34699999962632,-41.620999999677892],[173.34100000002846,-41.623000000237532],[173.3359999996149,-41.624999999872252],[173.33100000009969,-41.626999999918759],[173.3269999997689,-41.627999999842665],[173.32300000033632,-41.630000000159313],[173.31900000000553,-41.632000000200577],[173.31399999959206,-41.633999999960174],[173.31100000024222,-41.635000000068068],[173.30900000007682,-41.636000000103195],[173.30599999982871,-41.637000000064781],[173.30499999974597,-41.637999999952022],[173.30399999966326,-41.637999999952022]]},"properties":{"geogdesc":"ALPINE FAULT, SOUTH NEW ZEALAND","type":"TRANSFORM","OBJECTID":370}},{"type":"Feature","id":371,"geometry":{"type":"LineString","coordinates":[[173.25700000026774,-41.649999999899116],[173.25400000001957,-41.649999999899116],[173.25299999993686,-41.651000000091052],[173.25099999977147,-41.651000000091052],[173.24999999968878,-41.652000000197653],[173.24899999960607,-41.652000000197653],[173.247000000339,-41.653000000218142],[173.24500000017355,-41.65400000015169],[173.24300000000812,-41.65400000015169],[173.24099999984276,-41.654999999997614],[173.23899999967733,-41.655999999755032],[173.23700000041021,-41.657000000094371],[173.23600000032752,-41.657000000094371],[173.2340000001621,-41.657999999672491],[173.23300000007941,-41.657999999672491]]},"properties":{"geogdesc":"ALPINE FAULT, SOUTH NEW ZEALAND","type":"TRANSFORM","OBJECTID":371}},{"type":"Feature","id":372,"geometry":{"type":"LineString","coordinates":[[173.23300000007941,-41.657999999672491],[173.22899999974859,-41.660999999872203],[173.22600000039878,-41.663000000211859],[173.22099999998528,-41.66399999990437],[173.21599999957172,-41.666999999747745],[173.21200000013926,-41.667999999724422],[173.2069999997257,-41.670000000052084],[173.20100000012775,-41.671999999978702],[173.19499999963159,-41.675000000109414],[173.19000000011636,-41.67699999967698],[173.18399999962006,-41.679000000163398],[173.17800000002219,-41.681000000220486],[173.17299999960866,-41.684000000158306],[173.16700000001072,-41.684999999692508],[173.16299999967993,-41.686999999765732],[173.15700000008198,-41.68900000005528],[173.1519999996685,-41.690999999884113],[173.14700000015327,-41.692999999916729],[173.14199999973971,-41.693999999755903],[173.13800000030724,-41.695999999746938],[173.13199999981097,-41.697999999925941],[173.12800000037851,-41.700999999946248],[173.12299999996495,-41.704000000186298],[173.11700000036703,-41.70699999995422],[173.11300000003624,-41.708000000066342],[173.10899999970545,-41.709000000048306],[173.10200000002479,-41.71100000028931],[173.09699999961126,-41.713000000000385],[173.09100000001331,-41.71499999984583],[173.08899999984791,-41.71499999984583],[173.08400000033268,-41.716999999819265],[173.08000000000189,-41.718999999914445],[173.0759999996711,-41.719999999754258],[173.07300000032126,-41.721999999684868],[173.06899999999047,-41.723999999721421],[173.06699999982507,-41.725000000196481],[173.06499999965959,-41.725999999857571],[173.06100000022712,-41.728000000087022],[173.05799999997905,-41.728999999983323],[173.05499999973088,-41.72999999973301],[173.0520000003811,-41.731000000005629],[173.04900000013293,-41.732000000130043],[173.04599999988486,-41.733999999931036],[173.04199999955406,-41.735000000276429],[173.03700000003883,-41.736999999841935],[173.03499999987341,-41.737999999730825],[173.03199999962533,-41.739000000136322],[173.0280000001928,-41.740999999812637],[173.0229999997793,-41.743000000205136],[173.02000000042946,-41.743999999830145],[173.01600000009864,-41.745999999944537],[173.01299999985048,-41.748000000089007],[173.00800000033533,-41.750000000257295],[173.00600000016988,-41.751000000097029],[173.00299999992177,-41.752999999954078],[173.00199999983909,-41.753999999969736],[172.99899999959098,-41.754999999819084],[172.99500000015846,-41.756999999685803],[172.99099999982764,-41.757999999701589],[172.98700000039511,-41.759999999894021],[172.98300000006432,-41.76100000006906],[172.97899999973345,-41.762999999902853],[172.97300000013561,-41.764999999713062],[172.96699999963931,-41.765999999691111],[172.96100000004142,-41.767999999789041],[172.95400000036076,-41.769999999847585],[172.94799999986458,-41.771999999860356],[172.94400000043203,-41.773999999821058],[172.93900000001855,-41.775999999723375],[172.93499999968768,-41.7769999997344],[172.93000000017253,-41.778000000230911],[172.92599999984165,-41.779999999997479],[172.92299999959357,-41.780999999935887],[172.92100000032642,-41.78199999968669],[172.92000000024373,-41.782999999918957]]},"properties":{"geogdesc":"ALPINE FAULT, SOUTH NEW ZEALAND","type":"TRANSFORM","OBJECTID":372}},{"type":"Feature","id":373,"geometry":{"type":"LineString","coordinates":[[172.91299999966483,-41.78399999996207],[172.91100000039771,-41.78499999981522],[172.90900000023231,-41.786000000147403],[172.9059999999842,-41.787000000288096],[172.90199999965336,-41.78800000023643],[172.89800000022086,-41.790000000222761],[172.89199999972462,-41.792999999744744],[172.88800000029215,-41.794999999781602],[172.88299999987859,-41.796999999693661],[172.87900000044607,-41.799000000144254],[172.87400000003257,-41.800999999787699],[172.86999999970178,-41.802000000309263],[172.86600000026922,-41.804000000069472],[172.86300000002115,-41.804999999976175],[172.85999999977298,-41.806999999838901],[172.85600000034052,-41.806999999838901],[172.85400000017512,-41.807999999793289],[172.85200000000964,-41.8090000002084],[172.84899999976153,-41.80999999974425]]},"properties":{"geogdesc":"ALPINE FAULT, SOUTH NEW ZEALAND","type":"TRANSFORM","OBJECTID":373}},{"type":"Feature","id":374,"geometry":{"type":"LineString","coordinates":[[172.83999999991551,-41.812000000192477],[172.83799999975011,-41.81299999976418],[172.83599999958471,-41.813999999792557],[172.83500000040027,-41.813999999792557],[172.83400000031759,-41.815000000276832],[172.8330000002349,-41.815000000276832]]},"properties":{"geogdesc":"ALPINE FAULT, SOUTH NEW ZEALAND","type":"TRANSFORM","OBJECTID":374}},{"type":"Feature","id":375,"geometry":{"type":"LineString","coordinates":[[172.8149999996445,-41.820999999991329],[172.81200000029472,-41.822000000297102],[172.80900000004655,-41.822999999713517],[172.80599999979847,-41.824000000248091],[172.80399999963308,-41.82499999989173],[172.80200000036601,-41.825999999982521],[172.79900000011784,-41.826999999850173],[172.79699999995245,-41.828000000163378],[172.79499999978705,-41.83000000011495],[172.79200000043721,-41.830999999751768],[172.79000000027182,-41.831999999830934],[172.78800000010642,-41.832999999682272],[172.78599999994103,-41.833999999974331],[172.78399999977563,-41.835999999869422],[172.78299999969286,-41.837000000140215],[172.78100000042579,-41.837000000140215],[172.78000000034308,-41.838999999985681],[172.77800000017768,-41.840000000228052],[172.77600000001229,-41.841000000236257],[172.77399999984684,-41.843000000216428],[172.77199999968144,-41.844000000186767],[172.77099999959873,-41.844999999919793],[172.77000000041437,-41.846000000083968],[172.76800000024897,-41.847000000009245],[172.76500000000081,-41.847999999694864]]},"properties":{"geogdesc":"ALPINE FAULT, SOUTH NEW ZEALAND","type":"TRANSFORM","OBJECTID":375}},{"type":"Feature","id":376,"geometry":{"type":"LineString","coordinates":[[172.77800000017768,-41.838000000179228],[172.77600000001229,-41.838999999985681],[172.77399999984684,-41.840000000228052],[172.77199999968144,-41.840000000228052],[172.77000000041437,-41.841000000236257],[172.76700000016621,-41.842000000009605],[172.76600000008349,-41.843000000216428],[172.7639999999181,-41.843000000216428],[172.7619999997527,-41.844000000186767]]},"properties":{"geogdesc":"ALPINE FAULT, SOUTH NEW ZEALAND","type":"TRANSFORM","OBJECTID":376}},{"type":"Feature","id":377,"geometry":{"type":"LineString","coordinates":[[172.76500000000081,-41.847999999694864],[172.7639999999181,-41.847999999694864],[172.7619999997527,-41.848999999809223],[172.75900000040286,-41.849999999682368],[172.75600000015478,-41.852000000040007],[172.75399999998936,-41.85400000009237],[172.75099999974128,-41.855000000085688],[172.74899999957586,-41.855999999833038],[172.74600000022605,-41.857000000002706],[172.74299999997797,-41.857999999924857],[172.74099999981254,-41.859000000267706]]},"properties":{"geogdesc":"ALPINE FAULT, SOUTH NEW ZEALAND","type":"TRANSFORM","OBJECTID":377}},{"type":"Feature","id":378,"geometry":{"type":"LineString","coordinates":[[172.76099999967002,-41.852000000040007],[172.75999999958731,-41.852999999853822],[172.75800000032018,-41.85400000009237],[172.75600000015478,-41.855999999833038],[172.75399999998936,-41.855999999833038],[172.75099999974128,-41.857999999924857],[172.74800000039147,-41.859000000267706],[172.74500000014334,-41.85999999969232],[172.74299999997797,-41.85999999969232],[172.74099999981254,-41.861000000205159],[172.7399999997298,-41.861000000205159]]},"properties":{"geogdesc":"ALPINE FAULT, SOUTH NEW ZEALAND","type":"TRANSFORM","OBJECTID":378}},{"type":"Feature","id":379,"geometry":{"type":"LineString","coordinates":[[172.7399999997298,-41.861000000205159],[172.73799999956438,-41.861999999798208],[172.73600000029731,-41.861999999798208],[172.73300000004923,-41.862999999808807],[172.72999999980107,-41.864999999741322],[172.72699999955299,-41.866000000330622],[172.72400000020312,-41.86800000007549],[172.72200000003775,-41.868999999898456],[172.71799999970693,-41.871000000110328],[172.71500000035709,-41.871999999828766],[172.7130000001917,-41.87299999995669],[172.70999999994362,-41.875000000100115],[172.70699999969551,-41.876999999865284],[172.70400000034567,-41.878999999914789],[172.70200000018028,-41.881000000242231],[172.70100000009759,-41.883000000172409],[172.69899999993217,-41.885999999727034],[172.69599999968401,-41.888000000308281],[172.69400000041693,-41.889999999801368],[172.69200000025157,-41.893000000330467],[172.6890000000034,-41.894999999750326],[172.6859999997553,-41.897000000065859],[172.6839999995899,-41.898000000139611],[172.68200000032274,-41.898999999933388],[172.68100000024006,-41.900000000115099]]},"properties":{"geogdesc":"ALPINE FAULT, SOUTH NEW ZEALAND","type":"TRANSFORM","OBJECTID":379}},{"type":"Feature","id":380,"geometry":{"type":"LineString","coordinates":[[172.65399999980366,-41.916000000298233],[172.65199999963824,-41.917000000266029],[172.64900000028848,-41.918999999984379],[172.64600000004032,-41.920999999853336],[172.64299999979221,-41.921999999675208],[172.64099999962681,-41.92500000001754],[172.63700000019429,-41.927000000300076],[172.6350000000289,-41.930000000121048],[172.63199999978079,-41.930999999897431],[172.62900000043098,-41.934000000060301],[172.62500000010016,-41.936000000187342],[172.62199999985208,-41.937999999742594],[172.61800000041953,-41.940000000056145],[172.61400000008874,-41.941999999785182],[172.61099999984057,-41.942999999846151],[172.60700000040814,-41.946000000136991],[172.60300000007726,-41.948000000078842],[172.60099999991183,-41.949000000239053],[172.59699999958104,-41.951000000265815],[172.59400000023123,-41.952999999673132],[172.59200000006581,-41.954000000228135],[172.58799999973502,-41.954999999790807],[172.58500000038521,-41.954999999790807],[172.58100000005442,-41.954999999790807],[172.57899999988899,-41.954999999790807],[172.57599999964083,-41.954000000228135],[172.57499999955814,-41.954000000228135],[172.57300000029107,-41.955999999696466],[172.57200000020836,-41.95699999994433],[172.57100000012568,-41.959000000127325],[172.5689999999602,-41.961000000333492],[172.56799999987751,-41.962999999888368],[172.56599999971212,-41.966000000073123],[172.56400000044505,-41.966999999690877],[172.56200000027957,-41.969999999873217],[172.56000000011417,-41.972000000092493],[172.55699999986609,-41.974000000293373],[172.55499999970067,-41.975999999801708],[172.55300000043354,-41.977999999946782],[172.55100000026815,-41.979000000172611],[172.55000000018546,-41.981000000259044]]},"properties":{"geogdesc":"ALPINE FAULT, SOUTH NEW ZEALAND","type":"TRANSFORM","OBJECTID":380}},{"type":"Feature","id":381,"geometry":{"type":"LineString","coordinates":[[172.55000000018546,-41.981000000259044],[172.54699999993736,-41.982000000118092],[172.54599999985464,-41.983000000298453],[172.54299999960648,-41.985000000284373],[172.54100000033941,-41.987000000210529],[172.54000000025673,-41.9879999999822],[172.53800000009133,-41.989000000070426],[172.53599999992593,-41.990999999857806],[172.53499999984317,-41.992000000223022],[172.53299999967777,-41.993999999889567],[172.53299999967777,-41.993999999889567],[172.53000000032802,-41.997000000055905]]},"properties":{"geogdesc":"ALPINE FAULT, SOUTH NEW ZEALAND","type":"TRANSFORM","OBJECTID":381}},{"type":"Feature","id":382,"geometry":{"type":"LineString","coordinates":[[172.53000000032802,-41.997000000055905],[172.5290000002453,-41.998000000285884],[172.52599999999714,-41.999999999667651],[172.52399999983172,-42.002000000276915],[172.52000000039928,-42.004999999806707],[172.51800000023383,-42.007000000118751],[172.51499999998569,-42.009000000300723],[172.51199999973761,-42.01200000014903],[172.5090000003878,-42.013999999977962],[172.50500000005698,-42.016000000321938],[172.50099999972613,-42.017999999839709],[172.49600000021096,-42.021000000306294],[172.49299999996279,-42.024000000045973],[172.48800000044764,-42.026000000199474],[172.48300000003405,-42.028000000162223],[172.47799999962058,-42.029999999927846],[172.47400000018803,-42.032000000157247],[172.47099999993995,-42.033000000026803]]},"properties":{"geogdesc":"ALPINE FAULT, SOUTH NEW ZEALAND","type":"TRANSFORM","OBJECTID":382}},{"type":"Feature","id":383,"geometry":{"type":"LineString","coordinates":[[172.47099999993995,-42.033000000026803],[172.46899999977452,-42.034000000176732],[172.46699999960916,-42.034999999938961],[172.46400000025932,-42.035999999979943],[172.46100000001121,-42.037000000298846],[172.45799999976305,-42.038999999765629],[172.45500000041326,-42.04000000024628],[172.45200000016519,-42.042000000029468],[172.44899999991702,-42.042999999997541],[172.44599999966894,-42.045000000082645],[172.44400000040187,-42.045000000082645],[172.44200000023642,-42.046999999916366],[172.43899999998828,-42.049000000159275],[172.4359999997402,-42.050000000015295],[172.43200000030768,-42.051999999859497],[172.42900000005957,-42.054000000096863],[172.42699999989418,-42.05499999994413],[172.42399999964607,-42.056999999758808],[172.42100000029623,-42.057999999724601],[172.41900000013084,-42.059999999769147],[172.41699999996544,-42.060999999846281],[172.41499999979999,-42.060999999846281],[172.41100000036752,-42.063000000106243]]},"properties":{"geogdesc":"ALPINE FAULT, SOUTH NEW ZEALAND","type":"TRANSFORM","OBJECTID":383}},{"type":"Feature","id":384,"geometry":{"type":"LineString","coordinates":[[172.41100000036752,-42.063000000106243],[172.40900000020213,-42.064000000287464],[172.40700000003665,-42.066000000081509],[172.40499999987125,-42.068000000223897],[172.40499999987125,-42.070000000041247],[172.40299999970586,-42.07299999997754],[172.40299999970586,-42.075000000288085],[172.40199999962314,-42.07799999993388],[172.40100000043878,-42.080999999776658],[172.39900000027333,-42.083999999794734],[172.39800000019062,-42.086999999966459],[172.39600000002523,-42.090000000270173],[172.39499999994254,-42.09300000001754],[172.39199999969443,-42.095999999853682],[172.39099999961175,-42.09899999975687],[172.38900000034459,-42.101999999705448],[172.38800000026188,-42.103999999685726],[172.3870000001792,-42.107000000328306]]},"properties":{"geogdesc":"ALPINE FAULT, SOUTH NEW ZEALAND","type":"TRANSFORM","OBJECTID":384}},{"type":"Feature","id":385,"geometry":{"type":"LineString","coordinates":[[172.3870000001792,-42.107000000328306],[172.38600000009652,-42.10899999986254],[172.3850000000138,-42.111999999806059],[172.38399999993109,-42.114999999701077],[172.38299999984838,-42.117000000037706],[172.38199999976572,-42.122000000256527],[172.37999999960022,-42.12499999983357]]},"properties":{"geogdesc":"ALPINE FAULT, SOUTH NEW ZEALAND","type":"TRANSFORM","OBJECTID":385}},{"type":"Feature","id":386,"geometry":{"type":"LineString","coordinates":[[172.37999999960022,-42.12499999983357],[172.37900000041586,-42.129999999689957],[172.37800000033317,-42.134999999938827],[172.37700000025049,-42.13899999984676],[172.37600000016778,-42.142000000329091],[172.37500000008507,-42.144999999880106],[172.37400000000238,-42.147999999810317],[172.37299999991961,-42.150000000037736],[172.3719999998369,-42.154000000055454],[172.37099999975419,-42.157000000326875],[172.36899999958882,-42.161000000103869],[172.36800000040446,-42.16400000013568],[172.36700000032175,-42.169000000123063],[172.36600000023904,-42.172000000307001],[172.36600000023904,-42.175000000008829],[172.3650000001563,-42.179000000155348],[172.3650000001563,-42.181999999979382],[172.36400000007359,-42.184999999914652],[172.36299999999088,-42.18899999981587],[172.36299999999088,-42.193000000194395],[172.36299999999088,-42.195999999907819],[172.36199999990819,-42.199999999832905],[172.36099999982551,-42.202999999978935],[172.3599999997428,-42.206000000083975],[172.3599999997428,-42.20999999975303],[172.3599999997428,-42.214000000293993],[172.3599999997428,-42.217000000284429],[172.3599999997428,-42.220999999898453],[172.3599999997428,-42.222999999816111],[172.3599999997428,-42.225999999979038],[172.35899999966009,-42.22899999993421],[172.35899999966009,-42.230999999852017],[172.35899999966009,-42.234000000299361],[172.35899999966009,-42.234999999799264],[172.35799999957737,-42.236999999815744]]},"properties":{"geogdesc":"ALPINE FAULT, SOUTH NEW ZEALAND","type":"TRANSFORM","OBJECTID":386}},{"type":"Feature","id":387,"geometry":{"type":"LineString","coordinates":[[172.35799999957737,-42.236999999815744],[172.35799999957737,-42.239000000295597],[172.35600000031027,-42.240999999902193],[172.35500000022756,-42.242000000207362],[172.35400000014485,-42.243999999822179],[172.35199999997945,-42.245999999877689],[172.34999999981406,-42.2479999997025],[172.34799999964866,-42.249000000108225],[172.34600000038154,-42.249999999955079],[172.34300000013343,-42.251999999964035],[172.34099999996803,-42.253999999722893],[172.33999999988535,-42.255999999890136],[172.33899999980264,-42.257999999794329],[172.33899999980264,-42.258999999895153],[172.33799999971987,-42.260000000093981],[172.33699999963719,-42.262000000117716]]},"properties":{"geogdesc":"ALPINE FAULT, SOUTH NEW ZEALAND","type":"TRANSFORM","OBJECTID":387}},{"type":"Feature","id":388,"geometry":{"type":"LineString","coordinates":[[172.33699999963719,-42.262000000117716],[172.33599999955447,-42.262999999941016],[172.33500000037012,-42.264999999871215],[172.3340000002874,-42.265999999976493],[172.33200000012201,-42.267999999798654],[172.33100000003932,-42.269999999983831],[172.32899999987384,-42.271999999860881],[172.32799999979116,-42.274000000088016],[172.32699999970845,-42.275000000330841],[172.32599999962574,-42.27699999974157],[172.32400000035867,-42.278000000237263],[172.32200000019321,-42.280000000146472],[172.32000000002782,-42.281999999715239],[172.31799999986242,-42.28400000026636],[172.315999999697,-42.285999999799522],[172.31499999961434,-42.286999999680837],[172.31300000034719,-42.288999999668718],[172.31200000026448,-42.290999999951659],[172.3090000000164,-42.29200000020176],[172.30799999993368,-42.294000000250584],[172.30499999968561,-42.295000000047722],[172.30399999960281,-42.295000000047722],[172.30300000041845,-42.295999999913768],[172.30100000025308,-42.29799999984936],[172.29800000000495,-42.300000000050829],[172.29699999992226,-42.301999999847268],[172.29599999983949,-42.303000000172965],[172.29499999975678,-42.303999999896647],[172.29299999959142,-42.304999999681961],[172.29100000032435,-42.306000000192462],[172.29000000024163,-42.308000000063885],[172.28800000007618,-42.309000000087558]]},"properties":{"geogdesc":"ALPINE FAULT, SOUTH NEW ZEALAND","type":"TRANSFORM","OBJECTID":388}},{"type":"Feature","id":389,"geometry":{"type":"LineString","coordinates":[[172.27199999965126,-42.322000000023927],[172.27000000038413,-42.323000000115435],[172.26800000021871,-42.324999999772082],[172.26499999997063,-42.325999999999766],[172.26199999972252,-42.327999999921545],[172.25900000037268,-42.330000000011971],[172.25500000004189,-42.33200000026455],[172.25199999979372,-42.334000000008707],[172.24900000044397,-42.335999999902036],[172.24400000003038,-42.337999999938084],[172.24199999986502,-42.340000000110336],[172.23800000043252,-42.342999999945945],[172.23600000026707,-42.34499999976633],[172.23199999993628,-42.346999999700273],[172.2289999996882,-42.350000000131715],[172.22600000033833,-42.352000000320984],[172.22200000000754,-42.35499999977732],[172.21899999975946,-42.356000000301535],[172.21500000032694,-42.358999999996186],[172.21200000007883,-42.360999999879034],[172.20799999974795,-42.362999999823479],[172.2050000003982,-42.364999999823041],[172.19999999998464,-42.366999999871204],[172.19599999965385,-42.36799999991144],[172.1920000002213,-42.370000000020312],[172.18799999989051,-42.371000000087271],[172.18399999955966,-42.373000000242243],[172.18000000012717,-42.374999999756177],[172.17599999979632,-42.376999999949881],[172.17300000044656,-42.380000000256466],[172.16900000011577,-42.381999999798481],[172.1649999997849,-42.383999999997478],[172.16200000043511,-42.386000000183373],[172.15900000018695,-42.387999999686159],[172.15599999993887,-42.389999999826351],[172.15299999969079,-42.391999999933951],[172.15000000034092,-42.394000000002464],[172.14600000001013,-42.397000000017762],[172.14000000041221,-42.399999999908559],[172.13700000016411,-42.401999999755759],[172.13299999983323,-42.404000000194749],[172.12800000031808,-42.406999999709811],[172.12399999998721,-42.408999999941372],[172.11999999965641,-42.411000000078644],[172.11600000022389,-42.411999999778232],[172.11299999997578,-42.415000000044131],[172.10899999964499,-42.416999999859399],[172.10500000021247,-42.419999999686276],[172.10099999988168,-42.421999999851735],[172.09799999963352,-42.424999999841766],[172.09400000020102,-42.428000000165603],[172.08899999978749,-42.429999999745689],[172.08799999970478,-42.431000000138233],[172.085000000355,-42.431999999826289],[172.08100000002418,-42.434999999959523],[172.07699999969336,-42.437999999690355],[172.07300000026081,-42.439999999718459],[172.06899999993001,-42.442000000214371],[172.06499999959922,-42.443999999845751],[172.06000000008399,-42.447000000226332],[172.05499999967043,-42.450000000116617],[172.0479999999898,-42.453000000157509],[172.04399999965901,-42.454999999889374],[172.03800000006109,-42.457999999690578],[172.03299999964759,-42.460000000125952],[172.02900000021506,-42.46200000030111],[172.02299999971885,-42.465000000061707],[172.01900000028633,-42.467999999862968],[172.01499999995553,-42.470000000257549],[172.01099999962466,-42.471999999696749],[172.0080000002749,-42.473000000298448],[172.00500000002674,-42.474000000161894]]},"properties":{"geogdesc":"ALPINE FAULT, SOUTH NEW ZEALAND","type":"TRANSFORM","OBJECTID":389}},{"type":"Feature","id":390,"geometry":{"type":"LineString","coordinates":[[172.0100000004403,-42.470000000257549],[172.0080000002749,-42.470999999682846],[172.00500000002674,-42.470000000257549],[172.00099999969592,-42.470999999682846],[171.9970000002634,-42.470999999682846],[171.99299999993261,-42.471999999696749],[171.98999999968453,-42.474000000161894],[171.98600000025198,-42.47600000032125],[171.98199999992119,-42.479000000303976],[171.97600000032327,-42.482000000224623],[171.969999999827,-42.486000000278601],[171.96500000031185,-42.491000000056324],[171.95899999981557,-42.494000000170828],[171.95400000030034,-42.497000000113175],[171.94799999980415,-42.499999999861302],[171.94300000028892,-42.503000000055529],[171.93899999995813,-42.504999999686071],[171.93499999962725,-42.507000000234363],[171.93100000019479,-42.511000000084536],[171.92399999961583,-42.515000000216077],[171.91800000001791,-42.518000000323021],[171.91000000025457,-42.521000000081536],[171.90499999984107,-42.524000000131714],[171.90000000032583,-42.525999999801343],[171.89199999966419,-42.530999999861187],[171.88700000014902,-42.532999999825101],[171.88499999998356,-42.532999999825101],[171.87999999957006,-42.536000000158936],[171.87500000005483,-42.539000000012102],[171.86899999955861,-42.542000000024423],[171.86199999987801,-42.545000000173836],[171.85700000036277,-42.546999999823917],[171.85500000019738,-42.547999999776401],[171.84999999978382,-42.549999999932112],[171.84400000018596,-42.553000000118445],[171.836999999607,-42.556999999715089],[171.83100000000906,-42.560000000218466],[171.82500000041114,-42.563000000064712],[171.81899999991492,-42.56599999989345],[171.81200000023432,-42.568999999682518],[171.80599999973805,-42.571000000317554],[171.80100000022287,-42.573999999770884],[171.79900000005742,-42.57499999971489],[171.7929999995612,-42.576999999787226],[171.7859999998806,-42.578999999879407],[171.78200000044808,-42.580999999984918],[171.78200000044808,-42.582000000123294],[171.77900000019994,-42.583000000097151],[171.77499999986915,-42.583999999905743],[171.77100000043663,-42.585999999685129],[171.76700000010584,-42.588000000116232],[171.76199999969228,-42.589999999869846],[171.75700000017704,-42.592999999868859],[171.75199999976354,-42.594999999883967],[171.74500000008291,-42.597999999913895],[171.74099999975212,-42.601000000329613],[171.73600000023691,-42.602000000329646],[171.73199999990609,-42.604999999902823],[171.72600000030818,-42.607999999810112],[171.7219999999773,-42.611000000029343],[171.71899999972922,-42.612000000167896],[171.7169999995638,-42.613000000117474],[171.71300000013127,-42.613999999877215],[171.70999999988319,-42.615000000107472],[171.70300000020254,-42.616000000146208],[171.69500000043922,-42.618000000307241],[171.68899999994295,-42.621000000084045],[171.6840000004278,-42.623000000276939],[171.67499999968342,-42.624999999677868],[171.66699999992011,-42.62799999992405],[171.66000000023948,-42.630999999673449],[171.654999999826,-42.634999999776717],[171.65000000031077,-42.63799999982303],[171.64599999997989,-42.639999999685166],[171.64099999956639,-42.642000000021383],[171.63700000013387,-42.644000000164326],[171.62999999955497,-42.646999999754172],[171.62700000020513,-42.647999999844103],[171.62500000003973,-42.648999999715564],[171.62099999970894,-42.651000000121449],[171.6180000003591,-42.65199999999345],[171.6129999999456,-42.655000000258077],[171.60700000034768,-42.656999999975767],[171.60099999985141,-42.657999999826643],[171.59400000017078,-42.66000000016902],[171.58699999959191,-42.662000000259034],[171.57999999991125,-42.666000000316224],[171.57200000014794,-42.669999999945716],[171.56799999981706,-42.67399999975536],[171.5620000002192,-42.676999999905533],[171.55799999988835,-42.679999999857579],[171.55300000037312,-42.683000000249656],[171.54900000004233,-42.684999999937425],[171.54599999979422,-42.68599999973884],[171.5420000003617,-42.68900000028394],[171.5349999997828,-42.691999999881745],[171.53100000035028,-42.694999999830706],[171.52700000001948,-42.698000000108493],[171.5219999996059,-42.700000000098612],[171.51600000000798,-42.702999999774761],[171.5109999995945,-42.704999999783332],[171.50600000007927,-42.708000000116378],[171.50399999991384,-42.708999999913445],[171.50199999974848,-42.710000000102227],[171.49700000023324,-42.712999999710235],[171.49299999990245,-42.714000000137453],[171.48800000038722,-42.716000000173658],[171.48299999997363,-42.717999999773461],[171.47799999956013,-42.721000000072998],[171.47300000004492,-42.723000000202966],[171.47099999987952,-42.723999999848608],[171.46700000044697,-42.726999999738005],[171.46099999995079,-42.728999999789806],[171.45600000043555,-42.731000000022313],[171.44999999993937,-42.732999999769035],[171.44300000025871,-42.735999999866159],[171.43899999992789,-42.738000000019305],[171.43300000032994,-42.740999999705373],[171.42699999983373,-42.744000000038781],[171.42100000023584,-42.746999999677776],[171.41699999990502,-42.748999999919953],[171.41399999965685,-42.749999999919531],[171.41000000022439,-42.751999999671568],[171.40699999997631,-42.754000000188007],[171.40299999964543,-42.756000000142997]]},"properties":{"geogdesc":"ALPINE FAULT, SOUTH NEW ZEALAND","type":"TRANSFORM","OBJECTID":390}},{"type":"Feature","id":391,"geometry":{"type":"LineString","coordinates":[[173.8039999996935,-42.258999999895153],[174.31000000021996,-42.199999999832905],[174.97999999993701,-42.119999999803824],[175.49999999982472,-42.059999999769147],[176.08000000018319,-41.909999999688878],[176.6800000003991,-41.750000000257295],[177.11999999995851,-41.659999999897792],[177.6000000001313,-41.500000000085052],[178.01999999983329,-41.190000000106465],[178.28999999970583,-40.800000000200306],[178.55999999957845,-40.420000000103464],[178.7899999997361,-40.089999999851301],[178.95000000039249,-39.680000000210654],[179.12000000007939,-39.230000000162818],[179.21000000033638,-38.889999999788017],[179.37000000009454,-38.540000000305],[179.56999999956759,-38.199999999703508],[179.65999999982452,-38.109999999682294],[179.7200000002953,-38.040000000009158]]},"properties":{"geogdesc":"ALPINE FAULT, NEW ZEALAND N SECTION TO KERMADEC","type":"TRANSFORM","OBJECTID":391}},{"type":"Feature","id":392,"geometry":{"type":"LineString","coordinates":[[173.8039999996935,-42.258999999895153],[173.80200000042637,-42.260000000093981],[173.80100000034366,-42.2609999997252],[173.79900000017827,-42.262000000117716],[173.79700000001287,-42.262999999941016],[173.79499999984748,-42.263999999859095],[173.79199999959931,-42.264999999871215],[173.79000000033224,-42.265999999976493],[173.78800000016685,-42.265999999976493],[173.78499999991877,-42.267000000174178],[173.78399999983597,-42.26900000017865],[173.7819999996706,-42.269999999983831],[173.78099999958789,-42.271999999860881],[173.77900000032082,-42.271999999860881],[173.77800000023811,-42.272999999931095],[173.77700000015543,-42.272999999931095],[173.77600000007266,-42.274000000088016],[173.77399999990726,-42.274000000088016],[173.77299999982458,-42.274000000088016],[173.76800000030934,-42.275000000330841],[173.76600000014392,-42.275000000330841],[173.76399999997855,-42.27599999999407],[173.76199999981313,-42.27699999974157],[173.75999999964776,-42.27699999974157],[173.7580000003806,-42.278000000237263],[173.75500000013253,-42.278000000237263],[173.7529999999671,-42.278000000237263],[173.74999999971902,-42.279000000150916],[173.74700000036918,-42.279000000150916],[173.7460000002865,-42.279000000150916],[173.74400000012108,-42.280000000146472],[173.71899999985007,-42.294000000250584],[173.71899999985007,-42.295000000047722],[173.71699999968467,-42.295999999913768],[173.71300000025215,-42.296999999847905],[173.71000000000404,-42.298999999917257],[173.70799999983865,-42.300000000050829],[173.70499999959048,-42.301000000249225],[173.70300000032341,-42.301999999847268],[173.70000000007533,-42.303999999896647],[173.69699999982717,-42.304999999681961],[173.69499999966175,-42.306000000192462],[173.69200000031196,-42.307000000098583],[173.6890000000638,-42.308000000063885],[173.68799999998114,-42.308000000063885],[173.68599999981572,-42.309000000087558],[173.68399999965033,-42.309000000087558],[173.68299999956764,-42.310000000168785],[173.6729999996389,-42.315000000081334],[173.67100000037175,-42.315999999826623],[173.66900000020638,-42.31700000028804],[173.66700000004096,-42.318000000136323],[173.66399999979279,-42.319000000034862],[173.66100000044304,-42.319999999982812],[173.65800000019493,-42.322000000023927],[173.65600000002948,-42.323000000115435],[173.65299999978137,-42.32400000025315],[173.65000000043162,-42.325999999999766],[173.64800000026614,-42.327000000271248],[173.64500000001806,-42.327999999921545],[173.64299999985266,-42.329000000278164],[173.63999999960456,-42.330000000011971],[173.63700000025472,-42.33200000026455],[173.63400000000661,-42.334000000008707],[173.63099999975853,-42.335999999902036],[173.62600000024329,-42.336999999902659],[173.6219999999125,-42.337999999938084],[173.61799999958163,-42.339000000007609],[173.61400000014919,-42.341000000245508],[173.60999999981831,-42.341999999748339],[173.60699999957023,-42.342999999945945],[173.60300000013768,-42.34400000017353],[173.59899999980689,-42.34499999976633],[173.59500000037434,-42.346000000051518],[173.59100000004355,-42.346999999700273],[173.58599999962999,-42.348999999741203],[173.58200000019752,-42.350999999882674],[173.57699999978396,-42.352000000320984],[173.5730000003515,-42.353000000118158],[173.57100000018605,-42.353000000118158],[173.56699999985523,-42.352000000320984],[173.56599999977254,-42.352000000320984],[173.56399999960715,-42.353000000118158],[173.56200000033999,-42.353000000118158],[173.54800000008046,-42.350999999882674],[173.54699999999781,-42.352000000320984],[173.54499999983238,-42.353000000118158],[173.54399999974964,-42.353000000118158],[173.54199999958422,-42.35399999993718],[173.54000000031715,-42.35499999977732],[173.53800000015178,-42.356000000301535],[173.53599999998627,-42.357000000181372],[173.53399999982091,-42.358000000079862],[173.53199999965548,-42.358000000079862],[173.53000000038841,-42.358000000079862],[173.52900000030573,-42.358000000079862],[173.52800000022296,-42.358999999996186],[173.52600000005756,-42.358999999996186],[173.52099999964409,-42.359999999929506],[173.51900000037693,-42.359999999929506],[173.51700000021154,-42.359999999929506],[173.51399999996343,-42.362999999823479],[173.51199999979804,-42.362999999823479],[173.50999999963258,-42.363999999816798],[173.50800000036551,-42.363999999816798],[173.5070000002828,-42.364999999823041],[173.50400000003472,-42.364999999823041],[173.49999999970385,-42.36799999991144],[173.49700000035409,-42.36799999991144],[173.49600000027141,-42.368999999961424],[173.49400000010593,-42.370000000020312],[173.49099999985782,-42.371000000087271],[173.48899999969242,-42.372000000161499],[173.48700000042538,-42.372000000161499],[173.48600000034259,-42.372000000161499],[173.47699999959829,-42.374999999756177],[173.47400000024848,-42.375999999851402],[173.47100000000037,-42.376999999949881],[173.46799999975227,-42.378000000050754],[173.46400000031974,-42.379000000153226],[173.46100000007166,-42.380000000256466],[173.4579999998235,-42.380000000256466],[173.45599999965808,-42.380999999696108],[173.45300000030832,-42.380999999696108],[173.45000000006016,-42.381999999798481],[173.44799999989476,-42.382999999899205],[173.44499999964665,-42.383999999997478],[173.44100000021413,-42.385000000092475],[173.43900000004874,-42.386000000183373],[173.43599999980063,-42.38700000026936],[173.43299999955246,-42.387999999686159],[173.42900000012,-42.388999999759932],[173.4269999999546,-42.388999999759932],[173.42499999978921,-42.389999999826351],[173.42299999962373,-42.390999999884627],[173.42000000027397,-42.390999999884627],[173.4139999997777,-42.392999999973497],[173.40900000026255,-42.394000000002464],[173.40399999984896,-42.395000000020062],[173.39900000033376,-42.39600000002541],[173.39399999992028,-42.397000000017762],[173.38800000032234,-42.397999999996244],[173.38399999999154,-42.397999999996244],[173.37999999966067,-42.398999999960125],[173.3760000002282,-42.400999999840714],[173.37299999998004,-42.401999999755759],[173.36999999973193,-42.404000000194749],[173.36700000038218,-42.405000000053668],[173.36500000021672,-42.405999999892288],[173.36300000005133,-42.406999999709811],[173.36099999988591,-42.408999999941372],[173.35899999972051,-42.408999999941372],[173.35699999955511,-42.408999999941372],[173.35500000028799,-42.408999999941372],[173.35300000012259,-42.408000000168634],[173.3509999999572,-42.408000000168634],[173.3489999997918,-42.406999999709811],[173.34799999970909,-42.406999999709811],[173.30499999974597,-42.421999999851735],[173.30399999966326,-42.421999999851735],[173.30200000039619,-42.422999999883629],[173.2980000000654,-42.423999999880557],[173.29499999981724,-42.424999999841766],[173.29100000038477,-42.425999999766361],[173.28800000013661,-42.427000000316632],[173.28399999980581,-42.428999999975566],[173.28099999955771,-42.429999999745689],[173.27900000029058,-42.431000000138233],[173.27800000020787,-42.431999999826289],[173.27499999995979,-42.433999999737743],[173.27499999995979,-42.433999999737743],[173.27299999979437,-42.434999999959523],[173.27000000044455,-42.437000000268135],[173.26700000019645,-42.438999999728402],[173.26399999994834,-42.439999999718459],[173.2590000004331,-42.441000000322703],[173.25500000010231,-42.443000000055683],[173.25199999985415,-42.443999999845751],[173.247000000339,-42.445999999931878],[173.24400000009084,-42.447000000226332],[173.24099999984276,-42.447999999803429],[173.23700000041021,-42.448999999988061],[173.2340000001621,-42.450000000116617],[173.22600000039878,-42.453000000157509],[173.22200000006799,-42.454000000053554],[173.21799999973712,-42.454999999889374],[173.21500000038736,-42.457000000040097],[173.21100000005649,-42.457999999690578],[173.20899999989109,-42.458999999940374],[173.20300000029317,-42.46200000030111],[173.20200000021046,-42.463000000289057],[173.20000000004507,-42.464000000209552],[173.19599999971425,-42.465000000061707],[173.19300000036444,-42.465999999844776],[173.19000000011636,-42.467999999862968],[173.18599999978557,-42.46900000009645],[173.18200000035299,-42.470999999682846],[173.17699999993945,-42.473000000298448],[173.17599999985674,-42.474000000161894],[173.17299999960866,-42.474999999948913],[173.16800000009343,-42.47600000032125],[173.16399999976264,-42.47800000016835],[173.1610000004128,-42.479000000303976],[173.15800000016469,-42.480999999670431],[173.15700000008198,-42.480999999670431],[173.1539999998339,-42.483000000033343],[173.15099999958579,-42.483999999758296],[173.14900000031867,-42.483999999758296],[173.14499999998787,-42.486000000278601],[173.14299999982248,-42.486999999747383],[173.140999999657,-42.48799999979159],[173.13700000022453,-42.488999999747939],[173.13299999989368,-42.490000000278087],[173.12999999964558,-42.490000000278087],[173.12800000037851,-42.491000000056324],[173.12600000021305,-42.491000000056324],[173.12400000004763,-42.491000000056324],[173.11899999963416,-42.491000000056324],[173.11700000036703,-42.491999999744259],[173.11300000003624,-42.494000000170828],[173.10799999962265,-42.495000000245412],[173.1030000001075,-42.496000000226466],[173.09999999985934,-42.496000000226466],[173.09600000042687,-42.497999999904692],[173.09200000009602,-42.499999999861302],[173.08799999976523,-42.503000000055529],[173.08400000033268,-42.504999999686071],[173.08000000000189,-42.507000000234363],[173.0759999996711,-42.510000000279817],[173.07200000023855,-42.511999999782702],[173.06699999982507,-42.514000000180367],[173.06399999957691,-42.515000000216077],[173.05900000006173,-42.51699999995715],[173.05399999964817,-42.518000000323021],[173.04900000013293,-42.520000000054985],[173.04499999980214,-42.521999999993383],[173.04000000028691,-42.522999999789683],[173.03499999987341,-42.525999999801343],[173.03000000035817,-42.528000000319793],[173.02600000002738,-42.529000000067775],[173.0229999997793,-42.529999999694539],[173.01900000034678,-42.530999999861187],[173.01399999993319,-42.531999999904983],[173.0099999996024,-42.532999999825101],[173.00600000016988,-42.534000000282624],[173.00199999983909,-42.534999999952873],[172.99600000024114,-42.536000000158936],[172.98999999974495,-42.537000000238052],[172.98400000014701,-42.539000000012102],[172.97899999973345,-42.54099999993047],[172.97500000030098,-42.542999999986542],[172.97200000005282,-42.543999999816002],[172.96599999955663,-42.545000000173836],[172.96200000012408,-42.545999999735514],[172.9569999997106,-42.547999999776401],[172.95300000027805,-42.549000000253926],[172.94899999994726,-42.549999999932112],[172.94400000043203,-42.551000000133691],[172.93900000001855,-42.553000000118445],[172.93399999960499,-42.553999999899993],[172.92900000008976,-42.555999999699154],[172.92200000040918,-42.556999999715089],[172.91599999991294,-42.558999999975562],[172.91000000031499,-42.561000000314834],[172.90499999990152,-42.563000000064712],[172.89900000030357,-42.564999999880335],[172.89299999980733,-42.566999999755119],[172.88600000012667,-42.568000000126133],[172.87999999963051,-42.569999999746599],[172.87400000003257,-42.571000000317554],[172.86800000043462,-42.572000000071412],[172.86199999993843,-42.573000000330474],[172.85600000034052,-42.573999999770884],[172.85300000009241,-42.57499999971489],[172.84799999967885,-42.57499999971489],[172.84400000024633,-42.576000000161606],[172.83999999991551,-42.576999999787226],[172.83500000040027,-42.576999999787226],[172.82899999990411,-42.577999999913949],[172.82400000038888,-42.577999999913949],[172.81699999980992,-42.579999999682855],[172.81000000012935,-42.580999999984918],[172.80599999979847,-42.582000000123294],[172.80100000028324,-42.583000000097151],[172.79900000011784,-42.583000000097151],[172.79599999986974,-42.583999999905743],[172.79200000043721,-42.583999999905743],[172.77199999968144,-42.563999999716614],[172.77399999984684,-42.563999999716614],[172.77600000001229,-42.563999999716614],[172.777000000095,-42.564999999880335],[172.7790000002604,-42.564999999880335],[172.78100000042579,-42.56599999989345],[172.69699999976672,-42.558999999975562],[172.69499999960132,-42.558999999975562],[172.69300000033425,-42.560000000218466],[172.69200000025157,-42.560000000218466],[172.69000000008609,-42.561000000314834],[172.68799999992069,-42.561000000314834],[172.65199999963824,-42.576000000161606],[172.65099999955555,-42.576999999787226],[172.6480000002058,-42.577999999913949],[172.64600000004032,-42.578999999879407],[172.64299999979221,-42.579999999682855],[172.63900000035969,-42.580999999984918],[172.6350000000289,-42.582000000123294],[172.6309999996981,-42.583000000097151],[172.62600000018287,-42.583999999905743],[172.62099999976937,-42.585000000209611],[172.61700000033684,-42.585999999685129],[172.61199999992328,-42.585999999685129],[172.60799999959249,-42.587000000315683],[172.60199999999455,-42.588000000116232],[172.59799999966376,-42.588000000116232],[172.59500000031395,-42.588000000116232],[172.59200000006581,-42.58899999974745],[172.58899999981773,-42.58899999974745],[172.58599999956957,-42.589999999869846],[172.58300000021978,-42.590999999821157],[172.57799999980625,-42.592000000262018],[172.57400000037376,-42.592999999868859],[172.5689999999602,-42.592999999868859],[172.56400000044505,-42.593999999963572],[172.55900000003149,-42.594999999883967],[172.55300000043354,-42.59600000029058],[172.54699999993736,-42.59600000029058],[172.54299999960648,-42.59600000029058],[172.54000000025673,-42.59600000029058],[172.53700000000862,-42.59600000029058],[172.53399999976045,-42.596999999859968],[172.53199999959509,-42.596999999859968],[172.52800000016259,-42.597999999913895],[172.52499999991443,-42.597999999913895],[172.52099999958364,-42.597999999913895],[172.5090000003878,-42.598999999790301],[172.50800000030509,-42.598999999790301],[172.5039999999743,-42.598999999790301],[172.49999999964342,-42.600000000149556],[172.49600000021096,-42.600000000149556],[172.49199999988011,-42.600000000149556],[172.48800000044764,-42.601000000329613],[172.48300000003405,-42.601000000329613],[172.47899999970326,-42.602000000329646],[172.47799999962058,-42.601000000329613],[172.47400000018803,-42.601000000329613],[172.47099999993995,-42.602000000329646],[172.46699999960916,-42.602000000329646],[172.46200000009392,-42.603000000148874],[172.45699999968033,-42.603000000148874],[172.4530000002479,-42.603999999786481],[172.44899999991702,-42.603999999786481],[172.44400000040187,-42.603999999786481],[172.440000000071,-42.603999999786481],[172.43699999982292,-42.603999999786481],[172.42799999997689,-42.607000000246039],[172.42499999972878,-42.607000000246039],[172.4229999995633,-42.607999999810112],[172.42000000021355,-42.607999999810112],[172.41800000004815,-42.607999999810112],[172.41499999979999,-42.607999999810112],[172.41100000036752,-42.607999999810112],[172.40800000011942,-42.607999999810112],[172.40599999995396,-42.608999999849608],[172.40399999978857,-42.608999999849608],[172.39499999994254,-42.608999999849608],[172.39199999969443,-42.609999999702602],[172.38800000026188,-42.609999999702602],[172.38299999984838,-42.609999999702602],[172.37900000041586,-42.611000000029343],[172.37500000008507,-42.611000000029343],[172.36999999967153,-42.611000000029343],[172.3650000001563,-42.611000000029343],[172.3599999997428,-42.612000000167896],[172.35500000022756,-42.612000000167896],[172.34999999981406,-42.613000000117474],[172.34500000029882,-42.613000000117474],[172.33799999971987,-42.613999999877215],[172.33300000020469,-42.613999999877215],[172.32899999987384,-42.615000000107472],[172.32300000027598,-42.615000000107472],[172.31699999977971,-42.615000000107472],[172.3090000000164,-42.616999999992736],[172.30100000025308,-42.618000000307241],[172.2939999996741,-42.618000000307241],[172.28699999999347,-42.618999999766785],[172.28000000031284,-42.621000000084045],[172.27399999981665,-42.622000000279087],[172.26800000021871,-42.623000000276939],[172.26600000005331,-42.624000000076776],[172.26299999980523,-42.624999999677868],[172.25900000037268,-42.625999999740316],[172.25299999987644,-42.62799999992405],[172.24700000027855,-42.629999999960404],[172.2409999997823,-42.631999999842868],[172.23500000018436,-42.634999999776717],[172.2289999996882,-42.63700000023703],[172.22300000009025,-42.638999999859628],[172.21799999967669,-42.640999999959625],[172.21200000007883,-42.642999999869645],[172.20799999974795,-42.645000000243854],[172.19999999998464,-42.647999999844103],[172.19499999957114,-42.650000000028541],[172.1900000000559,-42.65199999999345],[172.18599999972511,-42.653000000304466],[172.18000000012717,-42.653999999732257],[172.17599999979632,-42.655000000258077],[172.17300000044656,-42.655999999899088],[172.16800000003298,-42.656999999975767],[172.16299999961947,-42.656999999975767],[172.15900000018695,-42.657999999826643],[172.15299999969079,-42.659000000111554],[172.15000000034092,-42.66000000016902],[172.14499999992742,-42.660999999998275],[172.14000000041221,-42.662000000259034],[172.13399999991603,-42.664000000090105],[172.12900000040079,-42.666000000316224],[172.12500000006992,-42.667000000080009],[172.11899999957373,-42.669999999945716],[172.11500000014121,-42.671999999996423],[172.11099999981039,-42.67399999975536],[172.10600000029518,-42.675000000266365],[172.09999999979897,-42.676999999905533],[172.09099999995286,-42.677999999692553],[172.085000000355,-42.678999999896959],[172.07899999985875,-42.679999999857579],[172.07400000034352,-42.679999999857579],[172.07000000001273,-42.681000000233986],[172.06499999959922,-42.683000000249656],[172.0590000000013,-42.683999999887313],[172.05200000032067,-42.684999999937425],[172.0479999999898,-42.686999999951055],[172.04299999957632,-42.687999999912897],[172.04000000022648,-42.68900000028394],[172.03299999964759,-42.691000000269177],[172.02700000004964,-42.692999999900174],[172.02199999963614,-42.694999999830706],[172.01800000020361,-42.695999999741126],[172.01199999970737,-42.697000000054082],[172.00700000019222,-42.698000000108493],[172.00199999977863,-42.698000000108493],[172.00099999969592,-42.698000000108493]]},"properties":{"geogdesc":"NEW ZEALAND FAULT","type":"TRANSFORM","OBJECTID":392}},{"type":"Feature","id":393,"geometry":{"type":"LineString","coordinates":[[171.40299999964543,-42.756000000142997],[171.40100000037836,-42.758000000189554],[171.39700000004748,-42.760000000321021],[171.39399999979941,-42.762999999838669],[171.38900000028417,-42.76500000015362],[171.38499999995338,-42.766999999870926],[171.38000000043814,-42.769000000302889],[171.37500000002464,-42.771000000124012],[171.36900000042672,-42.771999999885885],[171.36400000001314,-42.772999999987142],[171.35500000016711,-42.77399999976754],[171.34899999967095,-42.775999999681304],[171.34199999999029,-42.778999999762476],[171.33500000030969,-42.782000000208321],[171.32699999964802,-42.786000000159355],[171.31999999996739,-42.790000000080084],[171.31400000036953,-42.793000000133702],[171.31000000003866,-42.795000000022554],[171.30400000044071,-42.795999999788599],[171.29699999986184,-42.796999999874103],[171.29100000026389,-42.800000000061281],[171.28499999976765,-42.804000000118471],[171.27800000008699,-42.807999999907246],[171.27100000040645,-42.812000000033741],[171.26399999982749,-42.817000000153563],[171.25800000022957,-42.821000000022487],[171.25299999981607,-42.825000000056924],[171.24900000038355,-42.829000000203905],[171.24399999996996,-42.83399999986807],[171.24099999972188,-42.836999999964611],[171.23700000028941,-42.841000000131132],[171.23400000004125,-42.842999999933348],[171.22999999971046,-42.845000000198091],[171.22500000019522,-42.847000000260017],[171.21999999978172,-42.849000000112561],[171.21400000018377,-42.850999999749057],[171.20699999960482,-42.852000000307449],[171.20200000008967,-42.854000000266019],[171.19599999959343,-42.855999999992051],[171.19100000007819,-42.858000000137359],[171.18599999966469,-42.85899999995361],[171.18100000014945,-42.862999999904417],[171.17699999981866,-42.866000000169272],[171.17499999965318,-42.869000000150521],[171.17200000030343,-42.871999999825803],[171.16900000005532,-42.877000000006895],[171.16499999972447,-42.881000000083723],[171.16299999955908,-42.884000000286242],[171.16000000020929,-42.885000000188825],[171.15699999996113,-42.887000000070813],[171.15399999971305,-42.888000000048528],[171.15100000036318,-42.890000000073258],[171.14700000003239,-42.89199999974614],[171.14399999978431,-42.893999999718602],[171.14199999961889,-42.895999999984056],[171.14000000035179,-42.897000000142256],[171.136000000021,-42.897999999877669],[171.13199999969012,-42.898999999847504],[171.12800000025766,-42.900999999829075],[171.12500000000955,-42.901999999839163],[171.12199999976139,-42.903000000080311],[171.11800000032892,-42.904999999936521],[171.11399999999807,-42.907000000049102],[171.11099999974996,-42.908999999753384],[171.10800000040012,-42.910999999700763],[171.10500000015205,-42.912000000010202],[171.10099999982123,-42.915000000297908],[171.0970000003887,-42.917000000276524],[171.0919999999752,-42.919999999908072],[171.08999999980975,-42.922000000086307],[171.08699999956164,-42.92500000031503],[171.08300000012918,-42.927999999819605],[171.07999999988101,-42.930999999893196],[171.07799999971562,-42.933000000101067],[171.07600000044857,-42.934999999814409],[171.07500000036586,-42.935999999976779],[171.07300000020041,-42.936999999684204],[171.07100000003499,-42.938999999703839],[171.06699999970419,-42.941999999917456],[171.06400000035438,-42.943999999953654],[171.06100000010625,-42.946999999832137],[171.05799999985817,-42.948999999843352],[171.05499999961,-42.951999999981851],[171.05100000017754,-42.953999999926403],[171.04699999984669,-42.955999999964156],[171.04399999959858,-42.958000000088447],[171.04200000033151,-42.959000000098762],[171.04000000016612,-42.961000000011609],[171.03699999991795,-42.961999999912436],[171.03299999958716,-42.964000000256263],[171.02900000015461,-42.965000000040149],[171.02599999990653,-42.967000000142583],[171.02299999965842,-42.967999999802068],[171.02199999957574,-42.969000000294812],[171.0190000002259,-42.970000000305404],[171.01700000006051,-42.972000000191287],[171.0139999998124,-42.973000000064935],[171.01299999972971,-42.974000000110365],[171.01000000037985,-42.976000000055961],[171.00800000021448,-42.976999999954444],[171.00600000004906,-42.978000000021403],[171.0039999998836,-42.979000000255958],[171.00199999971821,-42.980000000000075],[170.99900000036845,-42.980000000000075],[170.99500000003758,-42.98099999991009],[170.98800000035698,-42.98099999991009],[170.98299999994347,-42.981999999985206],[170.97800000042824,-42.983000000224578],[170.97300000001474,-42.984999999878447],[170.96999999976657,-42.985999999948383],[170.96700000041679,-42.987999999913086],[170.96400000016871,-42.989999999857581],[170.96200000000323,-42.99100000006662],[170.95899999975515,-42.991999999775267],[170.95400000023992,-42.994999999833283],[170.95099999999181,-42.996999999983196],[170.94699999966102,-42.999000000082937],[170.94400000031118,-43.001000000125778],[170.9410000000631,-43.003000000105089],[170.93799999981499,-43.005000000014192],[170.9359999996496,-43.006999999846435],[170.93300000029976,-43.009000000252016],[170.93100000013436,-43.011999999950092],[170.92799999988628,-43.015000000243731],[170.92499999963812,-43.016000000178089],[170.92200000028834,-43.01799999979665],[170.91799999995746,-43.0199999999517],[170.91499999970938,-43.021999999979784],[170.91100000027686,-43.023999999874263],[170.90800000002872,-43.026000000285158],[170.90399999969793,-43.026999999697125],[170.8990000001827,-43.029000000213387],[170.8949999998519,-43.030999999915963],[170.89100000041938,-43.033000000111471],[170.88600000000588,-43.035000000136655],[170.88299999975771,-43.036000000001202],[170.88000000040796,-43.038000000086612],[170.87800000024257,-43.039999999984978],[170.8749999999944,-43.042999999713366],[170.87099999966361,-43.045000000099662],[170.86800000031377,-43.047000000275474],[170.86399999998298,-43.048000000200325],[170.85899999956948,-43.049000000234173],[170.85500000013695,-43.049999999719724],[170.84999999972337,-43.053000000129941],[170.84600000029093,-43.055000000053603],[170.84300000004282,-43.056999999733456],[170.83899999971197,-43.059999999683896],[170.83600000036219,-43.061999999709386],[170.83300000011403,-43.062999999868453],[170.82999999986595,-43.064999999818724],[170.82699999961784,-43.067000000148049],[170.824000000268,-43.06800000012457],[170.82100000001989,-43.069000000193363],[170.8169999996891,-43.069999999697281],[170.81300000025658,-43.070999999948022],[170.80799999984308,-43.073000000061548],[170.80400000041055,-43.073999999922734],[170.80000000007976,-43.075999999905832],[170.79599999974889,-43.077000000026118],[170.7930000003991,-43.078000000231086],[170.78900000006826,-43.080000000235579],[170.78699999990286,-43.080000000235579],[170.78399999965478,-43.081000000033413],[170.78299999957207,-43.081999999912611],[170.78000000022223,-43.082999999872314],[170.77699999997412,-43.083999999911661],[170.77299999964325,-43.085000000029865],[170.77000000029352,-43.086000000226001],[170.76700000004539,-43.086999999843222],[170.76299999971457,-43.088999999961814],[170.76000000036478,-43.090999999722911],[170.7549999999512,-43.092999999775778],[170.75199999970312,-43.093999999909528],[170.74900000035328,-43.095999999731511],[170.7460000001052,-43.099000000305999],[170.7439999999398,-43.101000000146968],[170.73999999960898,-43.103000000246197],[170.73800000034186,-43.103999999734668],[170.73500000009375,-43.106000000208617],[170.73299999992835,-43.108000000268156],[170.73099999976296,-43.109999999906584],[170.72999999968019,-43.111999999773047],[170.72800000041315,-43.112999999789672],[170.72500000016504,-43.114999999985564],[170.72199999991687,-43.116000000163147],[170.71899999966877,-43.116999999736912],[170.71500000023633,-43.118000000017553],[170.71099999990545,-43.118999999692811],[170.70699999957466,-43.118999999692811],[170.7040000002248,-43.120000000073169],[170.70099999997672,-43.122000000323176],[170.69699999964593,-43.123000000191155],[170.69200000013069,-43.124000000105241],[170.68599999963445,-43.125000000064567],[170.68200000020195,-43.126000000068267],[170.6779999998711,-43.128000000205581],[170.67400000043864,-43.128999999681895],[170.67000000010776,-43.131000000068035],[170.66599999977697,-43.132999999956048],[170.66300000042713,-43.1340000002848],[170.66000000017905,-43.135999999740896],[170.65599999984826,-43.138999999842298],[170.6529999996001,-43.139999999724019],[170.6490000001676,-43.144000000216025],[170.64599999991952,-43.146000000308355],[170.64199999958865,-43.146999999739663],[170.63900000023889,-43.148999999990053],[170.63499999990805,-43.151999999890037],[170.63099999957726,-43.153999999714948],[170.62600000006202,-43.156000000275384],[170.61999999956581,-43.158000000253878],[170.61600000013328,-43.160000000299185],[170.61199999980249,-43.161999999749177],[170.60600000020455,-43.163999999907766],[170.60299999995647,-43.16699999990319],[170.5999999997083,-43.167999999702623],[170.59700000035852,-43.169999999980675],[170.59300000002767,-43.172000000285088],[170.58799999961417,-43.173999999953999],[170.58400000018165,-43.177000000134633],[170.58200000001622,-43.178999999823262],[170.57799999968543,-43.182000000001885],[170.5730000001702,-43.185000000149067],[170.56999999992212,-43.18699999978179],[170.56500000040688,-43.189000000038703],[170.55999999999329,-43.189999999826021],[170.55499999957982,-43.19100000025805],[170.55000000006461,-43.192000000024073],[170.54599999973379,-43.192999999778216],[170.54300000038396,-43.194000000174498],[170.54000000013588,-43.196000000270544],[170.53799999997045,-43.198000000305477],[170.53499999972237,-43.200999999901171],[170.53399999963966,-43.202999999753892],[170.53100000028985,-43.205000000176796],[170.52800000004174,-43.207999999982839],[170.52499999979358,-43.210000000164584],[170.52200000044382,-43.212000000238085],[170.51800000011301,-43.214000000196634],[170.51499999986484,-43.216000000033453],[170.51100000043238,-43.216000000033453],[170.50600000001882,-43.216999999904125],[170.50199999968802,-43.217999999741878],[170.4980000002555,-43.219000000200452],[170.49399999992471,-43.219999999969779],[170.48999999959383,-43.220999999703615],[170.48700000024405,-43.22200000005575],[170.4829999999132,-43.223999999993104],[170.4799999996651,-43.225999999775063],[170.47600000023266,-43.228000000049448],[170.47299999998449,-43.230000000155016],[170.46999999973639,-43.232999999981949],[170.46700000038663,-43.235000000290356],[170.46300000005576,-43.238000000062783],[170.45999999980765,-43.241000000033935],[170.45799999964225,-43.243000000186548],[170.45500000029242,-43.246000000001978],[170.45200000004434,-43.248000000247764],[170.44999999987894,-43.250000000257323],[170.44699999963078,-43.2530000001411],[170.44500000036371,-43.254000000194999],[170.44300000019831,-43.255000000184808],[170.44100000003289,-43.256999999968677],[170.43799999978472,-43.259000000140169],[170.43500000043497,-43.261000000038358],[170.43300000026957,-43.263000000310612],[170.43000000002141,-43.266000000179091],[170.42599999969062,-43.267999999721674],[170.42300000034078,-43.270999999772236],[170.42000000009267,-43.272999999851187],[170.4179999999273,-43.275000000263582],[170.41599999976188,-43.276999999694638],[170.41399999959651,-43.279000000099714],[170.41200000032936,-43.281000000163949],[170.41100000024664,-43.282000000066184],[170.40900000008128,-43.284000000260548],[170.40799999999857,-43.284999999897053],[170.40599999983314,-43.28600000009726],[170.40399999966769,-43.28600000009726],[170.40200000040062,-43.28600000009726],[170.40000000023525,-43.287000000206326],[170.39499999982166,-43.287000000206326],[170.39199999957359,-43.288000000223491],[170.38700000005835,-43.289000000147823],[170.38299999972756,-43.289000000147823],[170.37800000021232,-43.289999999978527],[170.37199999971611,-43.290999999714785],[170.36800000028359,-43.292000000009565],[170.3639999999528,-43.292000000009565],[170.35800000035488,-43.293000000208167],[170.35199999985858,-43.294000000309779],[170.34700000034337,-43.295000000313507],[170.34300000001255,-43.296000000218584],[170.33899999968176,-43.296000000218584],[170.33700000041466,-43.296000000218584],[170.33500000024924,-43.297999999729228],[170.33300000008384,-43.29899999998694],[170.33099999991845,-43.301000000195245],[170.32799999967028,-43.302999999988529],[170.3250000003205,-43.30500000001377],[170.32300000015513,-43.308000000226542],[170.32099999998971,-43.309999999821457],[170.31999999990697,-43.312000000278282],[170.31699999965886,-43.31400000028291],[170.31400000030911,-43.31599999982862],[170.30999999997823,-43.319000000232684],[170.30599999964744,-43.320999999908693],[170.30200000021489,-43.322999999755687],[170.30000000004949,-43.326000000240363],[170.2979999998841,-43.328000000158376],[170.29499999963602,-43.330000000223635],[170.29100000020347,-43.33199999977591],[170.28900000003807,-43.334000000115303],[170.28699999987268,-43.335000000087987],[170.28399999962451,-43.337000000288512],[170.28200000035744,-43.33799999986126],[170.28000000019205,-43.33999999990764],[170.27800000002665,-43.340999999726201],[170.27699999994388,-43.34200000006058],[170.27499999977849,-43.343000000256538],[170.27299999961309,-43.343000000256538],[170.27100000034602,-43.344000000313287],[170.26800000009786,-43.345000000229966],[170.26599999993243,-43.346000000005738],[170.26499999984978,-43.346000000005738],[170.26499999984978,-43.346000000005738],[170.26199999960164,-43.347000000292986],[170.25900000025183,-43.347000000292986],[170.25499999992104,-43.347999999784413],[170.25199999967293,-43.348999999785597],[170.24800000024041,-43.350000000295765],[170.24399999990959,-43.352000000226525],[170.24199999974414,-43.353000000298671],[170.23900000039438,-43.354999999999137],[170.23600000014628,-43.356999999755296],[170.23399999998082,-43.359999999887386],[170.2319999998154,-43.362000000079689],[170.22999999965003,-43.364000000303946],[170.22899999956732,-43.365999999900318],[170.22600000021748,-43.368000000168117],[170.22400000005209,-43.368999999735365],[170.22099999980398,-43.370999999691492],[170.2179999995559,-43.373000000302078],[170.21500000020606,-43.373999999707884],[170.21099999987527,-43.37599999998136],[170.20700000044272,-43.377000000194286],[170.20400000019464,-43.379000000115376],[170.19999999986376,-43.379999999821884],[170.19699999961568,-43.382000000028285],[170.1940000002659,-43.384000000198782],[170.19200000010045,-43.384999999697186],[170.18899999985237,-43.387000000127493],[170.18699999968695,-43.388999999852082],[170.18400000033714,-43.391000000169797],[170.181000000089,-43.392999999768278],[170.17799999984092,-43.394000000274836],[170.17599999967553,-43.396000000087284],[170.17300000032569,-43.397000000044216],[170.17000000007761,-43.399000000055302],[170.16599999974673,-43.400999999972804],[170.16200000031426,-43.402000000302195],[170.15799999998342,-43.403999999740151],[170.15499999973531,-43.405000000152334],[170.15100000030284,-43.405999999720194],[170.14699999997197,-43.406999999748194],[170.14399999972386,-43.408000000235411],[170.14199999955849,-43.408999999875846],[170.13800000012594,-43.409999999973813],[170.13599999996055,-43.412000000233824],[170.13399999979515,-43.412999999741615],[170.1300000003626,-43.415999999681134],[170.12700000011452,-43.416999999695165],[170.12399999986644,-43.419999999827994],[170.12000000043389,-43.421999999983576],[170.11800000026849,-43.423999999967414],[170.11500000002033,-43.425999999772735],[170.11299999985494,-43.426999999687837],[170.10999999960683,-43.429000000191152],[170.10700000025702,-43.430000000125233],[170.10299999992623,-43.43099999984647],[170.1009999997608,-43.432999999951861],[170.09800000041099,-43.43399999968193],[170.09299999999749,-43.434999999848088],[170.09099999983209,-43.435999999797161],[170.08600000031686,-43.439000000290456],[170.08300000006875,-43.440000000015132],[170.0789999997379,-43.442000000104187],[170.07600000038812,-43.443999999953519],[170.07200000005724,-43.446000000208521],[170.06799999972645,-43.448000000210143],[170.0650000003767,-43.448999999869272],[170.06100000004585,-43.448999999869272],[170.05699999971506,-43.44999999995165],[170.05300000028251,-43.452000000078357],[170.04899999995169,-43.453999999931284],[170.04599999970353,-43.456000000155775],[170.04200000027109,-43.458000000092895],[170.04000000010566,-43.459999999735878],[170.03499999969213,-43.463000000019512],[170.03100000025964,-43.464999999875367],[170.02800000001147,-43.467000000065255],[170.022999999598,-43.469999999820431],[170.01900000016545,-43.472000000163519],[170.01599999991737,-43.474000000164786],[170.01100000040213,-43.476999999918334],[170.00800000015403,-43.477999999766595],[170.00499999990595,-43.480000000005333],[170.00199999965778,-43.480999999742323],[169.99700000014261,-43.482999999750923],[169.99399999989444,-43.484000000020792],[169.99099999964633,-43.485000000032052],[169.9860000001311,-43.486999999927164],[169.97999999963494,-43.490000000090141],[169.97700000028507,-43.491999999967952],[169.97299999995428,-43.49500000007302],[169.9699999997062,-43.496999999890903],[169.96600000027368,-43.499999999874042],[169.96099999986009,-43.502000000240969],[169.95799999961201,-43.50300000001404],[169.95400000017955,-43.50300000001404],[169.94799999968328,-43.506000000287749],[169.94400000025075,-43.507000000259929],[169.94200000008536,-43.507999999953967],[169.93899999983725,-43.509000000020613],[169.93599999958917,-43.509999999807398],[169.93100000007394,-43.513000000086379],[169.92599999966038,-43.514999999726335],[169.92300000031059,-43.51599999977077],[169.91799999989703,-43.518000000304461],[169.91399999956624,-43.519000000140508],[169.91000000013369,-43.521000000249636],[169.9059999998029,-43.522999999850128],[169.90399999963753,-43.525000000237846],[169.90000000020495,-43.525999999992038],[169.89599999987416,-43.527999999919409],[169.89000000027627,-43.529999999965611],[169.88599999994545,-43.531000000193934],[169.88299999969729,-43.532000000123745],[169.87900000026482,-43.533999999735741],[169.87399999985126,-43.536000000097225],[169.87099999960316,-43.53799999989895],[169.8680000002534,-43.53900000032035],[169.86600000008795,-43.541000000246399],[169.86500000000524,-43.543000000246757],[169.86299999983984,-43.543999999784333],[169.85900000040732,-43.546999999792],[169.85700000024192,-43.548999999974328],[169.8550000000765,-43.550000000246293],[169.85199999982842,-43.55100000020358],[169.8480000003959,-43.552999999821935],[169.84600000023048,-43.554000000132291],[169.8429999999824,-43.555999999797997],[169.83899999965152,-43.558000000137724],[169.83500000021908,-43.559999999842638],[169.83300000005357,-43.560999999861757],[169.83199999997092,-43.562000000207838],[169.82999999980549,-43.563000000229067],[169.82899999972278,-43.563999999924583],[169.82699999955742,-43.56600000028785],[169.82400000020755,-43.567999999989027],[169.82099999995947,-43.570000000323006],[169.81799999971139,-43.571000000318385],[169.81600000044423,-43.572999999961596],[169.78000000016181,-43.582000000262489],[169.77900000007909,-43.5830000001164],[169.7769999999137,-43.584000000278309],[169.77599999983101,-43.585000000096649],[169.77399999966559,-43.587000000000643],[169.77200000039846,-43.588000000084541],[169.76900000015036,-43.589999999861313],[169.76699999998499,-43.591000000203096],[169.76499999981957,-43.59200000019532],[169.7619999995714,-43.593999999778482],[169.75800000013896,-43.595000000018253],[169.75399999980809,-43.597000000088784],[169.75099999956001,-43.599000000041983],[169.74700000012746,-43.600999999870915],[169.74199999971398,-43.603000000219318],[169.73900000036411,-43.604999999779302],[169.73600000011604,-43.607999999983981],[169.73299999986793,-43.611000000164999],[169.73099999970253,-43.61299999975521],[169.72800000035269,-43.614999999823652],[169.7260000001873,-43.614999999823652],[169.72199999985651,-43.616000000278916],[169.71800000042398,-43.616999999713016],[169.71400000009316,-43.616999999713016],[169.710999999845,-43.618000000076172],[169.70799999959692,-43.619000000066812],[169.7040000001644,-43.621000000227845],[169.70099999991629,-43.623000000189244],[169.69699999958547,-43.62499999994418],[169.69400000023566,-43.627000000136029],[169.68999999990487,-43.627999999987267],[169.68699999965671,-43.629000000107681],[169.68400000030692,-43.629999999846248],[169.67999999997613,-43.630999999852314],[169.67599999964526,-43.633000000013219],[169.67300000029553,-43.634000000166331],[169.66799999988194,-43.634999999933342],[169.66399999955115,-43.635999999963502],[169.66000000011863,-43.637000000256002],[169.65599999978784,-43.638000000159806],[169.65200000035529,-43.63900000032416],[169.64900000010718,-43.640000000098119],[169.6459999998591,-43.641000000130951],[169.64299999961094,-43.641999999771691],[169.64100000034387,-43.643000000319617],[169.63900000017847,-43.64399999982372],[169.63700000001307,-43.645000000233253],[169.63499999984759,-43.645000000233253],[169.63199999959951,-43.646999999864967],[169.62800000016696,-43.64799999973544],[169.62499999991886,-43.648999999857914],[169.62199999967078,-43.651000000205201],[169.61800000023825,-43.653000000249953],[169.61399999990746,-43.65499999998535],[169.60999999957667,-43.655999999897347],[169.6070000002268,-43.657999999805767],[169.60399999997873,-43.660000000037513],[169.60099999973056,-43.663000000245297],[169.59800000038078,-43.665000000280507],[169.5950000001327,-43.666999999965221],[169.59099999980182,-43.6680000001613],[169.58600000028667,-43.669999999957078],[169.5819999999558,-43.672000000034913],[169.57700000044056,-43.673999999738172],[169.57300000010977,-43.675000000259338],[169.56899999977898,-43.675999999709695],[169.56500000034646,-43.677999999942607],[169.55999999993296,-43.679999999780293],[169.55500000041772,-43.681999999865624],[169.55200000016961,-43.68499999971192],[169.54799999983877,-43.687000000061296],[169.54499999959066,-43.688999999984496],[169.53899999999271,-43.691999999867356],[169.53499999966192,-43.694999999727138],[169.5310000002294,-43.698000000190106],[169.52699999989861,-43.700999999934012],[169.52200000038337,-43.702999999929709],[169.51900000013529,-43.706000000155477],[169.51499999980442,-43.709000000249731],[169.51199999955634,-43.7120000001892],[169.51000000028927,-43.712999999697729],[169.50800000012379,-43.714999999950642],[169.5070000000411,-43.716000000043984],[169.47299999992404,-43.716999999681228],[169.47099999975865,-43.716999999681228],[169.46899999959325,-43.718000000160103],[169.46500000016073,-43.7199999997436],[169.45899999966451,-43.721000000144997],[169.45700000039741,-43.723000000215137],[169.4530000000666,-43.72399999988216],[169.44799999965312,-43.726999999997453],[169.44400000022057,-43.72899999969588],[169.44200000005517,-43.731000000122123],[169.4379999997243,-43.732999999971],[169.43400000029183,-43.735999999782742],[169.43100000004367,-43.738000000105451],[169.42899999987827,-43.73999999982675],[169.42500000044581,-43.742000000237802],[169.42200000019764,-43.744000000033651],[169.41899999994956,-43.74599999985648],[169.41699999978414,-43.746999999694715],[169.41300000035162,-43.748999999869461],[169.41000000010354,-43.752000000066403],[169.40599999977275,-43.753999999927935],[169.40499999969003,-43.754999999775173],[169.40300000042288,-43.755999999781878],[169.39900000009209,-43.759000000101182],[169.39499999976124,-43.761000000230332],[169.39100000032877,-43.764000000281278],[169.38599999991519,-43.766999999750894],[169.38199999958439,-43.76999999991336],[169.37700000006916,-43.772000000106758],[169.37299999973837,-43.774000000230366],[169.36900000030585,-43.777000000188842],[169.36499999997505,-43.778999999783586],[169.36099999964418,-43.781999999889237],[169.35700000021174,-43.78400000020909],[169.35099999971547,-43.785999999769203],[169.34600000020023,-43.787999999859728],[169.34099999978673,-43.78999999982522],[169.33700000035421,-43.790999999677879],[169.33300000002342,-43.792000000307262],[169.32799999960991,-43.792999999767133],[169.3250000002601,-43.794000000002001],[169.3199999998466,-43.796000000199413],[169.31500000033137,-43.798000000244166],[169.31200000008326,-43.79899999980185],[169.30899999983512,-43.800999999928841],[169.30500000040263,-43.801999999847986],[169.29999999998907,-43.804000000041611],[169.29400000039115,-43.806000000054894],[169.28899999997765,-43.808999999964719],[169.28499999964677,-43.810999999821107],[169.28100000021431,-43.813000000121193],[169.27599999980075,-43.815000000209864],[169.2710000002856,-43.817000000080164],[169.26699999995472,-43.818999999725214],[169.26200000043954,-43.820999999786245],[169.25900000019138,-43.821999999970579],[169.2559999999433,-43.8230000002563],[169.25199999961251,-43.824999999832187],[169.24600000001456,-43.826999999803256],[169.23900000033396,-43.829999999837504],[169.231999999755,-43.833000000073767],[169.22600000015706,-43.835000000259939],[169.22199999982627,-43.837000000158561],[169.21800000039374,-43.838999999762741],[169.21400000006292,-43.839999999695245],[169.2050000002169,-43.844000000274228],[169.19899999972066,-43.845999999765226],[169.19400000020548,-43.848000000226328],[169.19099999995731,-43.849999999707101],[169.18600000044214,-43.852000000144031],[169.1810000000286,-43.854000000234585],[169.17300000026523,-43.857999999996643],[169.16799999985179,-43.860000000302016],[169.16400000041921,-43.862000000233316],[169.16100000017113,-43.862999999975571],[169.15799999992305,-43.865000000304285],[169.15499999967489,-43.866000000241343],[169.15100000024239,-43.868000000304185],[169.14599999982886,-43.869999999965287],[169.14299999958075,-43.871000000209662],[169.14100000031362,-43.87199999986526],[169.13800000006552,-43.873000000226476],[169.13399999973473,-43.874999999824226],[169.13000000030218,-43.877000000291069],[169.12800000013678,-43.878000000281617],[169.1270000000541,-43.879999999772643],[169.1249999998887,-43.880999999918913],[169.12299999972328,-43.882000000115326],[169.12000000037347,-43.884000000007745],[169.11600000004267,-43.886000000090405],[169.11299999979451,-43.88699999987719],[169.10900000036202,-43.890000000151232],[169.10600000011385,-43.891000000112619],[169.10199999978306,-43.894000000242187],[169.09800000035054,-43.895999999877056],[169.09400000001975,-43.897000000074286],[169.08999999968896,-43.898999999929323],[169.08600000025643,-43.900999999922497],[169.08300000000833,-43.903000000046788],[169.07899999967748,-43.905000000295246],[169.06799999966603,-43.908999999842479],[169.06600000039896,-43.909999999796078],[169.06300000015079,-43.910999999774617],[169.05899999982,-43.911999999777223],[169.0559999995719,-43.913999999851256],[169.05200000013937,-43.914999999920909],[169.04799999980858,-43.917000000121227],[169.04499999956042,-43.918999999749914],[169.04100000012795,-43.919999999913934],[169.0369999997971,-43.922000000289898],[169.03300000036461,-43.922999999853026],[169.02900000003376,-43.925000000313489],[169.02499999970294,-43.925999999915014],[169.02000000018771,-43.927000000174587],[169.01699999993963,-43.929000000076385],[169.01399999969155,-43.92999999971687],[169.01000000025903,-43.932000000313614],[169.00599999992821,-43.934000000286659],[169.00199999959736,-43.936000000276096],[168.99700000008218,-43.938000000274847],[168.99299999975133,-43.940999999951906],[168.98800000023616,-43.942999999943638],[168.98499999998799,-43.94499999992037],[168.98199999973988,-43.946000000224316],[168.97900000039013,-43.946999999875153],[168.97399999997657,-43.948999999800975],[168.96999999964575,-43.950999999690922],[168.96600000021323,-43.951999999943624],[168.96299999996515,-43.95399999976668],[168.95899999963427,-43.954999999982],[168.95400000011912,-43.957999999892593],[168.94999999978825,-43.959000000045876],[168.94700000043846,-43.96100000029854],[168.94300000010765,-43.962999999826891],[168.93899999977683,-43.963999999883058],[168.93600000042699,-43.9659999999284],[168.93300000017891,-43.966999999915863],[168.93100000001348,-43.96799999987865],[168.92899999984812,-43.968999999815935],[168.92699999968269,-43.969999999726838],[168.92500000041557,-43.971000000256957],[168.92200000016746,-43.972000000112445],[168.91799999983667,-43.973999999735582],[168.9149999995885,-43.975000000147922],[168.91100000015604,-43.977000000230433],[168.90599999974248,-43.979000000179489],[168.90200000031001,-43.980999999988164],[168.89799999997913,-43.983000000295831],[168.89299999956566,-43.984999999802788],[168.89000000021582,-43.986999999794769],[168.88499999980232,-43.989000000264802],[168.88199999955415,-43.992000000315848],[168.87800000012172,-43.993000000025738],[168.87499999987358,-43.994999999948995],[168.87100000044106,-43.997999999787019],[168.86600000002753,-43.998999999846291],[168.86199999969671,-44.00099999980629],[168.85900000034695,-44.001999999705333],[168.85600000009879,-44.003999999983229],[168.85399999993339,-44.004999999714215],[168.84999999960257,-44.007000000294241],[168.84800000033545,-44.008999999990124],[168.84400000000466,-44.010000000069674],[168.84099999975655,-44.012000000041503],[168.8389999995911,-44.012999999932056],[168.83600000024134,-44.013999999757871],[168.83199999991047,-44.015000000164129],[168.82899999966236,-44.017000000130231],[168.82500000022989,-44.017999999688342],[168.82099999989904,-44.018999999823386],[168.81799999965094,-44.019999999888462],[168.8130000001357,-44.021999999805175],[168.81099999997033,-44.023000000301025],[168.80699999963952,-44.024999999779531],[168.80300000020696,-44.026000000052356],[168.79999999995889,-44.027999999722972],[168.79500000044365,-44.029999999728162],[168.79000000003015,-44.03200000006089],[168.78499999961662,-44.034000000068367],[168.77900000001867,-44.035999999743588],[168.77399999960517,-44.037999999725365],[168.77000000017264,-44.039000000232633],[168.76599999984185,-44.040999999692495],[168.7620000004093,-44.043000000087133],[168.75800000007851,-44.045000000118094],[168.75299999966495,-44.045999999994983],[168.74800000014977,-44.048000000113035],[168.74399999981893,-44.048999999706751],[168.74000000038646,-44.050999999896128],[168.73600000005558,-44.052999999693888],[168.73099999964208,-44.054999999738691],[168.72800000029227,-44.055999999932205],[168.72500000004419,-44.057000000023486],[168.7209999997134,-44.058000000011589],[168.71900000044624,-44.058999999895676],[168.71600000019816,-44.060000000320429],[168.71299999995006,-44.062000000206226],[168.70999999970189,-44.063000000311071],[168.70800000043482,-44.064000000307516],[168.70400000010395,-44.065999999971773],[168.70099999985587,-44.067000000283301],[168.69799999960776,-44.068999999924401],[168.69400000017524,-44.069999999897668],[168.69200000000984,-44.072000000145287],[168.68799999967905,-44.073999999927914],[168.68500000032918,-44.074999999965378],[168.68099999999839,-44.076999999682833],[168.67699999966754,-44.079000000208538],[168.67400000031779,-44.081000000244764],[168.67100000006965,-44.082000000077173],[168.66699999973883,-44.082999999784597],[168.66400000038905,-44.084000000011422],[168.66000000005818,-44.086000000084056],[168.6569999998101,-44.086999999928096],[168.65200000029486,-44.088999999872492],[168.64699999988136,-44.090999999937679],[168.64100000028341,-44.09399999968214],[168.63599999986994,-44.095999999696133],[168.6310000003547,-44.097999999806355],[168.62599999994114,-44.098999999976023],[168.62199999961035,-44.100999999894952],[168.6180000001778,-44.102000000287546],[168.61299999976433,-44.10499999996194],[168.60900000033178,-44.105999999779414],[168.60399999991827,-44.109000000287665],[168.59900000040304,-44.112000000103585],[168.59399999998956,-44.11400000008625],[168.58999999965872,-44.117000000200782],[168.58600000022622,-44.11899999993058],[168.58099999981269,-44.121000000320869],[168.5770000003802,-44.123999999710918],[168.57199999996666,-44.125999999786941],[168.56799999963584,-44.127999999853905],[168.56300000012064,-44.12999999990484],[168.55899999978982,-44.131999999932745],[168.5530000001919,-44.135000000318897],[168.54699999969563,-44.137999999807747],[168.54200000018039,-44.140000000317805],[168.53899999993232,-44.14200000012503],[168.53599999968421,-44.143999999867042],[168.53100000016897,-44.146000000181459],[168.52699999983818,-44.149000000260514],[168.52200000032295,-44.151000000041307],[168.51799999999213,-44.152999999725282],[168.5129999995786,-44.157000000063711],[168.5090000001461,-44.159000000059528],[168.50599999989794,-44.161999999897432],[168.50199999956715,-44.164999999913846],[168.49800000013462,-44.168000000084966],[168.49299999972112,-44.172000000297999],[168.49000000037131,-44.175000000093483],[168.4890000002886,-44.177000000000582],[168.48800000020591,-44.177999999964534],[168.48600000004052,-44.17999999990883],[168.48299999979241,-44.182999999853038],[168.48000000044257,-44.185000000253581],[168.47700000019449,-44.188000000204909],[168.47500000002907,-44.189999999729295],[168.47099999969822,-44.19200000030802],[168.46700000026576,-44.195000000158466],[168.46299999993491,-44.196999999799544],[168.45899999960409,-44.197999999926061],[168.45199999992346,-44.202000000090273],[168.44600000032551,-44.205000000216096],[168.43999999982935,-44.206999999782084],[168.43500000031412,-44.208999999698293],[168.42699999965245,-44.210999999957643],[168.42100000005451,-44.210999999957643],[168.41599999964103,-44.21200000005279],[168.4110000001258,-44.212999999909165],[168.40499999962961,-44.214000000169705],[168.40100000019706,-44.215000000189683],[168.39599999978356,-44.21700000014831],[168.39200000035103,-44.21800000008519],[168.38800000002024,-44.219999999869692],[168.38399999968937,-44.220999999715566],[168.38000000025693,-44.222999999953842],[168.37599999992605,-44.22499999984209],[168.37199999959526,-44.228000000048752],[168.36900000024542,-44.229999999996636],[168.3649999999146,-44.232000000213446],[168.36099999958378,-44.23400000004856],[168.358000000234,-44.236000000138475],[168.3560000000686,-44.236999999794122],[168.35399999990321,-44.237999999832603],[168.35099999965504,-44.239000000253057],[168.34700000022258,-44.241000000305618],[168.3450000000571,-44.241999999935921],[168.34399999997441,-44.241999999935921],[168.33800000037655,-44.241999999935921],[168.33500000012839,-44.243999999687425],[168.33199999988028,-44.246000000301983],[168.32899999963217,-44.246999999884984],[168.32500000019965,-44.249000000172018],[168.32300000003426,-44.251000000017434],[168.32099999986886,-44.252000000174462],[168.3179999996207,-44.254000000309361],[168.31600000035363,-44.255000000285484],[168.31400000018823,-44.257000000050574],[168.31200000002283,-44.257999999837814],[168.30999999985738,-44.258999999989271],[168.30899999977467,-44.259999999860632],[168.30699999960925,-44.262000000046399],[168.30699999960925,-44.262000000046399],[168.30600000042489,-44.26299999971566],[168.30600000042489,-44.263999999744726],[168.30500000034218,-44.265000000132609],[168.30300000017681,-44.266000000235159],[168.29999999992864,-44.268000000224063],[168.29599999959785,-44.269999999704353],[168.29200000016533,-44.27199999995554],[168.28899999991719,-44.273999999683987],[168.28699999975183,-44.274999999752012],[168.28400000040196,-44.277000000291174],[168.28200000023659,-44.278000000117402],[168.28100000015388,-44.279000000290026],[168.28000000007117,-44.280000000165003],[168.27599999974038,-44.282999999924762],[168.27300000039057,-44.285000000189655],[168.27000000014246,-44.286999999886049],[168.2669999998943,-44.287999999920714],[168.26399999964619,-44.289999999715654],[168.26200000037912,-44.292000000210436],[168.26000000021372,-44.292999999994677],[168.25800000004827,-44.294999999918467],[168.25599999988287,-44.296000000056232],[168.25499999980016,-44.296999999881393],[168.25199999955208,-44.298000000036055],[168.25100000036764,-44.298000000036055],[168.25000000028493,-44.298999999876422],[168.24800000011953,-44.30000000004447],[168.24700000003685,-44.30099999989644],[168.24599999995414,-44.302000000074337],[168.24499999987145,-44.302000000074337],[168.24399999978874,-44.302999999934379],[168.24199999962335,-44.304000000118577],[168.24100000043893,-44.304999999983146],[168.23700000010811,-44.307000000035686],[168.23499999994272,-44.308000000221874],[168.23199999969455,-44.310000000266726],[168.22900000034477,-44.312000000297687],[168.22600000009669,-44.313000000145003],[168.22299999984853,-44.315000000141765],[168.22099999968313,-44.316000000289407],[168.21800000033338,-44.31800000023604],[168.2140000000025,-44.320999999913873],[168.2119999998371,-44.322999999741555],[168.208999999589,-44.325000000151945],[168.20600000023919,-44.32699999985261],[168.20400000007376,-44.329000000121759],[168.20099999982568,-44.330000000065688],[168.19799999957752,-44.332000000210307],[168.19500000022774,-44.334000000263075],[168.19300000006234,-44.334999999770886],[168.19099999989695,-44.336000000216885],[168.18999999981418,-44.337000000315115],[168.18899999973149,-44.337000000315115],[168.1869999995661,-44.338000000064703],[168.18600000038171,-44.339000000107255],[168.18500000029903,-44.339999999799389],[168.18400000021632,-44.339999999799389],[168.18300000013363,-44.340999999782731],[168.18200000005086,-44.342000000056366],[168.17799999972007,-44.342999999976939],[168.17599999955465,-44.344000000186028],[168.17300000020484,-44.346000000181341],[168.16999999995673,-44.348000000035157],[168.16599999962594,-44.348999999746219],[168.1630000002761,-44.349999999740433],[168.16000000002802,-44.351000000016946],[168.15699999977988,-44.353000000128461],[168.15400000043007,-44.353999999961736],[168.15000000009928,-44.355000000073701],[168.14699999985112,-44.355999999821172],[168.14499999968569,-44.356999999845584],[168.14200000033597,-44.358000000146021],[168.14100000025326,-44.359000000079313],[168.1390000000878,-44.359000000079313],[168.13800000000509,-44.359000000079313],[168.13699999992238,-44.360000000286824],[168.13599999983967,-44.360000000286824],[168.13499999975699,-44.361000000125436],[168.1339999996743,-44.361000000125436],[168.13200000040723,-44.362000000236542],[168.13200000040723,-44.362000000236542],[168.13100000032446,-44.362999999976992],[168.12699999999364,-44.363999999988067],[168.12599999991096,-44.365000000268964],[168.12399999974556,-44.365000000268964],[168.12299999966285,-44.366000000176555],[168.12100000039572,-44.36699999970994],[168.11800000014762,-44.369000000219387],[168.11700000006493,-44.369999999909275],[168.11399999981683,-44.370999999863642],[168.11199999965137,-44.372000000081535],[168.11099999956866,-44.372999999919941],[168.10900000030162,-44.374000000020132],[168.10800000021891,-44.374000000020132],[168.10600000005351,-44.375999999717969],[168.10399999988803,-44.376999999955963],[168.10199999972264,-44.378999999921483],[168.09999999955724,-44.380000000289293],[168.09700000020743,-44.381999999864412],[168.09500000004201,-44.383999999812474],[168.09299999987661,-44.38600000012628],[168.09099999971122,-44.388000000156751],[168.0899999996285,-44.389000000224037],[168.08900000044409,-44.389999999896858],[168.08700000027869,-44.391999999981358],[168.08700000027869,-44.392999999749364],[168.08500000011327,-44.393999999761256],[168.08199999986519,-44.395999999871322],[168.07999999969979,-44.398000000304457],[168.07800000043267,-44.3990000002388],[168.07500000018459,-44.401000000180375],[168.07199999993645,-44.402999999785415],[168.06899999968829,-44.404000000261775],[168.06700000042122,-44.405999999990478],[168.06400000017314,-44.408000000006659],[168.06200000000769,-44.408000000006659],[168.06099999992497,-44.408999999719221],[168.05899999975958,-44.410000000303128],[168.05799999967689,-44.41099999983237],[168.05699999959418,-44.41099999983237],[168.05600000040982,-44.412000000231089],[168.05500000032711,-44.413999999783471],[168.05300000016166,-44.415000000218683],[168.04999999991355,-44.416999999836015],[168.04799999974816,-44.418000000299649],[168.04500000039832,-44.419999999965938],[168.04300000023292,-44.420999999808423],[168.04100000006753,-44.423000000149194],[168.03799999981942,-44.424000000004099],[168.03599999965397,-44.425000000075272],[168.03300000030418,-44.427000000221142],[168.03000000005608,-44.428000000294048],[168.02799999989062,-44.429999999793907],[168.02599999972523,-44.43099999986061],[168.02499999964255,-44.43099999986061],[168.02399999955983,-44.432999999981519],[168.02200000029276,-44.432999999981519],[168.02100000021005,-44.434000000033919],[168.01799999996189,-44.436000000118284],[168.01599999979652,-44.437000000148444],[168.0139999996311,-44.437999999741805],[168.01200000036397,-44.440000000180156],[168.00900000011586,-44.442000000143409],[168.00599999986778,-44.443000000104995],[168.00399999970236,-44.4449999999837],[168.00000000026984,-44.447000000010867],[167.99800000010447,-44.448000000318373],[167.99399999977368,-44.450000000234226],[167.99199999960817,-44.450999999840839],[167.99000000034113,-44.453000000270642],[167.98700000009302,-44.453000000270642],[167.98499999992757,-44.453999999809568],[167.98199999967946,-44.455000000179133],[167.98000000041239,-44.455000000179133],[167.97800000024699,-44.456000000096019]]},"properties":{"geogdesc":"NEW ZEALAND FAULT","type":"TRANSFORM","OBJECTID":393}},{"type":"Feature","id":394,"geometry":{"type":"LineString","coordinates":[[-87.977599999871487,16.12449999978401],[-87.916000000166733,16.140900000289264],[-87.88400000021511,16.150799999846196],[-87.855399999646352,16.159500000192825],[-87.815500000388823,16.167199999770947],[-87.783500000437201,16.173799999635559],[-87.749199999846198,16.183600000289555],[-87.706999999949289,16.19999999983224],[-87.673900000355829,16.208800000235307],[-87.656699999831616,16.21430000003177],[-87.624699999879994,16.223000000098331],[-87.575599999861566,16.237299999597564],[-87.486599999687314,16.261299999886525],[-87.424900000423449,16.285400000192368],[-87.360899999621878,16.303999999855954],[-87.294700000434972,16.328100000024904],[-87.231899999732647,16.343400000224314],[-87.157600000325019,16.364199999818673],[-87.101699999744199,16.388200000083959],[-87.043399999863198,16.412299999821908],[-86.993200000202975,16.437499999892644],[-86.934900000321974,16.457200000208648],[-86.882400000022372,16.475700000019401],[-86.837799999926958,16.493199999647416],[-86.784199999985518,16.505200000132852],[-86.724799999564382,16.533699999877246],[-86.671100000063845,16.554499999830167],[-86.615099999923913,16.574100000044378],[-86.548899999838724,16.591599999640383],[-86.492899999698778,16.610199999622072],[-86.457500000364263,16.624400000128407],[-86.409499999987673,16.650599999620546],[-86.322699999995351,16.681200000099938],[-86.269100000053925,16.701999999571335],[-86.209699999632804,16.722699999926355],[-86.158299999873321,16.736900000296501],[-86.113699999777921,16.754400000353748],[-86.082899999925544,16.76859999988471],[-86.047499999692704,16.783900000213453],[-85.998399999674291,16.801300000356449],[-85.948099999556632,16.813300000171679],[-85.917299999704255,16.827499999947314],[-85.861299999564324,16.852599999705273],[-85.821400000306795,16.864599999896623]]},"properties":{"geogdesc":"SWAN FAULT ZONE, WEST CAYMAN TROUGH","type":"TRANSFORM","OBJECTID":394}},{"type":"Feature","id":395,"geometry":{"type":"LineString","coordinates":[[-85.819099999667415,16.864599999896623],[-85.722000000170695,16.900600000111357],[-85.65920000036671,16.933400000303539],[-85.616900000012365,16.950799999744675],[-85.571200000275141,16.97050000005812],[-85.527800000278987,16.98570000026206],[-85.491300000404351,17.005400000397991],[-85.466199999675908,17.016300000279745],[-85.428499999702026,17.034800000019853],[-85.390799999728117,17.051199999958648]]},"properties":{"geogdesc":"SWAN FAULT ZONE, WEST CAYMAN TROUGH","type":"TRANSFORM","OBJECTID":395}},{"type":"Feature","id":396,"geometry":{"type":"LineString","coordinates":[[-85.387299999887816,17.052199999587614],[-85.320000000160789,17.083899999865519],[-85.262799999921612,17.113300000304239],[-85.194300000095339,17.139499999699904],[-85.128100000010136,17.165600000125284],[-85.060699999825673,17.20379999976582],[-84.998999999663496,17.23969999994922],[-84.949899999645069,17.260400000345278],[-84.901900000166776,17.281100000184413],[-84.849399999867174,17.301799999673737],[-84.791099999986173,17.327900000341867],[-84.744299999708829,17.34640000040017],[-84.704299999993864,17.368199999737435],[-84.673500000141473,17.382400000026475],[-84.638099999908661,17.391099999586181],[-84.606099999957038,17.409599999897047]]},"properties":{"geogdesc":"SWAN FAULT ZONE, WEST CAYMAN TROUGH","type":"TRANSFORM","OBJECTID":396}},{"type":"Feature","id":397,"geometry":{"type":"LineString","coordinates":[[-84.606099999957038,17.409599999897047],[-84.544399999794848,17.419300000253315],[-84.495299999776435,17.442199999984688],[-84.443900000016939,17.469400000373145],[-84.414199999806385,17.484599999579888],[-84.367400000427338,17.504199999580162],[-84.330800000095266,17.518399999990191],[-84.266899999751132,17.540099999866918],[-84.231500000416602,17.546599999999611],[-84.206399999688173,17.554200000156857],[-84.171000000353672,17.564000000262503],[-84.137800000302803,17.568299999939388],[-84.093299999766515,17.58459999970054],[-84.052200000409726,17.590099999807641],[-84.017899999818724,17.589000000329904],[-83.97340000018076,17.587900000151691],[-83.932299999925661,17.58459999970054],[-83.891199999670562,17.57799999964605],[-83.85580000033606,17.574700000069029],[-83.820400000103234,17.564900000322865]]},"properties":{"geogdesc":"SWAN FAULT ZONE, WEST CAYMAN TROUGH","type":"TRANSFORM","OBJECTID":397}},{"type":"Feature","id":398,"geometry":{"type":"LineString","coordinates":[[-83.818100000362165,17.565999999933819],[-83.751900000276962,17.552899999654738],[-83.681099999811295,17.538699999835352],[-83.646800000118617,17.533200000350558],[-83.604600000221708,17.516900000057234],[-83.573800000369332,17.512499999801552],[-83.552099999922092,17.507100000107261],[-83.531500000014987,17.498299999876558],[-83.490399999759887,17.488499999900412],[-83.449300000403127,17.485200000261273],[-83.41619999991137,17.486299999939806],[-83.371700000273393,17.494999999905428],[-83.327100000177992,17.503699999861968],[-83.279200000258825,17.51449999974152],[-83.231199999882236,17.521099999642534],[-83.182099999863809,17.52969999971894],[-83.154700000292607,17.533000000371878],[-83.126200000181299,17.536200000115532]]},"properties":{"geogdesc":"SWAN FAULT ZONE, WEST CAYMAN TROUGH","type":"TRANSFORM","OBJECTID":398}},{"type":"Feature","id":399,"geometry":{"type":"LineString","coordinates":[[-83.122700000340984,17.536200000115532],[-83.064500000019109,17.537300000127708],[-83.008499999879191,17.550299999781782],[-82.949100000356367,17.56339999973456],[-82.878299999890714,17.575299999954726],[-82.812099999805511,17.587200000055947],[-82.75609999966558,17.599199999743892],[-82.698999999883839,17.614399999819589],[-82.637400000179071,17.628500000260214],[-82.587100000061412,17.637200000228955],[-82.552899999927831,17.643699999713021],[-82.502599999810172,17.651299999671611],[-82.469500000216712,17.657799999618511],[-82.444400000386608,17.669799999977055]]},"properties":{"geogdesc":"SWAN FAULT ZONE, WEST CAYMAN TROUGH","type":"TRANSFORM","OBJECTID":399}},{"type":"Feature","id":400,"geometry":{"type":"LineString","coordinates":[[-82.444400000386608,17.669799999977055],[-82.360999999777164,17.690399999750948],[-82.326700000084486,17.701300000021874],[-82.269600000302745,17.712099999947291],[-82.222800000025401,17.723000000068836],[-82.196599999655135,17.730599999746126],[-82.165700000243646,17.738199999681612],[-82.143999999796407,17.743599999732936],[-82.122300000247478,17.750099999630066]]},"properties":{"geogdesc":"SWAN FAULT ZONE, WEST CAYMAN TROUGH","type":"TRANSFORM","OBJECTID":400}},{"type":"Feature","id":401,"geometry":{"type":"LineString","coordinates":[[-82.121199999707358,17.750099999630066],[-82.061800000184533,17.761999999805742],[-82.016100000447324,17.777200000212051],[-81.946399999623495,17.800000000077262],[-81.873399999874195,17.81629999984662],[-81.823099999756522,17.830400000117947],[-81.778600000118558,17.835800000068463],[-81.739700000045417,17.847799999654324],[-81.714600000215299,17.856400000171366],[-81.678100000340663,17.865100000343269]]},"properties":{"geogdesc":"SWAN FAULT ZONE, WEST CAYMAN TROUGH","type":"TRANSFORM","OBJECTID":401}},{"type":"Feature","id":402,"geometry":{"type":"LineString","coordinates":[[-109.43280000016037,19.937799999854811],[-109.33320000000775,19.848499999722282],[-109.20259999998621,19.774400000399257],[-109.07199999996466,19.69509999980793],[-109.00849999965358,19.648599999699091],[-108.93050000038909,19.596899999949859],[-108.80360000022441,19.515800000354673],[-108.67109999959656,19.448399999735653],[-108.62399999974353,19.417299999888769],[-108.55879999974104,19.358699999775801],[-108.51699999987721,19.338000000161927],[-108.4389999997144,19.298200000188061],[-108.39539999970171,19.277400000075502],[-108.33190000028895,19.249700000398047],[-108.23390000026866,19.209799999678687],[-108.15770000025472,19.159599999618639],[-108.11599999994999,19.123399999777682],[-108.06349999965039,19.076800000313604],[-107.97099999963581,19.026499999628655],[-107.87109999990754,18.979700000368993],[-107.787599999739,18.946600000290648],[-107.72050000002852,18.911999999825031],[-107.65870000030721,18.891099999830189],[-107.61519999985363,18.875400000173098],[-107.40799999978506,18.836699999848328],[-107.30249999959362,18.829399999962742],[-107.23709999957458,18.816999999985388],[-107.15890000029354,18.809799999890245],[-107.04260000010721,18.792100000161746],[-106.96079999963011,18.774599999943078],[-106.90269999976566,18.760600000232252],[-106.81179999988343,18.742999999846401],[-106.6935999999891,18.738999999938024],[-106.64630000011955,18.738800000050283],[-106.55899999963674,18.734999999723296],[-106.4317999998964,18.708699999652804],[-106.32460000001352,18.696199999913521],[-106.23550000028014,18.695799999907599],[-106.14260000023249,18.70579999985123],[-106.07170000020773,18.715800000187233],[-105.98619999987376,18.715500000347113],[-105.93159999984964,18.71009999986931],[-105.91169999955126,18.706600000154534],[-105.8406999999674,18.699399999975064],[-105.84399999979117,17.996700000217121]]},"properties":{"geogdesc":"RIVERA FRACTURE ZONE, E. PACIFIC","type":"TRANSFORM","OBJECTID":402}},{"type":"Feature","id":403,"geometry":{"type":"LineString","coordinates":[[-130.65390000040168,51.510299999741754],[-130.7707999997393,51.6287000001848],[-130.83559999970873,51.683199999992908],[-130.92110000004266,51.777199999723607],[-130.99819999968193,51.841400000169671],[-131.10369999987333,51.932500000205359],[-131.23329999981217,52.030699999833558],[-131.32650000033379,52.099399999983213],[-131.42359999983049,52.170300000021918],[-131.59349999995825,52.280099999726815],[-131.69089999992894,52.360599999823755],[-131.82049999986776,52.460299999818751],[-131.93390000026341,52.542799999885368],[-132.03099999976016,52.605799999732355],[-132.12409999982432,52.66619999978716],[-132.21730000034594,52.74109999984902],[-132.29030000009521,52.803899999846983],[-132.43620000003469,52.914599999910948],[-132.50919999978399,52.97229999987939],[-132.66279999991113,53.060900000186685],[-132.74850000026163,53.166500000213503],[-132.83379999968071,53.245399999841084],[-132.9435000002195,53.345599999851956],[-133.02050000029962,53.407499999983202],[-133.1096999995921,53.478799999885901],[-133.21180000040064,53.602300000242316],[-133.2768999999457,53.668699999791414],[-133.35419999960149,53.749100000066449],[-133.43969999993544,53.838800000200514],[-133.500800000048,53.904699999848063],[-133.59820000001869,53.986900000092639],[-133.64699999956312,54.03619999990272],[-133.68370000035262,54.073699999838389],[-133.73690000026099,54.15109999980006],[-133.78219999996512,54.226100000178903],[-133.79480000010889,54.268300000160266],[-133.88500000038241,54.398899999807441],[-133.95009999992749,54.468600000169005],[-134.04820000040519,54.593900000074605],[-134.10120000029701,54.651799999848173],[-134.21519999984395,54.769499999821754],[-134.28850000006722,54.843200000258406],[-134.38999999992782,54.928099999890037],[-134.49949999955174,55.017399999808021],[-134.53629999990036,55.063199999985585],[-134.62579999966684,55.147800000027956],[-134.77540000036149,55.238700000124062],[-134.86049999976399,55.297699999873657],[-134.93350000041161,55.354399999856895],[-134.98619999982947,55.393000000195656],[-135.12069999972439,55.537900000251312],[-135.16529999981981,55.574100000186],[-135.23060000027974,55.646299999947217],[-135.26730000017093,55.684599999913786],[-135.32439999995265,55.747600000113138],[-135.36109999984384,55.790400000050319],[-135.39369999984513,55.826299999953783],[-135.43449999962621,55.871200000199259],[-135.49980000008614,55.942799999906192],[-135.56529999966429,56.032300000071302],[-135.61470000015669,56.117199999985154],[-135.65580000041177,56.181899999827081],[-135.74559999975392,56.279600000079533],[-135.79480000022974,56.355099999983921],[-135.84029999995042,56.439299999967233],[-135.89770000020613,56.520999999769366],[-135.95909999989433,56.598199999781158],[-136.02850000024424,56.679499999763834],[-136.10179999956918,56.753999999896813],[-136.13890000039174,56.817600000119434],[-136.17170000040954,56.863600000198929],[-136.22909999976696,56.940000000018536],[-136.27440000036938,57.01419999987862],[-136.31139999983623,57.075100000030183],[-136.34419999985403,57.118599999900866],[-136.37719999988835,57.172900000017052],[-136.42209999955944,57.226999999979164],[-136.47150000005178,57.307099999816145],[-136.51650000018029,57.363199999823813],[-136.5534999996471,57.419300000224617],[-136.59419999986912,57.458000000099403],[-136.63910000043848,57.507400000012197],[-136.66770000010894,57.539600000231665],[-136.70809999985698,57.560900000163585],[-136.78890000025135,57.601399999855111],[-136.87359999962081,57.631100000163961],[-136.96620000009281,57.658599999826151],[-137.0709000002181,57.690300000013856],[-137.25169999989987,57.721599999881697],[-137.40049999963,57.757299999820326],[-137.55710000000528,57.778000000028953],[-137.76200000033279,57.811199999808814],[-137.987099999636,57.857099999805143],[-138.0835999999814,57.87369999978489],[-138.31709999997935,57.942999999849647],[-138.43380000019877,57.974399999890082],[-138.60319999983599,58.041600000192837],[-138.77229999989763,58.087499999898071],[-138.93719999961183,58.127000000068129],[-139.09030000014678,58.177100000048767],[-139.24319999976689,58.218700000142888],[-139.39650000031838,58.277099999793109],[-139.54959999995501,58.329100000230753],[-139.72210000029779,58.3409999999352],[-139.8957000002824,58.420100000119731],[-140.04450000001256,58.452999999783472],[-140.24540000000925,58.487799999794795],[-140.37399999986542,58.505999999828795],[-140.49070000008481,58.53900000021364],[-140.6194999999575,58.571900000068432],[-140.72429999964189,58.61119999980712],[-140.92599999970474,58.689599999982377],[-141.08739999957865,58.757599999849788],[-141.22039999979867,58.802699999854248],[-141.3332999997038,58.843799999801867],[-141.49079999970434,58.913599999903283],[-141.61990000005096,58.966799999905078],[-141.71689999998856,59.01390000000702],[-141.74920000041419,59.030300000141565],[-141.87430000043,59.079199999814747],[-141.95509999992606,59.120100000103584],[-142.05599999973705,59.162900000006168],[-142.18919999997365,59.217699999964282],[-142.26600000003722,59.256399999924291],[-142.37079999972158,59.294900000153632],[-142.44730000020948,59.31710000017636],[-142.51179999970495,59.339299999836939],[-142.61250000039772,59.367500000177607],[-142.70089999962403,59.385400000040278],[-142.77720000009541,59.391200000076317],[-142.8691999996195,59.382599999851806],[-143.02909999981853,59.365500000127263],[-143.12139999981653,59.375299999815283],[-143.23749999998631,59.366599999821851],[-143.40159999963439,59.361800000171023],[-143.60189999958146,59.360900000154288],[-143.77030000003433,59.364199999954643],[-143.87429999965252,59.355500000188329],[-144.01869999991709,59.367100000169614],[-144.15900000029174,59.372600000070634],[-144.23119999997485,59.372299999951686],[-144.37130000033295,59.369599999859091],[-144.45530000009367,59.361000000215725],[-144.55129999994855,59.350400000130939],[-144.65520000000765,59.337600000171776],[-144.70690000024112,59.314900000191585],[-144.77869999989116,59.298100000179453],[-144.85030000042298,59.269099999865176],[-144.91399999985225,59.244200000141163],[-144.95380000044898,59.229600000173491],[-144.98560000038407,59.217200000006109],[-145.02960000042984,59.210800000218136]]},"properties":{"geogdesc":"GULF OF ALASKA TRENCH","type":"CONVERGENT","OBJECTID":403}},{"type":"Feature","id":404,"geometry":{"type":"LineString","coordinates":[[-124.44150000043878,40.258400000016145],[-124.47179999980065,40.317000000210932],[-124.5239999996263,40.424600000134902],[-124.59620000020777,40.584399999872687],[-124.65510000013836,40.766500000297135],[-124.68389999982533,40.951399999688597],[-124.71469999967773,41.220600000070981],[-124.75119999955237,41.454299999862606],[-124.81269999969801,41.743699999969287],[-124.86379999988186,41.955100000153429],[-124.90909999958599,42.231400000212986],[-124.96850000000711,42.495100000035791],[-124.98929999993075,42.719299999958473],[-125.02140000033981,43.028200000077845],[-125.08769999998414,43.431800000122038],[-125.09070000023223,43.490400000150295],[-125.09580000020489,43.646399999881922],[-125.08529999978565,44.241299999855642],[-125.02080000029018,44.59179999977983],[-125.00940000024566,45.011500000288208],[-124.99139999965527,45.493100000010905],[-124.94649999998424,45.749799999792302],[-124.92819999981819,46.052500000037149],[-124.99050000003,46.36609999982516],[-125.09150000029842,46.696499999865296],[-125.19460000029133,46.99420000007791],[-125.29169999978804,47.181000000193748],[-125.47409999960216,47.511899999770435],[-125.66390000002829,47.832799999867163],[-125.87139999967252,48.107899999903871],[-126.10580000019404,48.392400000092962],[-126.23869999995668,48.562200000177576],[-126.48230000034076,48.767799999764712],[-126.82839999976989,49.028100000061542],[-127.09640000037535,49.206299999837398],[-127.42269999996354,49.432299999922449],[-127.86030000022279,49.71820000023299],[-128.25030000013857,49.964099999788928],[-128.45000000003603,50.10449999984619],[-128.7562000002076,50.301200000234218],[-129.027299999722,50.471899999766748],[-129.38660000024282,50.698699999955053],[-129.63440000007597,50.842600000155656],[-129.91090000003697,51.001500000214428],[-130.09269999980148,51.129999999803132],[-130.3114999999311,51.250699999973541],[-130.47320000027901,51.366200000265046],[-130.58719999982597,51.470099999740505],[-130.65390000040168,51.510299999741754]]},"properties":{"geogdesc":"TRENCH BET JUAN DE FUCA & N. AMERICA","type":"CONVERGENT","OBJECTID":404}},{"type":"Feature","id":405,"geometry":{"type":"LineString","coordinates":[[-106.47969999981555,21.250799999976003],[-106.47259999967751,21.135400000161837],[-106.47490000031689,21.052599999966148],[-106.4725000001184,21.01339999991724],[-106.47479999985947,20.941399999733935],[-106.47709999960054,20.869399999932337],[-106.48639999992052,20.782100000410356],[-106.48869999966161,20.688199999798929],[-106.4979999999816,20.600799999732057],[-106.48860000010248,20.517700000175704],[-106.47680000002487,20.428099999958061],[-106.45580000008468,20.336099999892987],[-106.42070000032582,20.246399999705723],[-106.39260000024761,20.139000000055454],[-106.3622000004283,20.016200000357902],[-106.31769999989201,19.913100000040192],[-106.27570000001165,19.834000000029224],[-106.198499999915,19.715400000063532],[-106.09570000039602,19.554900000373248],[-106.06299999993733,19.486700000224484],[-106.00919999997936,19.420700000236973],[-105.92979999970078,19.337000000373116],[-105.85969999974218,19.271000000420653],[-105.77790000016338,19.215900000060667],[-105.68210000032504,19.158599999852019],[-105.59339999972643,19.101300000394726],[-105.53959999976846,19.068200000297182],[-105.46960000026729,19.026299999611947],[-105.40649999998931,18.982200000260143],[-105.35040000029026,18.938100000112311],[-105.28730000001228,18.902700000023646],[-105.21259999967323,18.849800000022729],[-105.15649999997419,18.803400000148784],[-105.08179999963515,18.761399999665741],[-105.00000000005637,18.695100000388837],[-104.9462000000984,18.631000000005987],[-104.8948000003389,18.562400000355474],[-104.84109999994006,18.498200000063409],[-104.7942999996627,18.440699999907693],[-104.74300000036064,18.405299999665409],[-104.68219999982372,18.338799999963047],[-104.63309999980531,18.285599999772337],[-104.5957999998645,18.252399999901805]]},"properties":{"geogdesc":"MIDDLE AMERICA TRENCH, MEXICO","type":"CONVERGENT","OBJECTID":405}},{"type":"Feature","id":406,"geometry":{"type":"LineString","coordinates":[[-104.52799999964697,18.188100000146196],[-104.47430000014641,18.134900000131754],[-104.40649999992888,18.070599999809513],[-104.34109999990983,18.028400000001991],[-104.26400000027061,17.988500000183478],[-104.11690000023189,17.939699999969733],[-104.02110000039355,17.901999999579431],[-103.92299999991583,17.877600000077702],[-103.77819999961818,17.815400000387825],[-103.68479999997834,17.777700000278468],[-103.53300000000006,17.704400000070354],[-103.4278000002826,17.662199999603263],[-103.32510000032276,17.613300000215354],[-103.20829999964592,17.553200000005784],[-103.08920000012633,17.497599999774923],[-102.95129999995018,17.417499999586894],[-102.84390000005078,17.377500000291263],[-102.74349999983198,17.33290000021201],[-102.62429999985497,17.25939999977389],[-102.53319999995617,17.201499999872297],[-102.44679999999697,17.154700000181556],[-102.37670000003835,17.116799999849022],[-102.27629999981956,17.070000000395464],[-102.14780000042087,17.025400000372649],[-101.95399999966389,16.969699999683545],[-101.85819999982557,16.936200000291443],[-101.74149999960615,16.907299999869586],[-101.65270000034674,16.878299999728014],[-101.56630000038753,16.835899999777226],[-101.45880000003068,16.791200000379796],[-101.35839999981191,16.759999999733648],[-101.23699999965292,16.722000000120094],[-101.12719999955502,16.670600000296286],[-101.00810000003543,16.628200000179017],[-100.87489999979886,16.583499999955304],[-100.78379999990005,16.545500000251103],[-100.70209999988039,16.523199999633903],[-100.60630000004204,16.487400000386479],[-100.52460000002237,16.465100000118248],[-100.45220000032272,16.44499999965872],[-100.36340000016499,16.406900000129198],[-100.25830000000664,16.362200000150295],[-100.16259999972742,16.328600000351223],[-100.10890000022687,16.308499999679437],[-100.03880000026827,16.274899999677864],[-99.999100000128962,16.259200000251059],[-99.940699999790553,16.236900000203011]]},"properties":{"geogdesc":"MIDDLE AMERICA TRENCH, MEXICO","type":"CONVERGENT","OBJECTID":406}},{"type":"Feature","id":407,"geometry":{"type":"LineString","coordinates":[[-64.617600000148798,10.082700000409577],[-64.553899999821212,10.06509999979526],[-64.499000000221415,10.047500000119905],[-64.44629999990525,10.025599999572336],[-64.389200000123495,10.003699999991921],[-64.342999999895781,9.9862000000575701],[-64.270499999738703,9.9663999999416859],[-64.22219999978644,9.9510000003313266],[-64.173899999834177,9.9204999997981229],[-64.105899999600112,9.8659999996855134],[-64.066499999934777,9.8159999996547427],[-64.022699999905527,9.7724999999686428],[-63.97889999987629,9.7375999995617253],[-63.935099999847068,9.6810000003004539],[-63.913200000281606,9.6635999997367463],[-63.864900000329349,9.6265000000159429],[-63.807900000106706,9.5872000000059643],[-63.781600000177342,9.5675999996616312],[-63.724500000395608,9.5370000000660404],[-63.67180000007945,9.523799999864222],[-63.63220000039756,9.5192999998872665],[-63.561799999964997,9.5232999997428092],[-63.495700000337216,9.5382000002101961],[-63.438399999640616,9.5639999997315659],[-63.374500000194786,9.5920000000748917],[-63.292899999734246,9.6242000001435102],[-63.207000000265516,9.6542000001852255],[-63.116700000432893,9.688500000148716],[-63.037300000154289,9.7207000004004449],[-62.96459999998067,9.7550999999302608],[-62.891899999807016,9.7851000003556781],[-62.834499999551305,9.8108999998550264],[-62.781699999676036,9.8301999999646341],[-62.737600000071147,9.8451999996278499],[-62.675899999908964,9.8557999999769663],[-62.616500000386154,9.8664000003735861],[-62.541600000030563,9.8768999997646034],[-62.493199999620877,9.8874999996700446],[-62.446899999834038,9.9025000002498462],[-62.416099999981647,9.911100000308684],[-62.36760000001285,9.9411999998851233]]},"properties":{"geogdesc":"THRUST FAULT, SW AND S OF GULF OF PARIA, VENEZUE","type":"CONVERGENT","OBJECTID":407}},{"type":"Feature","id":408,"geometry":{"type":"LineString","coordinates":[[-62.36760000001285,9.9411999998851233],[-62.334500000419425,9.9475999996556155],[-62.277300000180226,9.9559999995780046],[-62.202500000282072,9.9687000002969146],[-62.129800000108446,9.9813999999256673],[-62.046099999923364,9.9961999997308748],[-61.977899999672751,10.004600000030759],[-61.898599999851562,10.017299999772169],[-61.848000000158237,10.021399999796866],[-61.766599999714238,10.025399999848215],[-61.702799999827519,10.029400000069622],[-61.612599999554021,10.026899999635972],[-61.550999999849253,10.024500000004664],[-61.462999999757706,10.017600000172221],[-61.370600000200554,10.017199999577175],[-61.306800000313828,10.021299999981528],[-61.247399999892707,10.02110000025826],[-61.194600000017445,10.027299999763136],[-61.104300000184821,10.052999999676159],[-61.02719999964728,10.07860000029426],[-60.930199999709679,10.117200000424099],[-60.813399999931164,10.16440000005025],[-60.727400000005026,10.211700000285237],[-60.566600000180721,10.260799999693909],[-60.49819999991356,10.290799999691567],[-60.440900000115278,10.318700000277822],[-60.363700000018625,10.363899999908444],[-60.2974999999334,10.404700000298233],[-60.237999999953182,10.443399999952389],[-60.198299999813877,10.471400000022836],[-60.158500000115446,10.499300000183393],[-60.118799999976147,10.527299999615082],[-60.081300000018807,10.548700000199515],[-60.037200000413904,10.570200000372843],[-60.017399999674659,10.58090000040295],[-59.988700000445107,10.600299999586966]]},"properties":{"geogdesc":"THRUST FAULT, SW AND S OF GULF OF PARIA, VENEZUE","type":"CONVERGENT","OBJECTID":408}},{"type":"Feature","id":409,"geometry":{"type":"LineString","coordinates":[[-75.187600000284448,10.890000000412185],[-75.213900000213798,10.918199999812668],[-75.253200000320035,10.987399999780175],[-75.272699999686992,11.043699999935599],[-75.272499999670458,11.106299999839289],[-75.289799999753782,11.162500000328544],[-75.300599999748684,11.220799999794163],[-75.300300000173038,11.289800000006293],[-75.289100000145041,11.328599999881359],[-75.284499999764606,11.380399999661712],[-75.273299999736622,11.429900000097529],[-75.264400000348019,11.453599999939428],[-75.206800000075759,11.552500000096098],[-75.153699999726513,11.617000000365532],[-75.091800000446099,11.68999999963496],[-75.069699999965792,11.71789999962804],[-75.023299999721516,11.758600000409265],[-74.957000000077187,11.823000000304246],[-74.921700000301797,11.850799999937861],[-74.879799999980548,11.872199999898536],[-74.846700000387088,11.887100000267097],[-74.804800000065839,11.906299999856644],[-74.760800000020069,11.916900000270299],[-74.70789999968737,11.929600000230735],[-74.64850000016456,11.942299999595541],[-74.593399999649904,11.957100000128344],[-74.536099999851615,11.986999999793341],[-74.498500000335142,12.021300000021261],[-74.458699999738414,12.068400000119139],[-74.429900000051447,12.124299999845631],[-74.381200000066102,12.182100000314826],[-74.339200000185755,12.231399999612524],[-74.303900000410351,12.263499999603255],[-74.279599999748072,12.276299999603143],[-74.229000000054768,12.293300000264857],[-74.180500000085971,12.301700000215847],[-74.143099999687735,12.316599999867041],[-74.103299999989304,12.344400000278936],[-74.072399999679504,12.378599999693947],[-74.043599999992537,12.412899999846934],[-74.014899999864667,12.447099999607211],[-73.977300000348208,12.494200000013526],[-73.946299999580972,12.534900000136798],[-73.919700000075963,12.573499999739287],[-73.866599999726716,12.648399999595725],[-73.833399999675848,12.691200000386296],[-73.804700000446289,12.723299999751312],[-73.775899999861011,12.759599999876407],[-73.77150000039542,12.774600000100216],[-73.784600000131405,12.787499999671988],[-73.819699999890261,12.813399999992864],[-73.84160000035402,12.84569999960291],[-73.885400000383271,12.880200000131856],[-73.8787000002783,12.903799999849507],[-73.854300000056924,12.9487000001363],[-73.832199999576602,12.980800000053652],[-73.807800000253536,13.01709999960822],[-73.783499999591257,13.055599999855406],[-73.759100000268205,13.08759999994181],[-73.752400000163234,13.10470000017779],[-73.734799999605926,13.124000000126166],[-73.717199999946942,13.123900000132476],[-73.675400000083116,13.113000000154935],[-73.616100000119417,13.104199999935082],[-73.576300000421,13.131899999615717],[-73.523400000088301,13.163800000018837],[-73.472699999937561,13.195699999660839],[-73.415299999681849,13.225500000330316],[-73.346999999872097,13.257299999687898],[-73.307299999732805,13.284999999951058],[-73.25220000011646,13.310400000281087],[-73.1882000002132,13.335899999919322],[-73.141900000426375,13.365700000432176],[-73.084599999729789,13.393199999900093],[-73.022899999567571,13.41649999987963],[-72.970000000133197,13.435599999761887],[-72.919299999982456,13.454599999709551],[-72.857700000277703,13.471499999835009],[-72.800399999581089,13.492699999739083],[-72.751899999612306,13.516000000380187],[-72.712200000371311,13.539399999981061],[-72.668000000308979,13.575499999646526],[-72.639399999740235,13.583999999614985],[-72.588800000046916,13.566700000310842],[-72.52740000035871,13.538600000111124],[-72.465799999755617,13.534100000403702],[-72.41299999988037,13.529600000339855],[-72.368999999834571,13.525099999950459],[-72.329400000152688,13.520699999642257],[-72.287600000288862,13.526900000352907],[-72.258999999720132,13.535399999937077],[-72.23249999977422,13.552399999999155],[-72.18619999998738,13.580000000384754],[-72.119999999902177,13.611800000381983],[-72.07820000003835,13.628700000331545],[-71.983400000282714,13.668899999912181],[-71.943700000143409,13.675199999761208],[-71.884400000179696,13.672799999862287],[-71.820499999835576,13.674699999653521],[-71.734800000383387,13.667899999820293],[-71.675300000403155,13.678400000271987],[-71.6093000003345,13.678099999698631],[-71.5608999999248,13.677899999976864],[-71.519199999620085,13.667100000182359],[-71.470899999667836,13.647599999971735],[-71.411599999704137,13.619599999872626],[-71.358799999828875,13.604400000100277],[-71.294999999942149,13.610500000201926],[-71.231099999598015,13.629500000090543],[-71.182599999629204,13.665700000390428],[-71.129700000194845,13.682599999576098],[-71.085700000149046,13.688800000206495],[-71.03499999999832,13.71420000001242],[-70.993099999677057,13.720500000146602],[-70.953599999554285,13.71389999973665],[-70.892100000306968,13.685900000314325],[-70.854800000366154,13.668600000330295],[-70.808699999697538,13.642800000407371],[-70.777899999845147,13.632000000322584],[-70.742699999628869,13.63389999967298],[-70.698699999583098,13.644500000032428],[-70.672199999637172,13.665700000390428],[-70.623800000125811,13.663400000133951],[-70.573200000432493,13.646099999791751],[-70.520500000116343,13.624499999728176],[-70.483200000175529,13.611499999832622],[-70.450200000141194,13.607099999884992],[-70.434799999765858,13.615600000317048],[-70.399400000431356,13.651800000028176],[-70.359700000292037,13.673000000424331],[-70.340000000010221,13.662200000312215],[-70.306999999975886,13.644999999594699],[-70.280700000046522,13.625600000240333],[-70.241199999923751,13.601999999955918],[-70.203899999982951,13.584699999791004],[-70.159899999937167,13.576000000062649],[-70.120199999797876,13.59720000003985],[-70.084999999581584,13.616299999644051],[-70.056300000352024,13.639700000282918],[-70.025400000042225,13.648099999949782],[-69.990199999825947,13.648000000038913],[-69.917699999668841,13.630600000029272],[-69.847399999693707,13.608900000384956],[-69.770399999613588,13.595799999859002],[-69.72650000002524,13.584899999835953],[-69.680299999797512,13.573999999935522],[-69.647299999763192,13.571700000126905],[-69.598999999810928,13.565099999996269],[-69.554999999765144,13.56489999985388],[-69.491199999878447,13.566799999645063],[-69.453699999921085,13.575200000288232],[-69.41630000042116,13.581499999706763],[-69.37669999984098,13.579200000127578],[-69.319499999601803,13.568300000322537],[-69.255800000172513,13.555200000385176],[-69.196399999751392,13.548500000295824],[-69.130500000140145,13.539700000002984],[-69.051299999878083,13.532900000377559],[-69.002900000366722,13.526299999983435],[-68.958900000320938,13.521900000004075],[-68.925999999845729,13.511000000172052],[-68.879900000075423,13.487300000154676],[-68.827199999759259,13.472099999956054],[-68.772199999702053,13.461200000009912],[-68.737099999943183,13.450400000039981],[-68.671099999874514,13.435100000304676],[-68.646899999669671,13.432900000096607],[-68.580899999601016,13.443300000244367],[-68.514900000430657,13.442999999669892],[-68.444499999998072,13.444899999879015],[-68.387299999758909,13.442499999916723],[-68.332299999701704,13.440200000376201],[-68.279499999826413,13.427100000070443],[-68.193800000374239,13.405299999622477],[-68.119100000035189,13.398599999734772],[-68.059699999614082,13.398400000025257],[-68.020099999932199,13.400400000122715],[-67.945199999576616,13.402200000146308],[-67.881500000147327,13.399799999742481],[-67.841899999567133,13.397500000148526],[-67.797900000419673,13.390900000130101],[-67.745099999646087,13.384300000014262],[-67.703400000239697,13.3691000002362],[-67.654999999829997,13.362499999855737],[-67.610999999784227,13.3579999997344],[-67.54510000017298,13.342800000422008],[-67.470399999833944,13.318900000379299],[-67.391300000029304,13.292899999858125],[-67.318799999872226,13.262599999705433],[-67.2221999999677,13.219399999987646],[-67.151899999992565,13.189100000334285],[-67.088199999664965,13.167400000121949],[-67.029000000158689,13.135100000113061],[-66.967500000013047,13.10049999982062],[-66.914799999696882,13.078900000327625],[-66.855499999733198,13.05509999981207],[-66.793999999587541,13.033399999766038],[-66.741300000169701,13.018199999957824],[-66.704000000228888,12.990199999966345],[-66.662299999924173,12.959999999797343],[-66.627299999724428,12.925500000154145],[-66.583499999695192,12.878199999625744],[-66.55499999958387,12.837299999735773],[-66.53530000020038,12.813600000055496],[-66.515700000375986,12.777100000337269],[-66.507000000105592,12.76199999966869],[-66.489400000446608,12.74910000006529],[-66.458700000153343,12.723200000382944],[-66.410499999760191,12.695099999629999],[-66.366600000171843,12.671299999972394],[-66.329199999773607,12.654000000120076],[-66.296300000196709,12.64099999959336],[-66.25239999971005,12.62359999967687],[-66.204000000198661,12.614800000428257],[-66.160000000152905,12.608199999937062],[-66.094099999643333,12.599300000362302],[-66.03020000019751,12.603399999874737],[-65.946599999571561,12.605199999916447],[-65.884999999866793,12.609200000318662],[-65.796999999775238,12.619599999835577],[-65.724299999601598,12.62359999967687],[-65.656199999808408,12.614699999684426],[-65.577100000003767,12.584299999846937],[-65.487000000187678,12.560300000180654],[-65.438700000235443,12.536500000331221],[-65.374999999907828,12.51050000024278],[-65.315800000401566,12.482300000059702],[-65.271800000355796,12.469300000172888],[-65.245500000426432,12.454099999767811]]},"properties":{"geogdesc":"COLOMBIA/VENEZUELA DEFORMED BELT THRUST FAULT","type":"CONVERGENT","OBJECTID":409}},{"type":"Feature","id":410,"geometry":{"type":"LineString","coordinates":[[-77.895900000145915,5.6973999998244338],[-77.78200000015805,5.6236999998248081],[-77.79770000010906,5.5139999996419613],[-77.81740000039089,5.4342000002055375],[-77.825000000121122,5.3976000003135862],[-77.824400000071492,5.3013999998380736],[-77.847400000177103,5.1711999998248874],[-77.878299999588592,5.1029999996936803],[-77.930799999888208,4.9846999998749837],[-77.971300000093677,4.8960000000343733],[-78.01089999977556,4.8554999995571348],[-78.079100000026173,4.7535000001246086],[-78.110200000352521,4.6784000000272616],[-78.132400000391954,4.5847000001462463],[-78.156599999698486,4.5164000001829079],[-78.192599999980928,4.4228999996702614],[-78.2164999997118,4.3613999999865118],[-78.245300000297078,4.290799999555774],[-78.287700000210535,4.2226999996944317],[-78.306999999560958,4.1633999999082523],[-78.32600000023406,4.1293000002157338],[-78.335699999688813,4.0950999997641819],[-78.359400000301463,4.0519000002399244],[-78.382999999558379,4.0086999998899193],[-78.394799999635978,3.9904999996311052],[-78.455499999715457,3.9205000000464008],[-78.480999999578671,3.9003000000028774],[-78.546199999581177,3.8349000002280986],[-78.602300000178516,3.7716000001230725],[-78.618699999738269,3.7466000004373003],[-78.639699999678442,3.7240999996589945],[-78.712399999852082,3.6220000000741055],[-78.752099999991387,3.5768000002476246],[-78.803800000224825,3.504300000383108],[-78.843900000397227,3.4360999999484632],[-78.900200000112804,3.3567000002366454],[-78.944699999750767,3.3000999996423266],[-78.99840000014963,3.2367000003219806],[-79.043000000245044,3.1709000001483054],[-79.068900000141312,3.1299999996188128],[-79.083100000417417,3.1073000004086331],[-79.144300000089103,3.0072999998527545],[-79.186600000443448,2.94370000033422],[-79.217499999854937,2.8822000002522139],[-79.255100000269721,2.8277000003994055],[-79.301699999632206,2.7757000004327335],[-79.34629999972762,2.7122000001797333],[-79.412499999812809,2.5915000004453606],[-79.436299999984556,2.5436999996220933],[-79.465000000112425,2.4705999996827255],[-79.477000000206587,2.4409999997966718],[-79.498800000212924,2.3770000002819112],[-79.520099999728771,2.3336999998505208],[-79.560100000342032,2.2745999998846038],[-79.648800000042328,2.1727000001664134],[-79.686099999983142,2.1342999999791483],[-79.760800000322178,2.0505999999609741],[-79.805799999552363,1.9617000002882443],[-79.835299999746368,1.8518000003542041],[-79.879699999825235,1.7974999998619794],[-79.924299999920649,1.7315999997087479],[-79.973399999939048,1.6726000001157328],[-80.057100000124137,1.5959999999317198],[-80.094600000081485,1.548300000321555],[-80.146900000364553,1.4343000003094353],[-80.189700000311092,1.3475999996640888],[-80.248499999784272,1.2542999998989768],[-80.290699999681195,1.1976000000548992],[-80.335499999793129,1.1248000000350031],[-80.380299999905063,1.0496999999021868],[-80.434400000337021,0.96550000028540617],[-80.474600000068506,0.89030000038392965],[-80.516900000422851,0.82890000007611786],[-80.557100000154335,0.75599999986842814],[-80.585800000282205,0.68750000005034995],[-80.605200000090065,0.62799999981698229],[-80.624300000322265,0.58239999985987845],[-80.654999999717205,0.52769999997998263],[-80.681099999630035,0.47520000001841967],[-80.71440000013834,0.40450000017005311],[-80.761700000007878,0.32020000005448412],[-80.792699999876817,0.24709999959792028],[-80.84910000004983,0.16300000022290095],[-80.872500000188495,0.1335000002900939],[-80.957000000439734,0.013099999621850062],[-81.016300000403433,-0.10549999986446873],[-81.048500000371604,-0.24300000037706382],[-81.103100000395742,-0.35250000044218965],[-81.124599999928122,-0.40269999976446325],[-81.146999999984089,-0.50129999974561401],[-81.166999999841579,-0.59760000004362646],[-81.205400000322513,-0.69810000031119901],[-81.236800000224505,-0.78729999964709829],[-81.26869999971872,-0.90640000011930499],[-81.293400000414067,-1.0072000002483101],[-81.313400000271557,-1.103500000323862],[-81.333499999688158,-1.1998000001767495],[-81.343699999633429,-1.2616999996201297],[-81.361500000207258,-1.3557000002078039],[-81.392999999668376,-1.4586999999805201],[-81.410499999768248,-1.5389000001026887],[-81.418399999972465,-1.5986000000756979],[-81.424599999586931,-1.6836000002243772],[-81.419000000022081,-1.7549999995772843],[-81.42969999955956,-1.8376999997856582],[-81.436199999647982,-1.9457000004360674],[-81.441800000111144,-2.0030999999885459],[-81.440699999570995,-2.0652000003007158],[-81.44650000005069,-2.1364000002027117],[-81.447900000166499,-2.2122999999486916],[-81.44619999957672,-2.2444999998197468],[-81.445299999951445,-2.3203999997845361],[-81.450799999957184,-2.3709000000812455],[-81.470599999798111,-2.4555999997161986],[-81.488600000388487,-2.565699999915652],[-81.511500000036676,-2.6917000003360219],[-81.531200000318492,-2.7671999995827523],[-81.546199999762436,-2.835899999872598],[-81.567999999768773,-2.9044999999042957],[-81.590399999824754,-3.0051999997176235],[-81.612300000288542,-3.078299999779099],[-81.637299999661209,-3.1973999999091922],[-81.656999999943054,-3.2704999999254531],[-81.679100000423361,-3.3574000003261406],[-81.704200000253493,-3.4788000000219714],[-81.740999999703774,-3.6136000001131667],[-81.746499999709499,-3.6686000003984973],[-81.764199999825905,-3.7625000000638478],[-81.774799999804287,-3.842699999827873],[-81.799200000025664,-3.9226000004022499],[-81.806599999739376,-3.9546000002258239],[-81.818500000274398,-3.9818999999169371],[-81.830799999944205,-4.0275999997626206],[-81.831600000010368,-4.0689000004063374],[-81.844600000187228,-4.1582000004402424],[-81.844800000203776,-4.1696999996533366],[-81.84099999988949,-4.20879999981645],[-81.839599999773696,-4.2593000002412715],[-81.837700000065723,-4.2800000001782772],[-81.829399999828425,-4.3237999996227341],[-81.821099999591127,-4.3697999996470536],[-81.829500000285847,-4.4568999998131957],[-81.841599999939106,-4.4957000000802587],[-81.84500000022031,-4.5530000000589057],[-81.860799999730432,-4.667400000234001],[-81.866800000226661,-4.7453000002163801],[-81.868200000342441,-4.8208999999599271],[-81.87019999960954,-4.9333000004006422],[-81.879600000386972,-5.0707000001969496]]},"properties":{"geogdesc":"SOUTH AMERICAN TRENCH","type":"CONVERGENT","OBJECTID":410}},{"type":"Feature","id":411,"geometry":{"type":"LineString","coordinates":[[-81.879600000386972,-5.0707000001969496],[-81.876000000089235,-5.1257000001493775],[-81.873500000331632,-5.2358000004085365],[-81.873700000348165,-5.2472999996338565],[-81.880599999571345,-5.3777999998550676],[-81.870999999675703,-5.4765000004231847],[-81.863799999978539,-5.5843000002877652],[-81.83460000025849,-5.7359999998502182],[-81.818199999800427,-5.8415999997585919],[-81.795300000152281,-5.9634000002129008],[-81.776500000394037,-6.0598000002803873],[-81.762399999677029,-6.1653999996831299],[-81.743700000376236,-6.2687000004307905],[-81.729300000083612,-6.3535999998821513],[-81.706400000435423,-6.4775000004394929],[-81.668199999971023,-6.6404999996255079],[-81.626299999649774,-6.7212999999921275],[-81.598199999571548,-6.808699999639499],[-81.529400000169616,-6.9219000003105959],[-81.483399999958436,-7.0346999998600985],[-81.448300000199566,-7.1152000001964488],[-81.391400000434359,-7.253299999600257],[-81.367899999838272,-7.3426999999565696],[-81.346899999898085,-7.4435999999561142],[-81.332299999588912,-7.5190999997106776],[-81.299800000045082,-7.620100000034526],[-81.275599999840225,-7.672999999832701],[-81.249400000368297,-7.7373000002688075],[-81.231799999810988,-7.7764000002799412],[-81.225499999739114,-7.8039000001247532],[-81.19690000006868,-7.865999999878138],[-81.166100000216304,-7.9326999999949033],[-81.137899999680627,-8.012899999962281],[-81.103700000445372,-8.1433999996823498],[-81.057700000234192,-8.2559000003939982],[-81.01150000000645,-8.3546999998526115],[-80.958700000131159,-8.4648999997098002],[-80.912600000360882,-8.5681999995832161],[-80.89969999974312,-8.6139000004396031],[-80.843899999619751,-8.6855000001194487],[-80.813200000224796,-8.7610999998770023],[-80.769499999754672,-8.8688000001651179],[-80.730100000089337,-8.9649999995644691],[-80.668100000351501,-9.0751999996327708],[-80.606400000189311,-9.1967000000851158],[-80.559799999928501,-9.2748000001046584],[-80.5088000002021,-9.3597999997964063],[-80.455699999852854,-9.4584000003453887],[-80.41839999991204,-9.5407999996182831],[-80.354100000433149,-9.6485999998149889],[-80.29209999979696,-9.7608000002990725],[-80.247899999734656,-9.8433000002336879],[-80.200999999898187,-9.9052999999533444],[-80.125999999983492,-10.051800000227489],[-80.070300000317545,-10.129799999687775],[-80.019600000166776,-10.230399999716719],[-79.930300000416878,-10.345200000247823],[-79.861199999642665,-10.443800000147602],[-79.816999999580332,-10.526099999608288],[-79.746299999572116,-10.660800000160624],[-79.672899999789735,-10.768400000156332],[-79.621799999605912,-10.850699999573481],[-79.586499999830508,-10.916900000323006],[-79.551000000038584,-10.97849999960261],[-79.526599999817179,-11.015099999668513],[-79.495300000372623,-11.054100000215122],[-79.475699999649891,-11.108599999591572],[-79.460700000205961,-11.160800000255042],[-79.438799999742173,-11.21309999996193],[-79.392099999922252,-11.283899999950687],[-79.3566000001303,-11.34100000010635],[-79.296500000100465,-11.432299999935053],[-79.220599999662156,-11.530599999859522],[-79.182899999688274,-11.589900000178979],[-79.142600000397664,-11.640299999789159],[-79.100399999602431,-11.706400000306401],[-79.062800000085971,-11.772400000066083],[-79.027300000294034,-11.829300000170511],[-78.989299999846182,-11.877299999584388],[-78.927100000091784,-11.975200000227977],[-78.88060000028841,-12.059400000236792],[-78.788900000339993,-12.169000000046241],[-78.708299999962151,-12.258199999809861],[-78.641299999810769,-12.342500000095527],[-78.583300000403739,-12.420000000053424],[-78.520899999734496,-12.508800000299212],[-78.445400000227622,-12.626900000152155],[-78.412400000193273,-12.694799999653851],[-78.376999999960447,-12.760599999709362],[-78.321700000327581,-12.858000000232213],[-78.266500000253814,-12.962199999807938],[-78.208899999981554,-13.061899999804391],[-78.152800000282511,-13.118900000189408],[-78.105799999988619,-13.171299999777789],[-78.045299999925675,-13.237299999786281],[-77.982999999713869,-13.332500000162359],[-77.951999999844929,-13.386799999830183],[-77.890000000107094,-13.490799999992477],[-77.798599999734336,-13.620000000210672],[-77.738000000112294,-13.677000000435694],[-77.659500000357269,-13.756600000306008],[-77.558500000088856,-13.858899999623961],[-77.511299999778416,-13.904500000201438],[-77.448800000448372,-13.98370000009176],[-77.399700000429974,-14.047099999829191],[-77.298799999720671,-14.151600000321453],[-77.224900000346111,-14.235399999885255],[-77.180100000234148,-14.283099999740717],[-77.085800000070719,-14.376100000206591],[-76.974199999823938,-14.520700000432473],[-76.902600000190446,-14.6065999998298],[-76.815099999691071,-14.694999999620904],[-76.756799999810099,-14.753900000264787],[-76.696600000221096,-14.832800000420377],[-76.642600000246603,-14.880500000123769],[-76.604300000223077,-14.91230000036823],[-76.527199999685536,-14.942600000286008],[-76.500200000147444,-14.969700000113603],[-76.451199999688143,-15.037200000075217],[-76.395799999597841,-15.127100000137739],[-76.371800000307857,-15.191900000062137],[-76.286700000006988,-15.284399999861414],[-76.192199999827011,-15.366000000318344],[-76.088499999784446,-15.44549999969291],[-75.989200000105782,-15.513700000231635],[-75.883499999897822,-15.606499999912089],[-75.834300000320283,-15.660499999907227],[-75.786800000434198,-15.688000000062436],[-75.721099999941174,-15.722299999991678],[-75.671799999906227,-15.776400000257917],[-75.611499999859817,-15.852699999854694],[-75.553699999571023,-15.937800000002536],[-75.495500000147459,-16.003000000207706],[-75.432399999869489,-16.052700000216081],[-75.353799999657056,-16.12709999995959],[-75.297499999941451,-16.172300000240142],[-75.220600000318782,-16.213400000344013],[-75.172999999975247,-16.236299999586382],[-75.093799999713198,-16.281900000090669],[-75.028599999710693,-16.340400000173879],[-74.959000000242611,-16.403500000228945],[-74.884800000394065,-16.47100000031956],[-74.808200000347043,-16.529700000395597],[-74.787999999574708,-16.549899999660813],[-74.67509999966957,-16.62679999994625],[-74.605199999727517,-16.676600000180919],[-74.451700000057784,-16.778400000094688],[-74.320900000019705,-16.873199999810339],[-74.194100000312446,-16.941499999953187],[-74.094799999735486,-17.009199999921112],[-74.002200000161793,-17.065799999669771],[-73.898700000135776,-17.153400000003014],[-73.790399999712776,-17.230000000373266],[-73.697400000106001,-17.271200000265658],[-73.597700000394283,-17.316900000005266],[-73.498100000241635,-17.371300000383449],[-73.442199999660829,-17.435999999800458],[-73.386299999978334,-17.500600000197217],[-73.318899999793885,-17.565400000040487],[-73.220400000181385,-17.674600000405853],[-73.13549999989705,-17.77460000007007],[-72.959600000171378,-17.90249999974224],[-72.849499999599502,-18.005099999959086],[-72.77760000039035,-18.072000000266037],[-72.685399999951429,-18.152299999647354],[-72.608900000361828,-18.212700000403117],[-72.56610000041529,-18.248400000054687],[-72.490100000417897,-18.339199999974845],[-72.42769999974864,-18.421100000368355],[-72.352000000225217,-18.52710000041851],[-72.261799999951705,-18.596299999752198],[-72.182300000113983,-18.621700000409596],[-72.116799999637522,-18.664200000246861],[-72.06109999997156,-18.737100000374951],[-72.014800000184707,-18.824999999580879],[-71.884899999771903,-18.968699999670651],[-71.867599999688565,-19.01689999992595],[-71.818699999686686,-19.089500000117901],[-71.794399999922746,-19.135499999907914],[-71.745299999904333,-19.19719999991041],[-71.687000000023332,-19.259000000130595],[-71.626400000401276,-19.314399999664236],[-71.59739999979945,-19.35390000014668],[-71.559499999809006,-19.402299999713534],[-71.514899999713606,-19.459499999973453],[-71.48619999958575,-19.512000000266635],[-71.453099999992304,-19.575500000155486],[-71.431700000019049,-19.653800000112426],[-71.399100000017796,-19.741000000141501],[-71.366500000016543,-19.826000000358153],[-71.314300000190912,-19.965300000176693],[-71.290500000019136,-20.032700000068306],[-71.260500000232923,-20.136899999618638],[-71.251199999912927,-20.247199999889517],[-71.230300000430162,-20.348899999624717],[-71.204300000076444,-20.42260000008865],[-71.189499999750709,-20.485400000147095],[-71.186300000384392,-20.556499999646636],[-71.185999999910422,-20.773899999658848],[-71.178600000196724,-20.864300000342602],[-71.185300000301666,-20.973700000046033],[-71.180499999904683,-21.079000000171483],[-71.172900000174451,-21.156299999883231],[-71.161300000113386,-21.267999999934041],[-71.149700000052306,-21.375300000164025],[-71.137699999958173,-21.461200000171331],[-71.141599999831556,-21.544500000379163],[-71.145699999721487,-21.636400000230683],[-71.153799999942237,-21.700400000051669],[-71.154399999991867,-21.730299999843389],[-71.179400000262874,-21.842999999743757],[-71.185799999893874,-21.932599999679756],[-71.187499999585313,-22.019999999974814],[-71.189200000175092,-22.109400000264895],[-71.184500000235516,-22.216000000194615],[-71.185100000285146,-22.360700000375779],[-71.181000000395215,-22.503099999667956],[-71.193900000114624,-22.579400000299838],[-71.232099999680713,-22.773900000338561],[-71.254600000194117,-22.870999999772703],[-71.277800000316262,-23.004000000078314],[-71.296099999583973,-23.122199999946361],[-71.28339999988107,-23.287299999955447],[-71.296899999650137,-23.392600000146583],[-71.298899999815561,-23.491700000366674],[-71.285099999572523,-23.605699999792552],[-71.302700000129832,-23.685500000236093],[-71.311800000433294,-23.796899999947165],[-71.318400000080842,-23.897700000316814],[-71.327999999976484,-24.038300000244103],[-71.341299999729003,-24.130400000308644],[-71.366399999559121,-24.241200000273341],[-71.386600000331455,-24.337199999957441],[-71.378700000127239,-24.513200000092386],[-71.379599999752514,-24.672099999989925],[-71.378999999702884,-24.757699999821636],[-71.374600000237294,-24.880900000138137],[-71.389300000105592,-25.04320000013529],[-71.412199999753753,-25.155199999755087],[-71.447300000410948,-25.308500000086283],[-71.482600000186338,-25.474100000285304],[-71.491800000048912,-25.588000000181154],[-71.465500000119533,-25.64649999967282],[-71.465500000119533,-25.64649999967282],[-71.465100000086466,-25.739699999627607],[-71.471899999750548,-25.849299999699195],[-71.473499999882875,-25.927900000158374],[-71.480600000020928,-26.053800000125616],[-71.496499999988472,-26.160899999638662],[-71.524499999609276,-26.300600000320344],[-71.566399999930525,-26.448200000208661],[-71.588900000443928,-26.544499999940292],[-71.637200000396192,-26.673200000118495],[-71.652199999840121,-26.847400000368545],[-71.660700000093968,-26.927199999884838],[-71.688200000122578,-27.041499999716091],[-71.734600000366854,-27.188000000335045],[-71.759700000196958,-27.29389999983276],[-71.789200000390991,-27.395500000288482],[-71.816500000403067,-27.501100000019534],[-71.833599999571533,-27.555900000327558],[-71.868900000245247,-27.600099999826952],[-71.88819999959567,-27.652700000239687],[-71.912100000224868,-27.701200000173678],[-71.946300000358434,-27.806400000303107],[-71.940600000336175,-27.865399999929647],[-71.939299999779521,-27.914200000016141],[-71.952699999989449,-28.005299999775964]]},"properties":{"geogdesc":"PERU-CHILE TRENCH","type":"CONVERGENT","OBJECTID":411}},{"type":"Feature","id":412,"geometry":{"type":"LineString","coordinates":[[-95.311800000086862,15.007100000371747],[-95.304800000406217,14.998100000104756],[-95.232399999808251,14.950800000013251],[-95.155300000169021,14.914699999731583],[-95.054899999950237,14.860600000216911],[-94.947399999593401,14.801999999788178],[-94.83289999955592,14.725299999805531],[-94.72549999965652,14.655299999888433],[-94.622700000137556,14.583100000426755],[-94.524599999659841,14.494999999912791],[-94.431099999562562,14.411400000346637],[-94.302699999722961,14.327800000015523],[-94.202199999945051,14.284800000212627],[-94.057399999647402,14.219299999735911],[-93.926599999609323,14.149200000308847],[-93.875199999849841,14.113000000007968],[-93.809799999830801,14.072199999737833],[-93.711700000251398,14.015700000418624],[-93.606600000093053,13.965900000368542],[-93.461799999795403,13.893400000302735],[-93.328599999558818,13.832300000267818],[-93.216499999719858,13.782500000028849],[-93.097400000200267,13.730399999582433],[-93.024999999602272,13.694100000175228],[-92.978299999782365,13.673699999744731],[-92.90349999988419,13.617000000391794],[-92.835699999666645,13.558099999596733],[-92.756300000286387,13.512700000321491],[-92.669900000327146,13.480999999817664],[-92.560100000229241,13.437899999740754],[-92.499400000149748,13.408400000194753],[-92.43870000007027,13.365199999836237],[-92.3663000003706,13.319799999781582],[-92.272800000273321,13.269899999866874],[-92.163000000175415,13.210899999956963],[-92.13029999971674,13.197299999954103],[-92.01120000019715,13.142699999794612],[-91.866399999899514,13.083699999610879],[-91.733300000120352,13.029200000027794],[-91.597800000142712,12.963299999963198],[-91.476300000424629,12.899600000318788],[-91.375900000205846,12.838199999572378],[-91.254399999589438,12.774499999961733],[-91.121299999810276,12.719899999998038],[-91.011499999712385,12.672200000411511],[-90.915699999874036,12.626700000193081],[-90.812999999914197,12.581100000285389],[-90.672799999996982,12.519699999792419],[-90.558400000416938,12.469599999786505],[-90.464999999878785,12.437699999564598],[-90.338800000221141,12.387600000232734],[-90.212700000122609,12.344400000278936],[-90.10299999958383,12.310200000013408],[-90.037599999564776,12.292000000236831],[-90.004900000004426,12.278300000193411],[-89.939499999985372,12.257800000238813],[-89.799300000068172,12.21000000034606],[-89.661500000349463,12.182699999928724],[-89.544800000130039,12.143899999946003],[-89.425600000153025,12.086899999611392],[-89.290199999734497,12.032200000127144],[-89.185099999576138,12.000300000365186],[-89.047299999857444,11.966099999694455],[-88.888500000198547,11.9091000002648],[-88.799700000040829,11.868000000065996],[-88.699299999822045,11.817799999641201],[-88.615199999603874,11.769800000350857],[-88.482000000265614,11.70130000011334],[-88.395600000306388,11.664800000143364],[-88.344199999648595,11.639599999844048],[-88.225100000129004,11.582499999973479],[-88.131699999590836,11.529999999604181],[-88.01719999955337,11.470499999798268],[-87.919099999973966,11.415700000330368],[-87.828000000075193,11.349299999659324],[-87.736900000176405,11.285299999647913],[-87.657499999897794,11.218900000323643],[-87.552300000180338,11.141100000240671],[-87.449600000220471,11.079299999566061],[-87.349100000442576,11.003699999837782],[-87.262699999585038,10.930400000000901],[-87.215900000205991,10.866200000146444],[-87.155200000126513,10.767600000265046]]},"properties":{"geogdesc":"MIDDLE AMERICA TRENCH, HONDURAS","type":"CONVERGENT","OBJECTID":412}},{"type":"Feature","id":413,"geometry":{"type":"LineString","coordinates":[[-99.940699999790553,16.236900000203011],[-99.779499999933165,16.194399999715852],[-99.662799999713741,16.15399999982418],[-99.524999999995046,16.107000000428521],[-99.361500000396589,16.046500000075135],[-99.20029999964089,15.974800000308841],[-99.04849999966261,15.902999999594831],[-98.878000000383551,15.835699999787222],[-98.742500000405897,15.793100000280948],[-98.595400000367192,15.734800000147601],[-98.495000000148394,15.698900000006544],[-98.32449999997101,15.640500000352036],[-98.168000000053183,15.602399999859058],[-98.032500000075544,15.575499999918199],[-97.918099999597203,15.548499999873881],[-97.840999999957958,15.512600000406961],[-97.766299999618923,15.481099999759603],[-97.626099999701722,15.420400000219139],[-97.511700000121678,15.382200000027652],[-97.364600000082973,15.339500000257836],[-97.224400000165772,15.301299999661515],[-97.100700000265718,15.278900000401263],[-96.976899999908269,15.260900000173418],[-96.848399999611246,15.254199999801402],[-96.706000000410398,15.254300000019704],[-96.626600000131802,15.256599999703173],[-96.591599999932058,15.263399999999224],[-96.395500000332362,15.274700000399479],[-96.225000000154964,15.288399999837003],[-96.126899999677249,15.288399999837003],[-95.951800000017727,15.272700000185331],[-95.79300000035883,15.234499999625154],[-95.662200000320752,15.194099999992163],[-95.557100000162407,15.139999999893821],[-95.466000000263605,15.090499999636762],[-95.388899999726078,15.054500000391169],[-95.325800000346405,15.018400000329878]]},"properties":{"geogdesc":"MIDDLE AMERICA TRENCH, GUERRERO","type":"CONVERGENT","OBJECTID":413}},{"type":"Feature","id":414,"geometry":{"type":"LineString","coordinates":[[-76.816400000247754,9.1680000002495277],[-76.814099999608374,9.1875000000242757],[-76.800700000296757,9.2439000003628244],[-76.789399999811337,9.3024999998116282],[-76.778100000224228,9.380600000013672],[-76.762299999815809,9.4738999998315805],[-76.746599999864813,9.5389000002635331],[-76.733199999654872,9.5908999997859201],[-76.715399999979354,9.6407000003452357],[-76.693100000380809,9.6969999999501812],[-76.675400000264403,9.7382000003506359],[-76.692799999906825,9.7751000003932216],[-76.70589999964281,9.8012000000129511],[-76.716800000095134,9.8251000003243156],[-76.723300000183542,9.8446000001152321],[-76.709899999973629,9.8921999998145527],[-76.691999999840675,9.9527999998915249],[-76.669799999801242,10.017700000243913],[-76.64530000002074,10.069599999935377],[-76.618699999617405,10.117200000424099],[-76.59869999975993,10.164699999579506],[-76.567699999891005,10.214399999947604],[-76.549999999774585,10.238100000143385],[-76.505799999712266,10.279099999821508],[-76.457200000184372,10.326499999942669],[-76.406500000033617,10.363100000046702],[-76.357899999607397,10.395400000312451],[-76.298399999627151,10.425400000302856],[-76.247700000374721,10.44679999977982],[-76.203700000328965,10.463999999697707],[-76.148599999814294,10.485400000410266],[-76.135300000061804,10.491799999877996],[-76.082399999729091,10.515399999742437]]},"properties":{"geogdesc":"ROMERAL DEFORMED BELT THRUST FAULT","type":"CONVERGENT","OBJECTID":414}},{"type":"Feature","id":415,"geometry":{"type":"LineString","coordinates":[[-76.224900000285686,9.0852000000340158],[-76.244500000110065,9.1286999998344367],[-76.259699999570557,9.1938999999663142],[-76.270400000006362,9.2635000001821002],[-76.274299999879759,9.3828999996108582],[-76.271600000105607,9.4979000003910024],[-76.26679999970861,9.5932999998413369],[-76.259600000011446,9.7256000000361293],[-76.25260000033083,9.8274999997977677],[-76.230000000258315,9.9509000001140304],[-76.209800000384305,10.043999999619365],[-76.187499999887436,10.117499999943545],[-76.160799999925004,10.201899999916041],[-76.140699999610092,10.260299999931441],[-76.118499999570659,10.316499999652223],[-76.096199999972129,10.39209999977769],[-76.091599999591665,10.426700000280631],[-76.080399999563681,10.467800000290513],[-76.075899999640669,10.497999999618321],[-76.071399999717656,10.526099999608288]]},"properties":{"geogdesc":"SINU TRENCH, WEST OF ROMERAL","type":"CONVERGENT","OBJECTID":415}},{"type":"Feature","id":416,"geometry":{"type":"LineString","coordinates":[[-76.069200000434009,10.526099999608288],[-76.022899999748859,10.53890000021514],[-75.937099999839262,10.54509999956703],[-75.866700000304988,10.555599999868731],[-75.789599999767461,10.555299999838436],[-75.710400000403709,10.56570000016867],[-75.642200000153082,10.574099999833932],[-75.58709999963844,10.582500000084288],[-75.53209999958122,10.597400000042049],[-75.459299999848469,10.625300000204234],[-75.402099999609305,10.646600000436184],[-75.362400000368311,10.663799999745503],[-75.309500000035612,10.687300000072906],[-75.254400000419281,10.704400000132962],[-75.230200000214424,10.712899999998688],[-75.194900000439034,10.725800000073015]]},"properties":{"geogdesc":"SINU TRENCH, WEST OF ROMERAL","type":"CONVERGENT","OBJECTID":416}},{"type":"Feature","id":417,"geometry":{"type":"LineString","coordinates":[[-75.197099999722681,10.725800000073015],[-75.181300000212559,10.814299999612437],[-75.163200000063057,10.928800000437054],[-75.147500000112046,11.017299999891556],[-75.125100000056108,11.090599999561926],[-75.107199999923139,11.181199999581342],[-75.09359999969665,11.256600000259994],[-75.077800000186542,11.34720000011659],[-75.055400000130561,11.452799999643005],[-75.044099999645155,11.532499999839429],[-75.037200000421961,11.599300000103314],[-75.01480000036598,11.683199999586838]]},"properties":{"geogdesc":"SINU TRENCH, WEST OF ROMERAL","type":"CONVERGENT","OBJECTID":417}},{"type":"Feature","id":418,"geometry":{"type":"LineString","coordinates":[[-75.01480000036598,11.683199999586838],[-74.891499999600725,11.70850000010971],[-74.809900000038482,11.746999999980664],[-74.708499999736986,11.804700000187436],[-74.576200000024016,11.866600000394698],[-74.485799999733942,11.900700000393197],[-74.406499999912782,11.9391000003522],[-74.340400000285001,11.964699999593389],[-74.238999999983491,12.011600000315722],[-74.172799999898288,12.052200000022783],[-74.10889999955414,12.084200000214475],[-74.000899999605124,12.126800000287906],[-73.932500000236274,12.156600000152118],[-73.833300000116736,12.20569999970829],[-73.782599999965981,12.231299999720967],[-73.740699999644733,12.250500000272389],[-73.696600000039851,12.269600000184887],[-73.685600000028387,12.280299999633895]]},"properties":{"geogdesc":"SINU TRENCH, WEST OF ROMERAL","type":"CONVERGENT","OBJECTID":418}},{"type":"Feature","id":419,"geometry":{"type":"LineString","coordinates":[[-73.685600000028387,12.28250000025036],[-73.656400000308352,12.411300000070906],[-73.631699999612977,12.529299999718129],[-73.600499999727518,12.636600000165599],[-73.569299999842073,12.730900000276497],[-73.544699999604148,12.810200000172481],[-73.528999999653152,12.874399999617118],[-73.522199999989056,12.938800000035364],[-73.513200000143016,12.968699999843103],[-73.506500000038059,13.009399999645533]]},"properties":{"geogdesc":"SINU TRENCH, WEST OF ROMERAL","type":"CONVERGENT","OBJECTID":419}},{"type":"Feature","id":420,"geometry":{"type":"LineString","coordinates":[[-73.506500000038059,13.009399999645533],[-73.438200000228321,13.013499999738254],[-73.332599999579472,13.032300000408219],[-73.209200000153402,13.057499999717875],[-73.112299999774919,13.091399999728445],[-73.030799999771801,13.125400000139209],[-72.907400000345746,13.161299999800333],[-72.812700000149206,13.1908999997751],[-72.695900000370685,13.224700000349378],[-72.610000000003652,13.26289999986426],[-72.532799999906999,13.299000000330576],[-72.451299999903867,13.322199999889376],[-72.361000000071243,13.334599999900238],[-72.235599999581453,13.342700000162436],[-72.118900000260354,13.363600000227162],[-72.030799999711363,13.386799999830183],[-71.920700000037826,13.409899999732799],[-71.814999999829851,13.426600000374295],[-71.713699999985778,13.445399999867849],[-71.636699999905659,13.45580000019087],[-71.526699999791234,13.453199999848335],[-71.421100000040681,13.446400000210799],[-71.2913000000853,13.450099999617128],[-71.168099999777453,13.45389999992825],[-71.044900000367932,13.455500000415833],[-70.928299999707647,13.46149999963176],[-70.815999999852139,13.461000000053128],[-70.708300000377065,13.454099999700093],[-70.640100000126438,13.451700000152165],[-70.57619999978229,13.460000000383539],[-70.497000000418552,13.468300000269938]]},"properties":{"geogdesc":"SINU TRENCH, WEST OF ROMERAL","type":"CONVERGENT","OBJECTID":420}},{"type":"Feature","id":421,"geometry":{"type":"LineString","coordinates":[[-87.148099999988446,10.758399999783087],[-87.143499999608025,10.74009999958427],[-87.07800000002986,10.657499999658802],[-87.00560000033019,10.584100000248421],[-86.937800000112674,10.508400000313136],[-86.860699999575118,10.430400000205456],[-86.800000000393936,10.345400000112079],[-86.741499999598105,10.262799999684134],[-86.67139999963949,10.157100000176992],[-86.610699999559998,10.067499999777244],[-86.514899999721678,9.9846999998242794],[-86.419099999883329,9.9043000001470816],[-86.316300000364365,9.8237999998678678],[-86.218199999886636,9.729600000250743],[-86.136400000307844,9.6559000000797486],[-86.040599999571199,9.5615999998639545],[-85.991499999552772,9.4764000003032187],[-85.979799999932595,9.4327000000799721],[-85.958799999992408,9.4050000000628984],[-85.858300000214513,9.2921999998990916],[-85.769500000056794,9.2115999996704474],[-85.636400000277661,9.1402000002446027],[-85.486900000040436,9.0803000003528105],[-85.356100000002343,9.0251000003597834],[-85.248700000102943,8.9881999997381836],[-85.080499999666614,8.9330000000611136],[-84.933399999627895,8.868499999694011],[-84.823600000428314,8.8223999997955644],[-84.730199999890147,8.7878000003124868],[-84.667099999612191,8.762500000101296],[-84.58069999965295,8.7256000004100223],[-84.517600000273276,8.6910000003184287],[-84.463899999874428,8.6495000003447249],[-84.391500000174744,8.6010000003498455],[-84.312000000337036,8.5411000004402027],[-84.218599999798869,8.4718000000537259],[-84.085500000019707,8.4094999998212963],[-83.996699999862003,8.365700000062704],[-83.889299999962589,8.3057000003842862],[-83.784100000245132,8.2387000001167596],[-83.693000000346345,8.1810000003969687],[-83.587900000188,8.1140000004431343],[-83.496800000289213,8.0562999997540885],[-83.375299999672819,7.9778000000749367],[-83.260900000092789,7.8923000000495813],[-83.193099999875258,7.8298000000687962],[-83.101999999976456,7.7327000000624198],[-82.99449999961962,7.6495000001554807],[-82.917399999980404,7.5846999996602866],[-82.835699999960724,7.5292000000363162],[-82.737499999923898,7.4459000001080407],[-82.63940000034448,7.3626000000804943],[-82.510900000047471,7.2770000002621797],[-82.396499999569116,7.2051999997278964],[-82.356800000328121,7.17279999977118],[-82.25399999991086,7.1079999998881798],[-82.118499999933192,7.0293000000899344],[-81.992399999834674,6.9575000002547114],[-81.866200000177031,6.9111999998261275],[-81.75179999969869,6.8673000002110394],[-81.639699999859715,6.8185999996767226],[-81.53220000040119,6.7816000003079937],[-81.469199999682331,6.7654000002766983],[-81.359399999584426,6.7307000001254114],[-81.265999999944569,6.7168000003589139],[-81.151600000364553,6.7123000001411404],[-81.023199999626627,6.70539999974027],[-80.894700000227914,6.6822999999323578],[-80.738299999869199,6.6544999997287881],[-80.595800000210929,6.6336999995854526],[-80.479000000432407,6.6267999995938949],[-80.327300000013253,6.6362000003985679],[-80.229200000433849,6.6617999996129882],[-80.107800000274878,6.7035999996237541],[-80.005100000315039,6.754700000196415],[-79.911699999776857,6.8103999997720566],[-79.832399999955697,6.854500000003525],[-79.766999999936644,6.8893000000868767],[-79.692299999597594,6.9125000001835843],[-79.58489999969818,6.9079000000131998],[-79.491500000058338,6.8940999995944736],[-79.393399999580623,6.8871999997931121],[-79.306999999621382,6.8894999998846842],[-79.201900000361348,6.9058000001408972],[-79.106200000082126,6.9128000003070689],[-79.026799999803515,6.9245000000705028],[-78.924099999843662,6.9315000003524094],[-78.839999999625519,6.9339000001390314],[-78.725600000045461,6.9247000001445489],[-78.690500000286619,6.9015000000684639],[-78.608800000266939,6.8691000002554707],[-78.538700000308353,6.8273999995609502],[-78.463900000410177,6.7670999999025048],[-78.398500000391138,6.6628000003315115],[-78.342399999793798,6.5678000003240742],[-78.276900000215633,6.4588000004420136],[-78.220900000075716,6.365999999905342],[-78.14839999991861,6.2569000000379873],[-78.08760000028002,6.175700000396442],[-78.029199999941596,6.0945000003645777],[-77.966099999663612,5.9899999999259279],[-77.926400000422632,5.8971999995883211],[-77.905300000025008,5.8251999997873698],[-77.891200000206339,5.7414999999893785],[-77.895900000145915,5.6973999998244338]]},"properties":{"geogdesc":"MIDDLE AMERICA TRENCH, PANAMA","type":"CONVERGENT","OBJECTID":421}},{"type":"Feature","id":422,"geometry":{"type":"LineString","coordinates":[[-82.510399999556952,9.6301000002602706],[-82.459799999863634,9.6233000003597908],[-82.402599999624456,9.6100999998684404],[-82.321299999637887,9.592400000261442],[-82.261999999674174,9.5769999998105124],[-82.193899999880983,9.5549999997360935],[-82.134599999917299,9.5309000003528261],[-82.075200000394474,9.5132999995742527],[-82.026900000442211,9.4979000003910024],[-81.971999999944117,9.4802999998025239],[-81.925900000173812,9.4627000001823838],[-81.87749999976414,9.4472999999460665],[-81.846800000369171,9.4363999997655679],[-81.809399999970935,9.4253999995942781],[-81.785199999766093,9.4188000002721921],[-81.756600000095673,9.414300000041175],[-81.719199999697437,9.4271999999059144],[-81.675100000092556,9.4551999995956493],[-81.628800000305688,9.4789000002879256],[-81.604499999643423,9.4895999996840601],[-81.553800000390993,9.5153999997484284],[-81.514199999810813,9.528299999904025],[-81.459100000194482,9.5323999996767323],[-81.382100000114363,9.5364000001822777],[-81.324800000316074,9.5578999998156107],[-81.267499999619474,9.5879999997158425],[-81.238800000389929,9.6118000004377766],[-81.165999999758867,9.6592000001194123],[-81.112999999867043,9.7132000003218479],[-81.05550000005222,9.7801999997571372],[-81.01789999963745,9.8233999997892401],[-80.971500000291499,9.879500000184704],[-80.927199999771744,9.9465000000578421],[-80.896199999902819,9.9940999995712154],[-80.856299999746994,10.04810000042078],[-80.816500000048563,10.091199999952591],[-80.763500000156768,10.134300000317914],[-80.699599999812619,10.168699999693219],[-80.640000000273275,10.20739999970964],[-80.591500000304464,10.244000000340169],[-80.540800000153723,10.272000000143512],[-80.472500000343985,10.293300000340679],[-80.432800000204679,10.301799999640446],[-80.386599999976951,10.316800000281503],[-80.324899999814761,10.335999999559052],[-80.22580000015266,10.346400000172864],[-80.166399999731524,10.35269999982374],[-80.096000000197265,10.363199999588854],[-80.01670000037609,10.380200000142418],[-79.988099999807346,10.388700000415687],[-79.950599999850013,10.403700000085177],[-79.908799999986158,10.412199999562251],[-79.820700000335506,10.413999999653692],[-79.76359999965544,10.409400000069599],[-79.717299999868601,10.420100000167171],[-79.686399999558802,10.435100000152781],[-79.638000000047413,10.456499999897753],[-79.598299999908122,10.46930000040013],[-79.558700000226253,10.477799999959657],[-79.483700000311543,10.509999999788068],[-79.435299999901872,10.522699999696163],[-79.389000000115033,10.548500000435205],[-79.351500000157671,10.56779999999198],[-79.316200000382281,10.582800000033505],[-79.285300000072468,10.599999999994392],[-79.230199999557826,10.621400000284027],[-79.177500000139986,10.616800000143297],[-79.126900000446653,10.61880000034378],[-79.089399999590981,10.625100000083981],[-79.032200000250128,10.631399999659097],[-78.990400000386302,10.637699999870478],[-78.941900000417519,10.663399999567426],[-78.904399999561846,10.684900000105475],[-78.873500000150358,10.706400000265472],[-78.831500000269983,10.738599999645373],[-78.798500000235663,10.749300000385812],[-78.767599999925835,10.760000000391136],[-78.708299999962151,10.74890000007961],[-78.666500000098324,10.74009999958427],[-78.615999999964103,10.733399999571684],[-78.571999999918347,10.728900000336065],[-78.51479999967917,10.719999999818551],[-78.464199999985837,10.711200000215241],[-78.398300000374604,10.704400000132962],[-78.330100000123977,10.691199999938357],[-78.321399999853611,10.686800000246444],[-78.295000000365135,10.673699999639743],[-78.273099999901348,10.651999999975974],[-78.240299999883561,10.612999999558813],[-78.222700000224577,10.597700000416109],[-78.203100000400184,10.563099999966717],[-78.18119999993641,10.539200000337301],[-78.159300000370948,10.515299999669335],[-78.122000000430134,10.489200000019096],[-78.075899999761504,10.473899999828095],[-78.047199999633648,10.471600000254547],[-78.007700000409201,10.467100000053046],[-77.968099999829022,10.464800000390211],[-77.928500000147153,10.453800000237624],[-77.891200000206339,10.434200000094441],[-77.856200000006609,10.401600000163727],[-77.832100000259175,10.375500000217889],[-77.794800000318361,10.336400000274947],[-77.766399999766179,10.305999999942998],[-77.731300000007309,10.268999999574632],[-77.674400000242116,10.212500000250106],[-77.634900000119345,10.171200000082786],[-77.5998999999196,10.132099999922447],[-77.562700000436223,10.086399999780742],[-77.518900000406987,10.040700000299537],[-77.457600000277864,9.9733000000964704],[-77.413800000248642,9.9254999999808646],[-77.378800000048898,9.8841999996480787],[-77.361299999949011,9.8450999999323425],[-77.326499999765829,9.762500000087087],[-77.295899999929972,9.7104000002851656],[-77.267399999818664,9.6733999995616866],[-77.234599999800878,9.6276999999326236],[-77.190900000229064,9.5732999999661814],[-77.138300000370322,9.5102000000444207],[-77.090200000434621,9.4405000003828778],[-77.064000000064382,9.4056999995988626],[-77.022400000217075,9.3447000003093414],[-76.974300000281374,9.2924000004071683],[-76.941399999806166,9.2597000001597713],[-76.897599999776915,9.2182999999461916],[-76.86690000038196,9.18339999963632],[-76.851599999565721,9.1659999999987782],[-76.827499999818301,9.1419999997086734]]},"properties":{"geogdesc":"THRUST FAULT, PANAMANIAN PRISM","type":"CONVERGENT","OBJECTID":422}},{"type":"Feature","id":423,"geometry":{"type":"LineString","coordinates":[[-64.013399999585531,19.806600000073068],[-63.822700000432441,19.752199999606873],[-63.442500000428872,19.732699999914935],[-63.075800000194349,19.644100000275948],[-62.739099999746045,19.552299999868698],[-62.412400000124798,19.441700000225786],[-62.065899999764298,19.28679999983207],[-61.779300000315423,19.138299999845096],[-61.486100000320718,18.986400000176513],[-61.13289999985524,18.831100000306222],[-60.873000000368826,18.688500000396619],[-60.483399999587824,18.377799999717901],[-60.260299999551712,18.149399999627121],[-60.047200000342649,17.980899999972188],[-59.857500000373932,17.806000000261946],[-59.671199999788129,17.560899999966896],[-59.538199999568086,17.350700000143668],[-59.411999999910435,17.054099999592555],[-59.28600000026934,16.702699999610797],[-59.24650000014659,16.430899999922755],[-59.130500000434211,16.068800000184464],[-59.067699999731893,15.789699999707993],[-59.004899999927879,15.542300000261248],[-58.931999999737712,15.291300000331709],[-58.839099999690042,15.036799999680543],[-58.792599999886662,14.930399999828623],[-58.719499999679954,14.794800000287669],[-58.580000000269806,14.529999999663788],[-58.493499999853142,14.378000000125187],[-58.393899999700523,14.151499999883324],[-58.321099999967785,13.905400000222935],[-58.274899999740043,13.613699999684684],[-58.222499999897856,13.165899999730152],[-58.230099999628109,12.700999999975837],[-58.294300000446214,12.297299999867825],[-58.354999999627388,11.941999999788967],[-58.402399999954355,11.599200000337172],[-58.466399999857614,11.295299999764282],[-58.530199999744333,11.076100000394437],[-58.630599999963131,10.899500000407954],[-58.700899999938265,10.814500000040466],[-58.754400000320587,10.72610000012051],[-58.961499999931746,10.559300000311081]]},"properties":{"geogdesc":"GREATER ANTILLES TRENCH","type":"CONVERGENT","OBJECTID":423}},{"type":"Feature","id":424,"geometry":{"type":"LineString","coordinates":[[-68.766400000120669,19.485999999588266],[-68.755800000142301,19.489600000018211],[-68.748299999971167,19.49050000010898],[-68.742300000373248,19.493500000122367],[-68.735299999794307,19.495000000025097],[-68.725899999915185,19.498200000038945],[-68.715600000410802,19.502100000364354],[-68.706700000123888,19.50300000037663],[-68.693200000354835,19.503899999615761],[-68.676100000288045,19.506400000112588],[-68.659000000221255,19.508400000292273],[-68.642599999763192,19.512000000266621],[-68.6274000003027,19.516300000111684],[-68.610799999828117,19.519000000354172],[-68.595600000367639,19.522900000287635],[-68.580699999584468,19.526299999784786],[-68.568399999914661,19.527899999841797],[-68.55419999963857,19.529699999696106],[-68.534999999847258,19.531899999653142],[-68.521700000094739,19.534399999710924],[-68.513300000298329,19.536199999933849],[-68.502900000336524,19.538999999811121],[-68.495499999724487,19.541000000349268],[-68.489199999652598,19.541899999618916],[-68.481999999955434,19.54329999979652],[-68.47309999966852,19.542999999813158],[-68.463200000197219,19.543700000035727],[-68.452299999744881,19.545499999849913],[-68.437900000350538,19.551200000422394],[-68.429499999655832,19.553000000382578],[-68.414799999787519,19.557799999713822],[-68.394799999930044,19.563400000370816],[-68.386099999659663,19.564800000195746],[-68.37549999968131,19.566999999904315],[-68.360599999796463,19.57069999960823],[-68.348999999735398,19.571599999915467],[-68.335800000440315,19.571300000089376],[-68.319199999965733,19.572500000275085],[-68.302299999915476,19.575000000104325],[-68.285900000355738,19.577700000228955],[-68.26949999989769,19.57930000011013],[-68.251700000222158,19.580799999583867],[-68.237499999946067,19.581700000180536],[-68.2230999996534,19.583999999734186],[-68.209799999900895,19.585099999648005],[-68.185999999729148,19.585099999648005],[-68.164500000196753,19.585099999648005],[-68.140700000025006,19.585099999648005],[-68.119999999660479,19.587600000283238],[-68.114899999687836,19.58829999983606],[-68.092499999631855,19.591199999898162],[-68.065999999685957,19.591899999878486],[-68.049899999701864,19.592800000216577],[-68.032100000026347,19.59619999971061],[-68.013300000268117,19.598899999814222],[-67.987299999914413,19.600000000314928],[-67.971599999963402,19.60249999971958],[-67.954299999880078,19.60610000030962],[-67.937399999829822,19.607699999721348],[-67.922499999944975,19.608399999853706],[-67.90809999965235,19.609499999708721],[-67.895999999999077,19.610599999655768],[-67.883999999904916,19.611699999694341],[-67.871700000235123,19.613300000087602],[-67.863699999573484,19.613100000168718],[-67.854400000151799,19.611299999858556],[-67.837300000085008,19.61109999999066],[-67.825900000040463,19.613300000087602],[-67.816799999737029,19.615100000009097],[-67.808799999973701,19.61670000041471],[-67.802800000375754,19.618099999658732],[-67.796300000287331,19.620800000212075],[-67.790299999791117,19.625099999962433],[-67.780200000303253,19.6309999998963],[-67.771500000032887,19.635500000147761],[-67.758499999856028,19.640000000367543],[-67.748899999960358,19.643699999880383],[-67.734400000108593,19.64729999970325],[-67.718999999733256,19.649800000174711],[-67.704800000355476,19.651799999918939],[-67.697300000184342,19.653000000150506],[-67.688199999880894,19.652900000403537],[-67.677100000310332,19.652499999946272],[-67.666999999924158,19.651999999875837],[-67.655900000353611,19.650700000352792],[-67.644100000275998,19.648399999734394],[-67.637400000171027,19.646599999834052],[-67.629400000407699,19.643800000284227],[-67.619100000004977,19.639500000272644],[-67.60769999996046,19.635700000109164],[-67.599599999739695,19.632899999982385],[-67.589199999777875,19.62949999971741],[-67.579599999882234,19.627700000306035],[-67.574299999893043,19.626799999806575],[-67.558100000349839,19.630400000321011],[-67.538899999660231,19.635399999650613],[-67.521300000001233,19.638099999676275],[-67.511700000105577,19.641099999663801],[-67.498200000336524,19.641300000264341],[-67.488499999983432,19.642000000404153],[-67.476299999872737,19.643300000180076],[-67.462499999629728,19.643800000284227],[-67.451499999618278,19.644700000269413],[-67.436799999749994,19.647199999787979],[-67.428799999986651,19.648800000260536],[-67.422499999914777,19.651200000244454],[-67.411000000311134,19.655499999792415],[-67.396499999561073,19.658900000090874],[-67.382599999758938,19.662100000414675],[-67.372199999797104,19.664800000398976],[-67.362599999901448,19.666399999581376],[-67.351300000314353,19.666599999942534],[-67.335099999872853,19.667299999664614],[-67.325499999977183,19.667800000253301],[-67.315399999591023,19.668199999770561],[-67.308199999893858,19.66859999998151],[-67.298300000422543,19.668399999577858],[-67.286700000361463,19.667100000176756],[-67.277299999584031,19.665899999701736],[-67.264300000305511,19.663000000103512],[-67.253700000327143,19.660000000107971],[-67.245099999615874,19.657500000385951],[-67.235000000128025,19.654299999649023],[-67.228700000056136,19.652299999766683],[-67.217399999570716,19.649600000013606],[-67.211599999989346,19.649300000150586],[-67.196900000121047,19.648900000024785],[-67.18289999986149,19.649100000212311],[-67.172600000357093,19.648900000024785],[-67.1657999997947,19.648599999699091],[-67.159800000196782,19.647899999578197],[-67.156199999899044,19.6476999995871],[-67.152100000009114,19.6476999995871],[-67.140099999914952,19.650899999988813],[-67.132399999727284,19.653200000303482],[-67.118099999892067,19.656100000304718],[-67.106099999797934,19.659000000327307],[-67.09600000031007,19.662400000026306],[-67.083899999758501,19.66629999973021],[-67.066399999658628,19.670799999794415],[-67.059899999570192,19.672799999873337],[-67.041600000302481,19.676499999858351],[-67.029499999750897,19.679399999650524],[-67.013399999766818,19.683699999867493],[-67.006600000102722,19.684799999693823],[-67.000900000080449,19.68580000005392],[-66.985400000146001,19.690499999803023],[-66.978900000057564,19.692299999881282],[-66.968300000079196,19.695000000110234],[-66.957999999676517,19.698399999607538],[-66.948799999813929,19.701799999604784],[-66.942600000199462,19.703900000002108],[-66.933400000336903,19.706599999878541],[-66.923499999967262,19.710399999644387],[-66.915100000170852,19.712699999905698],[-66.906199999883938,19.714700000046872],[-66.896300000412623,19.716800000204866],[-66.88860000022494,19.718600000372348],[-66.880000000411997,19.719499999620815],[-66.865299999645401,19.724500000411592],[-66.859500000064017,19.727599999882926],[-66.850799999793637,19.732199999981162],[-66.846699999903691,19.734899999631697],[-66.843099999605968,19.736699999689844],[-66.837599999600229,19.736699999689844],[-66.817799999759288,19.737800000307239],[-66.799499999593266,19.734899999631697],[-66.785799999807665,19.73240000014248],[-66.77250000005516,19.730500000338029],[-66.760299999944465,19.729199999645633],[-66.744899999569114,19.72690000002196],[-66.737899999888498,19.724600000269422],[-66.723200000020199,19.723000000109053],[-66.714699999766367,19.72170000012839],[-66.69979999988152,19.719399999954558],[-66.683400000321797,19.716199999591701],[-66.664900000139198,19.711899999779565],[-66.651899999962353,19.708300000006503],[-66.639099999802028,19.704900000289349],[-66.624900000424248,19.702800000331958],[-66.617000000220045,19.701400000270308],[-66.610500000131623,19.700099999756059],[-66.608299999949651,19.700099999756059],[-66.603699999569216,19.701200000228052],[-66.592899999574314,19.70530000017634],[-66.58569999987715,19.708699999848434],[-66.578199999706015,19.712099999974878],[-66.570500000416658,19.71410000000963],[-66.56020000001395,19.716800000204866],[-66.543299999963708,19.722699999881197],[-66.537500000382323,19.724299999662605],[-66.531200000310434,19.726099999928991],[-66.527399999996149,19.7271999999755],[-66.521600000414779,19.729100000129904],[-66.510499999945907,19.727000000069044],[-66.497000000176854,19.7271999999755],[-66.480700000176228,19.724700000064644],[-66.467400000423723,19.72290000009567],[-66.446199999568677,19.721299999828371],[-66.431099999667296,19.719300000225719],[-66.423800000411021,19.717000000190747],[-66.4124999999256,19.714499999720864],[-66.407700000426942,19.712699999905698],[-66.401699999930713,19.712699999905698],[-66.39659999995807,19.71410000000963],[-66.389200000244358,19.717199999926407],[-66.382900000172469,19.718999999818287],[-66.375199999984787,19.722199999941278],[-66.367499999797118,19.721100000148628],[-66.348900000055437,19.716100000398121],[-66.329900000280659,19.711700000179789],[-66.320999999993731,19.705600000069463],[-66.306599999701106,19.701300000280405],[-66.292800000356394,19.696800000334012],[-66.283700000052917,19.693999999696942],[-66.277699999556688,19.69160000028214],[-66.274599999749483,19.690399999769141],[-66.267800000085387,19.688100000359597],[-66.264700000278154,19.687200000386419],[-66.260299999914253,19.68629999958398],[-66.255300000399046,19.686100000128437],[-66.2541000002998,19.691300000362784],[-66.253399999792734,19.694499999838751],[-66.25379999982583,19.700199999650099],[-66.253599999809296,19.706499999756112],[-66.254799999908542,19.712199999978747],[-66.25550000041558,19.714400000309698],[-66.257899999715761,19.717400000257506],[-66.264900000294702,19.72239999993581],[-66.270000000267345,19.727599999882926],[-66.270000000267345,19.727599999882926],[-66.271899999975332,19.73459999976356],[-66.272399999567511,19.738499999752761],[-66.27259999958406,19.743899999948113],[-66.271600000399673,19.748699999810583],[-66.271099999909154,19.751200000251472],[-66.270200000283879,19.75229999987409],[-66.264900000294702,19.757099999865094],[-66.261000000421305,19.759599999727019],[-66.252799999743118,19.765900000065379],[-66.247000000161762,19.770900000006311],[-66.240999999665505,19.776800000298866],[-66.236200000166846,19.781500000210062],[-66.232100000276915,19.786300000161233],[-66.23090000017767,19.787400000204283],[-66.21959999969225,19.788300000274621],[-66.20830000010514,19.791000000395609],[-66.195499999944843,19.794200000230738],[-66.173800000395914,19.796400000207377],[-66.156700000329138,19.800099999596682],[-66.143700000152279,19.802300000006426],[-66.122799999771203,19.805300000260313],[-66.098400000448137,19.808000000213649],[-66.084000000155484,19.810699999978659],[-66.074099999785858,19.811399999604316],[-66.06349999980749,19.811800000421876],[-66.055599999603274,19.812500000277016],[-66.044000000440533,19.816600000212695],[-66.030099999740088,19.817499999941543],[-66.015799999904871,19.81809999974752],[-66.00330000021853,19.819300000172429],[-65.999200000328599,19.819500000066888],[-65.98480000003596,19.821999999912173],[-65.972300000349591,19.82219999979003],[-65.951100000392884,19.823300000113083],[-65.937799999742055,19.825800000191581],[-65.924600000446972,19.82620000027298],[-65.907199999906226,19.8276000002347],[-65.891299999938681,19.826900000105461],[-65.872999999772631,19.827099999732688],[-65.855899999705841,19.828199999943482],[-65.840500000228801,19.828000000010565],[-65.82289999967152,19.827799999825963],[-65.810699999560825,19.828000000010565],[-65.794999999609828,19.827799999825963],[-65.779600000132788,19.827299999953283],[-65.770699999845874,19.827299999953283],[-65.756199999994109,19.827099999732688],[-65.748800000280397,19.827299999953283],[-65.735800000103552,19.827299999953283],[-65.725200000125184,19.828900000261317],[-65.710700000273434,19.83160000000284],[-65.699199999771466,19.834499999942402],[-65.689999999908892,19.837000000405222],[-65.678900000338345,19.839000000158752],[-65.672200000233374,19.84060000007835],[-65.657300000348528,19.843799999715429],[-65.650499999786149,19.845099999813797],[-65.638200000116356,19.848499999722282],[-65.623799999823703,19.853700000257103],[-65.608600000363211,19.857599999938436],[-65.596099999778531,19.859600000368648],[-65.580700000301505,19.861600000084326],[-65.573899999739112,19.863200000286625],[-65.564299999843456,19.864999999595788],[-65.557999999771567,19.866400000422392],[-65.553000000256361,19.867099999579931],[-65.541400000195296,19.868199999736795],[-65.533000000398872,19.869800000089523],[-65.524599999704151,19.871599999665776],[-65.515199999825029,19.873600000099103],[-65.50430000027103,19.876799999834741],[-65.496600000083362,19.878799999699815],[-65.485499999614476,19.882200000333849],[-65.471999999845423,19.885400000418002],[-65.462900000440285,19.889900000371878],[-65.45589999986133,19.89240000028542],[-65.447199999590964,19.895099999647897],[-65.440500000384304,19.897099999898661],[-65.434699999904623,19.899600000155598],[-65.426799999700393,19.902399999650147],[-65.417599999837833,19.90439999972903],[-65.409699999633617,19.905500000189498],[-65.401000000261547,19.906000000174441],[-65.38729999957765,19.90439999972903],[-65.379099999797774,19.902099999781054],[-65.366600000111433,19.89820000041621],[-65.357899999841038,19.894199999908032],[-65.350700000143874,19.892100000048348],[-65.340100000165506,19.8871000002781],[-65.327999999613937,19.881700000368909],[-65.316999999602501,19.878099999830468],[-65.308999999839159,19.876499999620993],[-65.296500000152818,19.87510000012605],[-65.287599999865904,19.874399999965132],[-65.280800000201822,19.874199999954762],[-65.272200000388878,19.872600000079856],[-65.260600000327798,19.869199999631746],[-65.250699999958158,19.86689999965321],[-65.240399999555478,19.865599999894485],[-65.22740000027693,19.863799999791738],[-65.216800000298562,19.864000000248847],[-65.205499999813156,19.862199999728286],[-65.196800000441101,19.862199999728286],[-65.189100000253418,19.862399999668483],[-65.167399999806179,19.858099999875186],[-65.149400000114113,19.853800000124867],[-65.135399999854542,19.849700000344182],[-65.123100000184749,19.846299999945611],[-65.112999999798575,19.843499999610962],[-65.103399999902919,19.84060000007835],[-65.094899999649087,19.837699999972905],[-65.086299999836143,19.834900000091853],[-65.083600000061978,19.834000000029224],[-65.07500000024902,19.833300000210816],[-65.058100000198777,19.831499999672634],[-65.038100000341302,19.828799999921824],[-65.022499999949417,19.828799999921824],[-65.003199999700684,19.828799999921824],[-64.986800000140946,19.82990000019479],[-64.972399999848292,19.83129999966842],[-64.959100000095773,19.831700000270111],[-64.943499999703889,19.83530000007897],[-64.932400000133327,19.83640000013099],[-64.916999999757991,19.836900000094417],[-64.906599999796171,19.839199999762823],[-64.898699999591955,19.840699999749329],[-64.885900000329954,19.835500000117342],[-64.868099999756112,19.833700000001883],[-64.847600000306443,19.832299999706827],[-64.834099999639079,19.830699999835204],[-64.817799999638453,19.829600000030542],[-64.800699999571648,19.828500000215854],[-64.772699999950859,19.824799999808747],[-64.754900000275327,19.824399999583953],[-64.738800000291249,19.824100000022344],[-64.723100000340239,19.823899999999991],[-64.712500000361871,19.824799999808747],[-64.70549999978293,19.825499999892351],[-64.693299999672249,19.827299999953283],[-64.685099999892373,19.828399999624629],[-64.678799999820498,19.828900000261317],[-64.673000000239114,19.828599999899073],[-64.661699999753694,19.825899999883791],[-64.636700000381026,19.821399999613821],[-64.624100000237235,19.821799999782673],[-64.616000000016484,19.820700000065411],[-64.600799999657681,19.819999999969887],[-64.588799999563534,19.819999999969887],[-64.574499999728317,19.820899999888727],[-64.565099999849195,19.820899999888727],[-64.558399999744239,19.819999999969887],[-64.552400000146307,19.819100000026364]]},"properties":{"geogdesc":"TRENCH, NORTH OF PUERTO RICO","type":"CONVERGENT","OBJECTID":424}},{"type":"Feature","id":425,"geometry":{"type":"LineString","coordinates":[[-64.542299999760132,19.820400000281193],[-64.531699999781779,19.819500000066888],[-64.513399999615757,19.819699999709741],[-64.488099999769076,19.822699999651377],[-64.463300000412943,19.824500000157091],[-64.443800000147647,19.826299999713498],[-64.42810000019665,19.828100000008479],[-64.412699999821299,19.829400000169695],[-64.401099999760234,19.82990000019479],[-64.383999999693444,19.830100000271251],[-64.36499999991868,19.832099999864681],[-64.34960000044164,19.832799999900654],[-64.331300000275604,19.833200000105666],[-64.313000000109568,19.832099999864681],[-64.292299999745026,19.831199999994404],[-64.270099999705607,19.83160000000284],[-64.2514000004048,19.831400000124514],[-64.237600000161791,19.829799999639604],[-64.217600000304301,19.826399999936136],[-64.19669999992324,19.824799999808747],[-64.179100000264242,19.821200000419566],[-64.156999999783935,19.816600000212695],[-64.132599999562558,19.813400000392836],[-64.109800000371806,19.811600000138856],[-64.084499999626843,19.811100000021259],[-64.068300000083639,19.811999999608265],[-64.050500000408121,19.810200000412355],[-64.031699999751581,19.808600000365814],[-64.025500000137114,19.808600000365814],[-64.013399999585531,19.806600000073068]]},"properties":{"geogdesc":"TRENCH, NORTH OF PUERTO RICO","type":"CONVERGENT","OBJECTID":425}},{"type":"Feature","id":426,"geometry":{"type":"LineString","coordinates":[[-70.897299999838708,18.219900000045364],[-70.760700000219245,18.159499999838477],[-70.620900000335126,18.029200000009443],[-70.544399999847215,17.911699999699994],[-70.511199999796347,17.832200000334701],[-70.458199999904537,17.682799999726328],[-70.305100000267899,17.507700000196525],[-70.138499999963898,17.408699999848782],[-69.935199999768713,17.315999999942115],[-69.741900000400591,17.258299999573644],[-69.465099999965616,17.200499999658984],[-69.228399999703029,17.174500000405821],[-68.911599999553076,17.145199999641417],[-68.644700000386024,17.144700000290154],[-68.427900000421801,17.137999999652575],[-68.247899999907872,17.089800000070763],[-68.071200000116008,17.063999999622212],[-67.860999999799347,17.08269999998053]]},"properties":{"geogdesc":"WESTERN PUERTO RICO TRENCH","type":"CONVERGENT","OBJECTID":426}},{"type":"Feature","id":427,"geometry":{"type":"LineString","coordinates":[[-67.860999999799347,17.08269999998053],[-67.690800000095905,17.101500000026849],[-67.400499999891878,17.161500000161613],[-67.070199999972886,17.192800000030129],[-66.759899999911397,17.243200000179055],[-66.496299999669802,17.268200000184677],[-66.242700000255269,17.325000000294814],[-65.965800000261169,17.369100000130306],[-65.772299999978202,17.375099999758394],[-65.475400000126626,17.371300000383435],[-65.255300000338622,17.377299999948104],[-65.058500000231874,17.373700000137948]]},"properties":{"geogdesc":"EASTERN PUERTO RICO TRENCH","type":"CONVERGENT","OBJECTID":427}},{"type":"Feature","id":428,"geometry":{"type":"LineString","coordinates":[[-72.905099999706351,19.960399999603801],[-72.621800000081251,19.856399999913144],[-72.388700000116401,19.661300000398409],[-72.162300000256508,19.469199999866827],[-71.952699999989449,19.213799999693002],[-71.816399999945631,18.961399999577118],[-71.676699999620624,18.797000000199112],[-71.48679999963538,18.667200000153105],[-71.343600000368383,18.581600000054429],[-71.137099999908557,18.435700000164452],[-70.987199999638264,18.296100000195356],[-70.897299999838708,18.219900000045364]]},"properties":{"geogdesc":"TRENCH THROUGH CENTRAL HISPANIOLA","type":"CONVERGENT","OBJECTID":428}},{"type":"Feature","id":429,"geometry":{"type":"LineString","coordinates":[[-75.094199999746266,21.051599999966722],[-74.864199999588649,20.979600000212258],[-74.697699999742085,20.888900000258388],[-74.434500000431882,20.726299999875675],[-74.064700000390147,20.51960000030498],[-73.764699999833027,20.406499999767927],[-73.384600000286881,20.358899999652195],[-72.974300000039676,20.36130000008751],[-72.70750000043175,20.335800000214842],[-72.400700000210549,20.269499999603898],[-72.053999999833508,20.221900000154925],[-71.697100000409506,20.205599999657423],[-71.316900000405937,20.151699999860931],[-70.97679999967643,20.091599999921314],[-70.633499999580593,19.996899999599883],[-70.370100000253871,19.927500000056543],[-70.119999999781314,19.876799999834741],[-69.859999999837484,19.810500000002691],[-69.673300000116896,19.750499999848515],[-69.473400000202915,19.655900000383316],[-69.293500000146395,19.57069999960823],[-69.096700000039647,19.529500000138341],[-68.869999999705797,19.497700000212077],[-68.766400000120669,19.485999999588266]]},"properties":{"geogdesc":"TRENCH BETW FLORIDA & S. CUBA/N. HISPANIOLA","type":"CONVERGENT","OBJECTID":429}},{"type":"Feature","id":430,"geometry":{"type":"LineString","coordinates":[[-68.837199999687996,10.114800000369216],[-68.73199999997054,10.015199999818812],[-68.666399999934967,9.926099999651008],[-68.594200000251831,9.8195999997134269],[-68.554900000145608,9.7565999999761281],[-68.517699999763934,9.700000000374601],[-68.463000000180656,9.6498999997673192],[-68.421299999875956,9.6193999995806312],[-68.383999999935142,9.5824000002194722],[-68.357799999564904,9.5409999997736357],[-68.329300000351907,9.5257000000277348],[-68.307300000328993,9.5212999999111165],[-68.241199999802902,9.5514000002407222],[-68.183900000004627,9.5771999999465649],[-68.095800000353947,9.5963000003740095],[-68.036300000373714,9.6569000000722269],[-67.985699999782085,9.6111000000394498],[-67.917500000429783,9.6151000003936762],[-67.862500000372563,9.6083999996157594],[-67.823000000249792,9.5973999999682196],[-67.761399999646727,9.5797999998528294],[-67.708799999787985,9.5470000003548083],[-67.675900000211087,9.5252000000304768],[-67.642900000176752,9.5055000004382659],[-67.601199999872037,9.4879999999957505],[-67.546199999814817,9.4856000001959231],[-67.460300000346081,9.5091000004014603],[-67.378800000342963,9.5390999997617332],[-67.330300000374166,9.5650000002876769],[-67.283999999689001,9.5865000001514868],[-67.231100000254642,9.6078999998961656],[-67.180499999662999,9.6207999999963825],[-67.134199999876145,9.6292000002541034],[-67.092400000012319,9.6356000000279813],[-67.041699999861578,9.6592000001194123],[-67.030499999833594,9.7069000002956649],[-67.00820000023505,9.7652999996704377],[-66.990399999661221,9.8150999997206849],[-66.968300000079196,9.8409999996169688],[-66.950599999962805,9.8560999998653944],[-66.930800000121863,9.8604000001346286],[-66.889099999817148,9.8428999998532518],[-66.840799999864885,9.8209999997859327],[-66.799000000001058,9.8078000003879033],[-66.75510000041271,9.7924999996854059],[-66.719999999755544,9.781500000290821],[-66.671699999803295,9.7509000003633979],[-66.636400000027891,9.7680999996069442],[-66.590100000241051,9.7830999998232464],[-66.532900000001888,9.7980000003767369],[-66.477800000385542,9.8237999998678678],[-66.409400000118396,9.8647000000693552],[-66.367499999797118,9.8862000000220434],[-66.358699999967641,9.8969999998762272],[-66.303499999893859,9.9250000003007077],[-66.241900000189091,9.9398999999233393],[-66.199999999867856,9.9570999999117831],[-66.133900000240075,9.9676000001511191],[-66.103100000387698,9.9717999997179696],[-66.017400000037213,9.9605999997934394],[-65.927199999763687,9.9494000002582208],[-65.845899999777117,9.9361000003478157],[-65.764500000231408,9.9314000002980638],[-65.687500000151303,9.935399999894555],[-65.628000000171056,9.9438999999618147],[-65.57520000029578,9.958799999891637],[-65.524599999704151,9.9629000003551234],[-65.478299999917311,9.973600000405229],[-65.43420000031243,9.9972000003890056],[-65.401099999820659,10.01440000017864],[-65.37020000040917,10.035999999973242],[-65.341500000281314,10.064000000104857]]},"properties":{"geogdesc":"EL TINACO THRUST FAULT, SOUTH OF CARIBBEAN MTNS,","type":"CONVERGENT","OBJECTID":430}},{"type":"Feature","id":431,"geometry":{"type":"LineString","coordinates":[[-75.355999999838986,-41.218700000035525],[-75.369600000065475,-41.291000000334833],[-75.382800000258868,-41.347800000231061],[-75.393000000204154,-41.382100000243128],[-75.399599999851688,-41.447500000258394],[-75.401300000441452,-41.505999999704457],[-75.39859999976899,-41.568000000200847],[-75.39599999955395,-41.631699999987262],[-75.402699999658921,-41.702000000151926],[-75.41159999994585,-41.767000000163392],[-75.415000000227025,-41.804599999743587],[-75.425800000221955,-41.859200000065499],[-75.433399999952186,-41.881400000019468],[-75.446099999655075,-41.922200000165169],[-75.456600000074332,-41.968200000153068],[-75.463300000179288,-42.034699999794192],[-75.459800000338973,-42.072300000249726],[-75.457299999683059,-42.138800000223156],[-75.461799999606072,-42.210300000080466],[-75.476999999964875,-42.259400000282085],[-75.490800000207898,-42.335700000320507],[-75.49499999965694,-42.395000000020062],[-75.504499999993484,-42.48139999995503],[-75.508900000357386,-42.550799999919171],[-75.518199999779085,-42.630099999729403],[-75.519399999878345,-42.667300000174905],[-75.527900000132163,-42.719499999904833],[-75.530900000380285,-42.741400000220196],[-75.559399999593296,-42.776399999825578],[-75.575299999560826,-42.845200000220103],[-75.57929999989166,-42.899100000005426],[-75.560399999675994,-42.956599999726386],[-75.559399999593296,-42.996999999983196],[-75.579699999924742,-43.058800000251956],[-75.590400000360518,-43.11059999971171],[-75.591900000035423,-43.159299999801064],[-75.589200000261272,-43.217899999841428],[-75.572100000194482,-43.256700000034286],[-75.561500000216128,-43.285400000118806],[-75.565200000072977,-43.330499999915006],[-75.627300000268264,-43.409599999697051],[-75.664000000159447,-43.485700000292979],[-75.681100000226223,-43.520499999760858],[-75.700900000067165,-43.566799999935732],[-75.739699999682884,-43.634399999729425],[-75.764000000345135,-43.680499999880205],[-75.798300000037841,-43.753000000241016],[-75.819200000418917,-43.83229999998489],[-75.826800000149149,-43.856999999948741],[-75.837400000127516,-43.901599999829813],[-75.849699999797309,-43.929499999733899],[-75.866999999880647,-43.968900000062582],[-75.865799999781402,-44.001999999705333],[-75.864900000156126,-44.046599999824657],[-75.858200000051156,-44.125999999786941],[-75.85470000021084,-44.157400000072514],[-75.849000000188582,-44.195400000107021],[-75.844300000249021,-44.26299999971566],[-75.841099999984365,-44.307400000097445],[-75.844199999791599,-44.332000000210307],[-75.861299999858389,-44.367900000298697],[-75.892600000201284,-44.413399999784374],[-75.90999999984372,-44.457400000063771],[-75.90220000009694,-44.500099999841503],[-75.894099999876175,-44.532999999986956],[-75.888199999837369,-44.562600000131013],[-75.875100000101398,-44.584099999707568],[-75.849800000254746,-44.653199999892472],[-75.855700000293567,-44.693999999781362],[-75.904000000245802,-44.769900000200728],[-75.932799999932769,-44.813500000303257],[-75.952399999757162,-44.850599999867882],[-75.967099999625475,-44.882899999879136],[-75.982200000425166,-44.925000000191091],[-75.995199999703701,-44.971999999947272],[-76.008300000337996,-45.022099999761565],[-76.016700000134392,-45.072300000228367],[-76.027100000096212,-45.107800000077141],[-76.032499999644514,-45.135299999998686],[-76.033400000168115,-45.16119999975286],[-76.032200000068869,-45.196899999938751],[-76.033000000135019,-45.219500000246448],[-76.011600000161764,-45.266799999859906],[-76.012200000211379,-45.284500000112835],[-76.00910000040416,-45.333100000283395],[-76.007700000288366,-45.360499999995824],[-76.006300000172573,-45.387999999905809],[-76.005199999632438,-45.421899999954157],[-76.00910000040416,-45.471799999798392],[-76.01919999989201,-45.502299999911635],[-76.025200000388239,-45.545599999973817],[-76.026300000030062,-45.579400000101529],[-76.024600000338609,-45.597100000033478],[-76.020699999566901,-45.619699999775015],[-76.012200000211379,-45.637499999855372],[-75.994500000094959,-45.658600000199783],[-75.974799999813158,-45.68619999979262],[-75.968699999757803,-45.708799999796391],[-75.967699999675091,-45.748899999731691],[-75.971299999972828,-45.78730000010632],[-75.974700000254032,-45.824100000019648],[-75.972799999647734,-45.839100000215112]]},"properties":{"geogdesc":"CHILE TRENCH","type":"CONVERGENT","OBJECTID":431}},{"type":"Feature","id":432,"geometry":{"type":"LineString","coordinates":[[-75.972799999647734,-45.839100000215112],[-75.971000000397183,-45.849800000269582],[-75.965199999917473,-45.881900000100174],[-75.941700000219697,-45.933399999822043],[-75.918300000081018,-45.988099999733251],[-75.909900000284622,-46.012099999967148],[-75.890699999594986,-46.053900000033671],[-75.873499999969084,-46.087600000301933],[-75.864900000156126,-46.105300000112841],[-75.832599999730533,-46.16950000005594],[-75.820199999603304,-46.207899999914673],[-75.814499999581045,-46.244500000091989],[-75.816000000154261,-46.288999999940117],[-75.812300000297398,-46.315999999969421],[-75.818400000352753,-46.363500000163853],[-75.832999999763615,-46.388599999941277],[-75.86479999969869,-46.449900000289198],[-75.903899999788365,-46.52519999978999],[-75.926699999877428,-46.589600000209479],[-75.937299999855782,-46.633600000285469],[-75.940700000136999,-46.668200000248191],[-75.946600000175806,-46.7060000000928],[-75.961900000093706,-46.753000000076099],[-75.983799999659183,-46.793499999837906],[-76.013499999869737,-46.860600000120193],[-76.034000000217731,-46.926299999791105],[-76.058200000422559,-46.965100000084114],[-76.102100000010921,-47.044299999765457],[-76.115500000220862,-47.103499999938798],[-76.1255000001496,-47.128399999781486],[-76.173400000068767,-47.191699999973203],[-76.237300000412915,-47.253099999800902],[-76.280399999935085,-47.308500000153714],[-76.319000000432581,-47.367100000120899],[-76.354900000257601,-47.411600000112124],[-76.38380000040199,-47.454699999970671],[-76.422100000425516,-47.503699999955927],[-76.493399999585037,-47.581700000216678],[-76.519900000429274,-47.620000000240211],[-76.567600000331893,-47.676600000144909],[-76.603999999749107,-47.736299999966931],[-76.640400000064645,-47.795899999828201],[-76.660100000346461,-47.837299999869153],[-76.677499999988925,-47.877100000251957],[-76.69689999979677,-47.910699999716492],[-76.711999999698151,-47.948899999761608],[-76.733999999721036,-47.991599999745588],[-76.749200000079838,-48.034400000036854],[-76.75940000002511,-48.06499999975572],[-76.772299999744561,-48.106199999927782],[-76.789900000301841,-48.151899999765213],[-76.811999999883852,-48.195999999705215],[-76.848000000166294,-48.244399999811321],[-76.863399999643335,-48.293099999949028],[-76.874599999671318,-48.352500000171069],[-76.890800000112847,-48.425400000138588],[-76.898999999892709,-48.463399999822265],[-76.915099999876787,-48.531700000056624],[-76.921300000389564,-48.578700000108981],[-76.94130000024704,-48.628499999857915],[-76.958299999856408,-48.655600000067587],[-76.975599999939732,-48.69170000017936],[-76.997300000386957,-48.724700000259055],[-77.016900000211365,-48.762300000181831],[-77.043000000124195,-48.786100000246982],[-77.07019999967882,-48.846199999894715],[-77.094900000374182,-48.8987000002111],[-77.119899999746863,-48.958699999753399],[-77.144400000425676,-49.003499999732099],[-77.166400000448576,-49.045299999791148],[-77.193800000019749,-49.108099999868237],[-77.194299999611943,-49.123100000055892],[-77.198299999942762,-49.171199999901717],[-77.199799999617682,-49.213199999718988],[-77.198999999551503,-49.256699999831248],[-77.205400000080814,-49.308999999756622],[-77.204499999557228,-49.347899999958649],[-77.208200000312388,-49.388200000118353],[-77.211799999711815,-49.426999999770032],[-77.211199999662185,-49.474800000134955],[-77.212300000202319,-49.506100000218972],[-77.204800000031199,-49.553900000138391],[-77.204100000422457,-49.5970999999169],[-77.193899999578861,-49.633000000098569],[-77.185499999782465,-49.656899999911246],[-77.179300000167999,-49.674800000001184],[-77.159999999919265,-49.71080000002447],[-77.147799999808555,-49.754000000264675],[-77.142099999786296,-49.789699999905849],[-77.136900000254556,-49.837199999804255],[-77.126999999884916,-49.880299999737382],[-77.124700000143847,-49.878800000011772],[-77.107499999619634,-49.976599999979143],[-77.099600000313742,-50.012199999760178],[-77.06959999962919,-50.068699999975635],[-77.057000000383752,-50.102699999797544],[-77.042000000041469,-50.130899999885735],[-77.011299999748218,-50.169599999868431],[-76.997999999995713,-50.181599999738992],[-76.973700000231759,-50.20550000009132],[-76.944800000087341,-50.230899999787816],[-76.929700000185974,-50.256099999820087],[-76.922099999557403,-50.30020000019239],[-76.916499999992581,-50.336899999805837],[-76.900699999584148,-50.40599999983138],[-76.897700000234337,-50.449899999953594],[-76.890400000079765,-50.5012000002734],[-76.881000000200643,-50.559699999741859],[-76.870899999814469,-50.59779999993625],[-76.862799999593705,-50.625599999779354],[-76.844199999852037,-50.681200000133117],[-76.833900000347626,-50.714799999745274],[-76.828099999867931,-50.745399999721208],[-76.818299999955741,-50.789099999810539],[-76.805899999828512,-50.826999999916609],[-76.797799999607761,-50.857500000263634],[-76.78489999988831,-50.880899999743811],[-76.774200000350845,-50.901300000003701],[-76.746399999848265,-50.953799999867762],[-76.729600000255459,-50.997500000005417],[-76.714900000387146,-51.033800000181515],[-76.695899999714058,-51.077399999974787],[-76.674600000198225,-51.122400000280294],[-76.658199999740177,-51.175900000269351],[-76.652200000142244,-51.199000000041408],[-76.597200000085039,-51.323299999978815],[-76.582599999775837,-51.363699999890677],[-76.566899999824841,-51.434099999797475],[-76.555200000204664,-51.490099999852589],[-76.53870000018749,-51.540300000260643],[-76.524200000335739,-51.581899999739605],[-76.498199999982049,-51.620799999814103],[-76.467899999721851,-51.671099999911775],[-76.448800000387962,-51.711200000207015],[-76.429199999665258,-51.738500000261453],[-76.414000000204751,-51.761500000061567]]},"properties":{"geogdesc":"CHILE TRENCH","type":"CONVERGENT","OBJECTID":432}},{"type":"Feature","id":433,"geometry":{"type":"LineString","coordinates":[[-76.414000000204751,-51.761500000061567],[-76.40580000042489,-51.787200000214277],[-76.401099999587018,-51.845399999919607],[-76.412299999615001,-51.900500000051288],[-76.414499999796945,-51.95999999975357],[-76.400800000011358,-52.02240000009045],[-76.395200000446536,-52.056299999985264],[-76.391899999724444,-52.091700000257596],[-76.380000000087719,-52.141199999802808],[-76.370200000175529,-52.185000000152577],[-76.355799999882876,-52.230200000035502],[-76.345500000378493,-52.259799999787489],[-76.337200000141181,-52.282400000013666],[-76.328800000344785,-52.30359999975007],[-76.325000000030485,-52.326100000235769],[-76.299900000200367,-52.389599999913585],[-76.28589999994081,-52.442999999961678],[-76.287900000106234,-52.496099999966326],[-76.280300000375988,-52.539500000196476],[-76.278300000210564,-52.606500000234384],[-76.277599999703526,-52.648300000091169],[-76.263200000309183,-52.693100000218465],[-76.25089999974108,-52.730800000116446],[-76.233700000115178,-52.761600000237415],[-76.214700000340414,-52.802100000135447],[-76.209000000318127,-52.835499999937497],[-76.190700000152106,-52.896699999786264],[-76.176600000333423,-52.945399999833995],[-76.164499999781839,-52.991099999891517],[-76.167999999622168,-53.021500000052043],[-76.178300000024876,-53.053100000123713],[-76.184099999606232,-53.08469999973407],[-76.183199999980957,-53.181100000057071],[-76.18489999967241,-53.225100000234328],[-76.168300000096124,-53.270700000214688],[-76.147599999731597,-53.327199999791979],[-76.131099999714422,-53.375399999906861],[-76.09479999985632,-53.444300000012277],[-76.070700000108928,-53.473300000007939],[-76.036000000383126,-53.522999999735767],[-76.000800000166862,-53.561600000250465],[-75.975399999862773,-53.616499999903034],[-75.963199999752078,-53.656100000015691],[-75.943399999911136,-53.675399999894147],[-75.91260000005876,-53.70849999975534],[-75.8932000002509,-53.739999999884851],[-75.86690000032155,-53.771500000141053],[-75.836400000044804,-53.812599999903732],[-75.816699999762974,-53.834600000045221],[-75.799999999729295,-53.878100000064428],[-75.761400000130109,-53.943500000071829],[-75.750600000135208,-53.96260000025849],[-75.690900000138413,-54.015999999967924],[-75.630899999667676,-54.064000000149392],[-75.582199999682359,-54.107699999771214],[-75.484199999662053,-54.177599999870246],[-75.432900000359993,-54.211900000196806],[-75.357100000379134,-54.26519999977765],[-75.265400000430716,-54.322699999962182],[-75.205500000417402,-54.371600000119557],[-75.174600000107588,-54.401500000126511],[-75.062500000268614,-54.461699999899267],[-74.99750000028267,-54.497199999822492],[-74.921199999811279,-54.536900000035388],[-74.833700000210229,-54.58199999981322],[-74.7394000000468,-54.629700000041112],[-74.658399999635861,-54.668000000255148],[-74.57980000032174,-54.706200000019024],[-74.485300000141763,-54.74850000024307],[-74.372699999812284,-54.797700000127392],[-74.248799999895695,-54.849499999745355],[-74.186200000108229,-54.887299999956646],[-74.147799999627296,-54.89969999999596],[-74.123800000337312,-54.930399999747053],[-74.063599999850013,-54.970700000244761],[-74.014600000289022,-55.005599999861325],[-73.978800000023114,-55.027100000212357],[-73.940999999591781,-55.0551999999307],[-73.903000000042255,-55.07810000005076],[-73.851499999825336,-55.10759999976905],[-73.786400000280267,-55.14000000020804],[-73.701000000403738,-55.183099999944631],[-73.595599999771437,-55.238100000080372],[-73.506100000004963,-55.289000000015299],[-73.45699999998655,-55.322300000164887],[-73.412599999907698,-55.35679999987449],[-73.384400000270361,-55.395000000240309],[-73.369399999928078,-55.422500000071985],[-73.338800000092235,-55.458099999805711],[-73.285400000167328,-55.496500000252979],[-73.222299999889358,-55.520700000138902],[-73.170300000080275,-55.539600000221853],[-73.1091999999677,-55.555900000228412],[-73.063900000263558,-55.568200000150078],[-73.023000000025021,-55.577800000249873],[-72.975700000155456,-55.596599999860835],[-72.924300000395988,-55.627099999824672],[-72.884099999766164,-55.653499999830075],[-72.837199999929695,-55.68259999980306],[-72.799099999922731,-55.703700000016404],[-72.751699999595758,-55.719899999843292],[-72.717700000377036,-55.728099999821879],[-72.706399999891616,-55.73340000017501],[-72.61570000002591,-55.755199999761423],[-72.557299999687487,-55.783099999911386],[-72.482899999822422,-55.811099999762412],[-72.433500000228349,-55.834999999852919],[-72.393099999581977,-55.856100000166798],[-72.350499999652001,-55.877200000043977],[-72.30119999961704,-55.903600000124037],[-72.229100000391355,-55.932799999956146],[-72.141500000332869,-55.976399999760659],[-72.049000000318301,-56.00960000017696],[-71.952200000397255,-56.049300000215496],[-71.950099999774409,-56.054500000231499],[-71.913900000373729,-56.065199999764438],[-71.782900000319117,-56.109099999903179],[-71.662799999818489,-56.14139999975724],[-71.569699999754306,-56.161700000125563],[-71.474400000406462,-56.180799999845298],[-71.372600000071898,-56.2127000002261],[-71.241499999559835,-56.254000000146256],[-71.180499999904683,-56.273799999987148],[-71.096900000177044,-56.302899999822856],[-70.995200000299903,-56.333500000136567],[-70.911300000098265,-56.354900000171078],[-70.830000000111681,-56.382599999909118],[-70.750100000240877,-56.443300000065562],[-70.662199999708449,-56.478600000097408],[-70.558899999698966,-56.52810000023441],[-70.493699999696474,-56.556700000015006],[-70.396800000216302,-56.594600000174715],[-70.349300000330217,-56.607800000130496],[-70.308400000091666,-56.61589999988302],[-70.251799999902119,-56.631799999983826],[-70.170200000339875,-56.651700000186089],[-70.092499999752704,-56.655200000228227],[-70.026200000108403,-56.659900000216247],[-69.971400000067717,-56.663100000142087],[-69.934799999735645,-56.663499999975251],[-69.847700000167677,-56.660799999807026],[-69.783500000247869,-56.659099999874904],[-69.733400000146744,-56.666099999818307],[-69.674300000199608,-56.676900000165531],[-69.620100000208538,-56.69519999978656],[-69.554900000206047,-56.724999999804062],[-69.455399999612524,-56.75390000012807],[-69.377699999923692,-56.758699999922527],[-69.273500000288934,-56.785099999805212],[-69.162199999617812,-56.807900000114898],[-69.035599999927086,-56.845900000129511],[-68.900000000390335,-56.888999999898772],[-68.777899999724312,-56.928099999993016],[-68.65150000005012,-56.972199999900809],[-68.563600000416002,-57.005800000196736],[-68.453099999811045,-57.044699999952719],[-68.322299999772952,-57.092399999785208],[-68.155199999876757,-57.150599999839102],[-68.067100000226091,-57.179000000154929],[-67.97229999957213,-57.20999999996102],[-67.845099999831788,-57.23650000009237],[-67.763999999861738,-57.267300000020718],[-67.648499999741574,-57.298500000002562],[-67.574200000333931,-57.329100000216812],[-67.468700000142519,-57.377400000122478],[-67.347099999966986,-57.427200000127286],[-67.261500000073937,-57.460299999853341],[-67.209399999807403,-57.474499999968828],[-67.105600000205726,-57.50910000005991],[-67.069500000364158,-57.521900000003349],[-66.976699999875621,-57.547600000085374],[-66.899400000219856,-57.56209999983674],[-66.803699999940633,-57.57189999980821],[-66.714899999782901,-57.585300000169738]]},"properties":{"geogdesc":"SOUTHERNMOST CHILE TRENCH","type":"CONVERGENT","OBJECTID":433}},{"type":"Feature","id":434,"geometry":{"type":"LineString","coordinates":[[-29.842299999999032,-54.948499999984776],[-29.71650000037447,-54.954700000032211],[-29.666099999799382,-54.959300000022004],[-29.567299999712912,-54.973799999765532],[-29.484399999594011,-54.992399999964036],[-29.342299999968823,-55.006199999892395],[-29.180500000061794,-54.99889999996185],[-28.953500000152289,-54.967100000238538],[-28.789999999655524,-54.943999999969293],[-28.710099999784735,-54.942999999779978],[-28.561999999663314,-54.937200000171003],[-28.381300000438976,-54.945299999971894],[-28.225700000146414,-54.955100000055957],[-28.092699999926374,-54.967800000171181],[-28.000599999944882,-54.987500000141672],[-27.908099999930293,-55.017800000224355],[-27.793999999925919,-55.075199999839022],[-27.661399999738972,-55.13869999997204],[-27.522900000411518,-55.177399999950921],[-27.388999999667906,-55.21349999986893],[-27.213499999975276,-55.263300000029609],[-27.091099999733604,-55.30070000023418],[-26.961600000252211,-55.340600000176508],[-26.833999999580463,-55.392200000215219],[-26.72269999980767,-55.434800000249133],[-26.609100000293775,-55.479899999926488],[-26.5602000002919,-55.503899999847114],[-26.485200000377219,-55.552000000233704],[-26.387000000340375,-55.608900000240148],[-26.264699999657825,-55.700000000235434],[-26.155099999576461,-55.756499999821756],[-25.950400000163807,-55.85140000021849],[-25.870999999885203,-55.896500000175294],[-25.793700000229421,-55.945399999762635],[-25.667000000081281,-56.029399999925467],[-25.540200000374014,-56.115699999887298],[-25.416400000016548,-56.185400000239298],[-25.259399999608192,-56.28490000009139],[-25.148899999901555,-56.363299999779322],[-25.033399999781384,-56.451500000192873],[-24.913199999721687,-56.544499999849698],[-24.825399999646663,-56.626400000107481],[-24.739100000144852,-56.724399999771435],[-24.593899999814141,-56.870200000174094],[-24.436399999813606,-57.033800000026233],[-24.341099999567437,-57.130600000092834],[-24.302600000425709,-57.178500000068397],[-24.220500000372944,-57.28370000011801],[-24.164199999759049,-57.374200000061506],[-24.117899999972209,-57.444999999818393],[-24.018000000243934,-57.594599999916291],[-23.963400000219803,-57.697799999820262],[-23.927700000411331,-57.786299999935977],[-23.921400000339432,-57.828800000200886],[-23.912500000052528,-57.876100000045909],[-23.894900000393534,-57.914699999969386],[-23.881500000183582,-57.960600000080852],[-23.867000000331842,-58.033000000122875],[-23.85999999975288,-58.09090000022416],[-23.851999999989555,-58.171499999830814],[-23.857799999570936,-58.247399999858416],[-23.870700000188702,-58.319500000024675],[-23.890799999605282,-58.383299999997888],[-23.897099999677181,-58.502799999949367],[-23.912500000052528,-58.567399999784811],[-23.96269999971274,-58.673699999938286],[-24.018699999852668,-58.751500000124615],[-24.070699999661798,-58.816000000203516],[-24.102499999596862,-58.871899999978304],[-24.143500000292828,-58.926599999816283],[-24.188199999947365,-59.001299999891295],[-24.231500000384404,-59.105100000167681],[-24.316100000194751,-59.205499999866973],[-24.411700000016559,-59.316300000150655],[-24.481100000366435,-59.399700000124632],[-24.541800000445921,-59.472399999779945],[-24.620300000200917,-59.555600000210568],[-24.705900000093997,-59.631599999871653],[-24.802900000031563,-59.70880000018655],[-24.891999999764959,-59.809900000125907],[-24.985600000319661,-59.910700000034232],[-25.073099999920689,-59.99630000021611],[-25.156400000072701,-60.071299999984404],[-25.259999999657833,-60.153299999862895],[-25.368399999639951,-60.229400000189166],[-25.457599999830734,-60.276800000073266],[-25.546899999580678,-60.321900000013862],[-25.656099999628946,-60.379599999946365],[-25.752700000431748,-60.414499999868596],[-25.858399999741405,-60.448399999908112],[-25.946100000257307,-60.478599999859611],[-26.062700000019298,-60.524900000038663],[-26.114299999795339,-60.543399999990797],[-26.19069999982581,-60.571199999779353],[-26.226700000108249,-60.582800000091851],[-26.27569999966925,-60.608000000038089]]},"properties":{"geogdesc":"SOUTH SANDWICH TRENCH","type":"CONVERGENT","OBJECTID":434}},{"type":"Feature","id":435,"geometry":{"type":"LineString","coordinates":[[-71.952699999989449,-28.005299999775964],[-71.985099999974153,-28.136600000028416],[-72.00719999955615,-28.211200000137922],[-72.049000000318301,-28.352200000171891],[-72.103499999885003,-28.55340000034359],[-72.159099999991867,-28.701800000140594],[-72.188699999744983,-28.804100000184338],[-72.201600000362731,-28.87630000038099],[-72.221699999779318,-28.964499999856098],[-72.22240000028637,-28.996599999833816],[-72.224200000435246,-29.083000000305894],[-72.236799999680699,-29.138999999968227],[-72.251399999989886,-29.182900000268855],[-72.285299999649482,-29.272600000357659],[-72.307099999655833,-29.328400000154364],[-72.304999999931312,-29.448600000382289],[-72.323799999689541,-29.582299999885933],[-72.339499999640537,-29.677900000111396],[-72.367100000126598,-29.793200000330177],[-72.425100000431911,-29.939699999967054],[-72.434100000277965,-30.043100000357299],[-72.454500000168537,-30.144099999775388],[-72.467399999887945,-30.213399999983828],[-72.469499999612466,-30.312599999918959],[-72.450800000311673,-30.400200000232836],[-72.44599999991469,-30.497300000250725],[-72.449899999788087,-30.572499999993045],[-72.465599999739084,-30.667099999724091],[-72.483499999872038,-30.759699999680677],[-72.495099999933117,-30.871999999891131],[-72.493400000241664,-31.114299999664798],[-72.526099999802014,-31.257200000084385],[-72.531300000232093,-31.392600000015758],[-72.535099999648068,-31.46500000037625],[-72.543900000375857,-31.555000000030809],[-72.550000000431211,-31.623400000105086],[-72.548699999874543,-31.672300000061778],[-72.529300000066684,-31.725400000057494],[-72.525600000209835,-31.768400000357079],[-72.5244999996697,-31.823100000075389],[-72.532500000331339,-31.873800000151181],[-72.551799999681762,-31.924200000152581],[-72.57169999998014,-31.997900000240637],[-72.577899999594592,-32.073800000375712],[-72.578899999677304,-32.120499999777266],[-72.582400000415916,-32.174899999833336],[-72.583199999583769,-32.211799999626855],[-72.581099999859248,-32.219599999946873],[-72.56789999966584,-32.246999999754387],[-72.539000000419776,-32.282399999783571],[-72.523699999603522,-32.315700000244796],[-72.531300000232093,-32.348600000047739],[-72.550300000006857,-32.385100000268167],[-72.581400000333218,-32.446700000088441],[-72.615399999551954,-32.537299999906764],[-72.63480000025811,-32.589200000211392],[-72.640100000247287,-32.625900000114122],[-72.660199999663888,-32.706800000029048],[-72.666299999719243,-32.778200000007509],[-72.667699999835008,-32.841900000298082],[-72.666400000176651,-32.888199999792342],[-72.660700000154392,-32.942299999839314],[-72.653100000424146,-33.01180000004814],[-72.653800000032888,-33.042600000373554],[-72.655099999691245,-33.1023000000352],[-72.662700000319802,-33.13869999965884],[-72.677200000171553,-33.175000000136407],[-72.690899999957153,-33.276700000076737],[-72.741000000058278,-33.375700000281597],[-72.744699999915127,-33.438899999775842],[-72.7695000001696,-33.52670000021898],[-72.780100000147968,-33.59539999964192],[-72.777899999965996,-33.597400000369674],[-72.77870000003216,-33.633700000217495],[-72.805600000011168,-33.713600000349452],[-72.843999999593777,-33.797000000216691],[-72.859100000393468,-33.859699999734346],[-72.888399999672629,-33.943199999779608],[-72.912700000334908,-34.01139999967549],[-72.952999999625519,-34.07740000031415],[-73.004699999858971,-34.139300000310946],[-73.072300000059968,-34.199100000022277],[-73.133099999698558,-34.260899999709096],[-73.189200000295926,-34.315000000035347],[-73.254200000281884,-34.361499999931965],[-73.291500000222683,-34.391200000063876],[-73.352200000302176,-34.44900000014448],[-73.399300000155193,-34.512700000039111],[-73.46049999982688,-34.591199999816872],[-73.505400000396236,-34.656699999835311],[-73.573900000222508,-34.755700000356448],[-73.633299999745319,-34.858500000346083],[-73.657800000424132,-34.929700000164118],[-73.677200000231977,-34.980299999891407],[-73.703999999753549,-35.053199999875822],[-73.732699999881405,-35.112899999645222],[-73.759599999860384,-35.189500000328039],[-73.781700000340706,-35.258600000132496],[-73.794899999635788,-35.335299999926214],[-73.79880000040751,-35.408200000314892],[-73.792799999911267,-35.447600000353283],[-73.794200000027047,-35.507400000092211],[-73.813300000259247,-35.544499999843097],[-73.828400000160627,-35.60779999990703],[-73.954900000292227,-35.84640000017508],[-74.047299999849372,-35.990099999979073],[-74.080899999933351,-36.058299999862058],[-74.111899999802262,-36.115399999704842],[-74.166699999842933,-36.214700000214108],[-74.207400000064965,-36.293699999710704],[-74.243600000363941,-36.376399999744322],[-74.281700000370932,-36.44419999983824],[-74.329400000273552,-36.534000000252973],[-74.349299999673605,-36.601899999791193],[-74.404499999747358,-36.718999999671865],[-74.434199999957926,-36.815999999673124],[-74.474399999689425,-36.977000000256972],[-74.513400000220003,-37.081000000146069],[-74.550900000177336,-37.221300000305661],[-74.562599999797513,-37.334400000348118],[-74.571599999643553,-37.427300000347721],[-74.580800000404437,-37.527399999797723],[-74.584100000228204,-37.571100000079412],[-74.595399999815299,-37.667299999920061],[-74.601200000295009,-37.719900000056136],[-74.60330000001953,-37.810600000247035],[-74.604399999661339,-37.857700000017864],[-74.612899999915186,-37.930100000271054],[-74.621400000169018,-38.002299999809892],[-74.630400000015072,-38.09260000004852],[-74.631099999623785,-38.121500000029613],[-74.63719999967914,-38.190000000106295],[-74.633499999822277,-38.227999999929438],[-74.641299999569057,-38.265700000039416],[-74.676899999818446,-38.324700000101842],[-74.737700000355346,-38.379600000137678],[-74.782899999602051,-38.458099999867606],[-74.823199999790987,-38.520399999725527],[-74.864300000046072,-38.614900000193508],[-74.879500000404889,-38.677500000181979],[-74.889599999892738,-38.716699999791345],[-74.883699999853931,-38.757999999813428],[-74.877999999831658,-38.808200000310585],[-74.881400000112876,-38.856400000130925]]},"properties":{"geogdesc":"CHILE TRENCH","type":"CONVERGENT","OBJECTID":435}},{"type":"Feature","id":436,"geometry":{"type":"LineString","coordinates":[[-74.881400000112876,-38.856400000130925],[-74.921199999811279,-38.896999999932206],[-74.954500000319598,-38.950100000349231],[-74.962799999658571,-39.014200000027003],[-74.961900000033296,-39.072999999941089],[-74.967200000022487,-39.103299999793094],[-74.982200000364728,-39.158199999713204],[-75.004299999946738,-39.22200000033525],[-75.019700000322089,-39.291099999923787],[-75.033499999666788,-39.395599999944196],[-75.041700000344974,-39.452300000116203],[-75.043899999628607,-39.544299999713736],[-75.045600000218371,-39.616799999914605],[-75.047400000367233,-39.689299999956447],[-75.046699999860181,-39.759900000058835],[-75.048900000042138,-39.851600000247608],[-75.050300000157918,-39.911400000133433],[-75.048599999568168,-39.93430000033532],[-75.045800000234905,-40.006500000333332],[-75.003699999897123,-40.00860000015701],[-74.999899999582837,-40.036799999783263],[-75.003000000288367,-40.061400000259596],[-75.012699999743148,-40.080600000221729],[-75.017500000140132,-40.089300000171221],[-75.034000000157306,-40.104799999918775],[-75.069200000373584,-40.132299999760349],[-75.09299999964702,-40.163500000281459],[-75.124200000430818,-40.212200000099273],[-75.141200000040172,-40.243499999667172],[-75.154200000217031,-40.295900000019451],[-75.165000000211933,-40.349999999795664],[-75.170900000250725,-40.395399999740931],[-75.181900000262175,-40.456500000055115],[-75.190100000042051,-40.500100000145324],[-75.198699999854995,-40.55759999996193],[-75.206699999618323,-40.595800000243656],[-75.212399999640581,-40.632400000273925],[-75.218200000120291,-40.6759000001095],[-75.219499999778648,-40.717700000028522],[-75.213700000197278,-40.754400000278672],[-75.210099999899526,-40.785800000000066],[-75.201700000103116,-40.81029999978135],[-75.193599999882366,-40.846999999786114],[-75.19239999978312,-40.883499999899108],[-75.200299999987323,-40.918100000329602],[-75.215100000313043,-40.950800000267073],[-75.248500000380474,-40.995400000187828],[-75.272299999653896,-41.02620000012837],[-75.291900000376629,-41.067499999736171],[-75.308699999969434,-41.09489999968627],[-75.333100000190839,-41.142999999674608],[-75.355999999838986,-41.218700000035525]]},"properties":{"geogdesc":"CHILE TRENCH","type":"CONVERGENT","OBJECTID":436}},{"type":"Feature","id":437,"geometry":{"type":"LineString","coordinates":[[19.89120000029498,38.076600000291727],[19.902400000322952,38.02039999966869],[19.925299999971116,37.968699999786374],[19.981199999653619,37.854700000238054],[20.018299999577884,37.754500000228468],[20.068399999679002,37.650600000040505],[20.10709999973561,37.570800000167331],[20.127200000050514,37.540699999874583],[20.138699999654158,37.518700000049343],[20.158700000409944,37.481699999706123],[20.188799999755279,37.422600000202095],[20.218000000373635,37.446799999746894],[20.244199999845602,37.462900000258045],[20.263100000061261,37.480099999961929],[20.299599999935889,37.509999999837945],[20.322600000041504,37.490299999724741],[20.341300000240622,37.463700000286686],[20.364300000346205,37.425400000343799],[20.401600000287015,37.35699999965076],[20.447500000040762,37.273399999774625],[20.483399999865778,37.215300000216963],[20.499200000274218,37.189700000176842],[20.512099999993655,37.169999999709816],[20.532600000341624,37.191900000291916],[20.542800000286931,37.20119999969846],[20.582199999952266,37.253199999657234],[20.602700000300231,37.277500000241048],[20.625799999964936,37.257699999857806],[20.645900000279848,37.234399999709623],[20.702199999995447,37.178500000075736],[20.735299999588879,37.148199999658594],[20.787199999838887,37.096900000071415],[20.856499999731309,37.038599999704765],[20.916999999794246,36.979000000328718],[20.94870000017022,36.942800000124855],[20.983300000336904,36.910100000058137],[21.018000000062678,36.890099999843407],[21.045799999666944,36.93080000019976],[21.096299999801126,36.890999999842364],[21.122199999697418,36.86060000006438],[21.155399999748308,36.831400000223127],[21.197300000069554,36.798499999974361],[21.252100000110236,36.755199999976227],[21.296799999764733,36.710600000359591],[21.324200000234242,36.690699999847659],[21.377600000159131,36.639099999777486],[21.420800000138748,36.596800000149052],[21.477099999854346,36.551000000321586],[21.630099999931836,36.425099999778134],[21.615400000063552,36.402899999952325],[21.609500000024745,36.379500000211337],[21.636899999595919,36.352399999964121],[21.660000000158959,36.339400000105805],[21.698999999791202,36.309900000015254],[21.749499999925412,36.263899999944414],[21.80149999973451,36.227300000006075],[21.862100000254873,36.178899999881224],[21.889499999826082,36.151700000238549],[21.92409999999273,36.120999999872936],[21.932800000263121,36.117399999844125],[21.95300000013712,36.099699999987187],[21.971700000336238,36.077300000044197],[21.993300000326062,36.056000000047973],[21.996299999675859,36.075999999955705],[22.002300000172092,36.096000000192468],[22.00530000042022,36.118299999723966],[22.022599999605212,36.109999999699554],[22.048599999958927,36.085199999837535],[22.083200000125608,36.043900000133299],[22.145199999863433,35.98710000010545],[22.413300000028034,35.70979999982027],[22.437700000249407,35.680100000274372],[22.480900000229024,35.621899999731674],[22.499600000428142,35.602899999832808],[22.511199999590907,35.594600000317762],[22.528499999674235,35.584999999829172],[22.540200000192723,35.602700000074258],[22.566199999648138,35.583699999804885],[22.583600000188884,35.571800000284064],[22.657100000428681,35.49920000027376],[22.683000000324974,35.473000000042731],[22.772500000091426,35.395500000058064],[22.827300000132109,35.351300000306601],[22.844600000215433,35.335800000219777],[22.918299999573481,35.28319999966093],[23.000599999642759,35.224599999967445],[23.093099999657344,35.170700000221714],[23.158099999643298,35.129900000298228],[23.186999999787687,35.111900000347667],[23.251999999773641,35.067599999711888],[23.316999999759595,35.021999999702047],[23.367600000351231,34.990800000101643],[23.38929999990015,34.982299999693502],[23.406599999983506,34.977500000246394],[23.404999999851171,34.95119999983509],[23.406399999966958,34.932099999723924],[23.433899999995557,34.923699999761631],[23.468500000162241,34.897200000251274],[23.497400000306627,34.876800000125435],[23.556599999812903,34.833500000000029],[23.609999999737791,34.795100000287349],[23.718399999719907,34.729999999774726],[23.811000000191918,34.685300000064053],[23.865899999791687,34.66230000031576],[23.946900000202628,34.623700000316887],[24.04530000025602,34.583699999640046],[24.072800000284619,34.569200000274634],[24.114699999707568,34.543800000028511],[24.161200000409249,34.567699999675163],[24.193200000360893,34.583099999758801],[24.213600000251439,34.594999999672957],[24.235400000257808,34.599700000278681],[24.28590000039199,34.570799999986626],[24.50420000003114,34.450999999850822],[24.55049999981798,34.429200000264252],[24.619900000167856,34.389300000322343],[24.663199999706563,34.35670000023277],[24.715200000413994,34.31919999979489],[24.734000000172234,34.31069999979934],[24.758699999969249,34.325000000274706],[24.808200000020761,34.357299999934369],[24.85309999969181,34.343900000068743],[24.892199999781507,34.343700000321213],[25.000900000237589,34.33120000019337],[25.047299999583519,34.328700000368677],[25.156000000039604,34.324599999935955],[25.244499999723359,34.318200000082761],[25.279200000347462,34.30609999975313],[25.376299999844154,34.288800000077508],[25.44870000044213,34.282499999703113],[25.509599999639864,34.270200000158681],[25.557399999999916,34.259199999695213],[25.561600000347259,34.244800000114161],[25.560000000214956,34.219500000225672],[25.555599999851033,34.208600000035261],[25.54379999977342,34.171299999803864],[25.534999999943938,34.15329999977569],[25.566900000336457,34.162800000230838],[25.595999999599066,34.168699999867748],[25.633699999572968,34.178199999840615],[25.70770000030328,34.181500000321684],[25.781700000135263,34.192100000211212],[25.864499999796756,34.210999999741183],[25.97639999961919,34.249100000154961],[26.017099999841189,34.270599999803714],[26.086900000224162,34.308899999725568],[26.175700000381852,34.360200000107717],[26.267299999872826,34.404399999756613],[26.370599999882327,34.467600000349208],[26.456500000249342,34.516500000012478],[26.520500000152595,34.551099999881195],[26.585900000171645,34.584399999819873],[26.600499999582507,34.590300000100875],[26.615200000349127,34.623799999646494],[26.62260000006285,34.65499999963356],[26.646000000201525,34.694399999741179],[26.65760000026259,34.689599999818931],[26.702600000391058,34.702600000326115],[26.757900000023955,34.73469999985857],[26.839499999586174,34.790600000152608],[26.923900000278309,34.851200000221809],[27.009900000204446,34.921400000023766],[27.081299999821422,34.976100000222409],[27.142399999933971,35.015200000367365],[27.209400000085356,35.056700000155686],[27.282100000259003,35.094499999949619],[27.319899999791996,35.113400000203228],[27.331400000293936,35.099099999906919],[27.336999999858772,35.068100000159909],[27.342600000321944,35.021599999643179],[27.345300000096071,34.991699999886301],[27.339099999583297,34.929700000164104],[27.337399999891868,34.880699999913389],[27.328299999588417,34.812600000202686],[27.320600000299056,34.733599999937283],[27.320499999841633,34.720499999718477],[27.327599999979689,34.69290000035415],[27.368300000201689,34.708299999772741],[27.397400000362623,34.732099999670154],[27.480400000040635,34.77970000021412],[27.51380000010807,34.796300000305763],[27.612699999753644,34.850899999942577],[27.694199999756769,34.89359999988838],[27.756800000442531,34.930399999985035],[27.82080000034582,34.966000000255661],[27.88770000003975,34.996700000086371],[27.969099999585456,35.038200000185036],[27.98340000031898,35.008299999823826],[28.007999999658569,34.990299999788604],[28.038200000359659,34.945999999837255],[28.070299999870397,34.978100000290887],[28.118300000246993,35.008900000009426],[28.180900000034455,35.057599999805504],[28.246500000070053,35.109800000164448],[28.32670000041481,35.177399999702175],[28.363099999832045,35.203399999940693],[28.319800000293302,35.240500000130254],[28.288099999917328,35.285799999973683],[28.246399999612631,35.333499999637951],[28.220499999716338,35.376399999686704],[28.167299999807994,35.456100000331496],[28.0924000003507,35.538199999706826],[28.057800000184052,35.570399999986712],[28.005899999934048,35.614399999641549],[28.067099999605752,35.679300000196179],[28.119799999921913,35.747599999882183],[28.148999999641937,35.785299999887656],[28.18700000008981,35.834799999656333],[28.249799999893821,35.912500000125206],[28.319899999852428,35.99830000009343],[28.379900000323182,36.082799999737944],[28.445599999917871,36.170799999742194],[28.483699999924834,36.222400000331227],[28.539300000031698,36.30790000025857],[28.603699999968015,36.408500000305409],[28.635899999936207,36.467000000279015],[28.653499999595169,36.494999999704774],[28.685600000004232,36.533500000048654]]},"properties":{"geogdesc":"HELLENIC TRENCH, SOUTH OF GREECE","type":"CONVERGENT","OBJECTID":437}},{"type":"Feature","id":438,"geometry":{"type":"LineString","coordinates":[[28.685600000004232,36.533500000048654],[28.718800000055126,36.507600000184411],[28.748999999857883,36.46419999979733],[28.848499999553066,36.37469999997063],[28.936400000085506,36.280500000103018],[28.994099999916866,36.22979999970137],[29.106799999805453,36.156400000349478],[29.222400000383072,36.080699999809639],[29.28300000000511,36.039199999699463],[29.414499999651937,35.956200000318525],[29.548899999987764,35.877899999805216],[29.677499999843917,35.79709999971071],[29.751099999642804,35.745999999659624],[29.846500000346392,35.680500000224555],[29.953399999755298,35.615000000234083],[30.015499999950574,35.569799999677031],[30.068800000316344,35.511499999740167],[30.132099999712533,35.431800000148115],[30.197200000155945,35.39350000009901],[30.243400000383662,35.357699999815971],[30.384899999959242,35.26439999969476],[30.497599999847829,35.196100000106277],[30.608800000061528,35.119499999793618],[30.70559999998255,35.052400000222363],[30.806699999810103,34.982800000291348],[30.884699999972909,34.932300000323032],[31.097200000030643,34.810800000315496],[31.156499999994342,34.782999999925806],[31.286600000423704,34.722600000261885],[31.480499999841449,34.653599999975285],[31.557200000345922,34.619700000025688],[31.623700000006792,34.579899999962997],[31.698899999938018,34.553199999740016],[31.827699999810687,34.498700000018275],[31.940599999715815,34.468199999694427],[32.082500000222794,34.426800000222102],[32.157700000154023,34.39650000021377],[32.211199999638033,34.373400000351417],[32.312599999939522,34.345299999778931],[32.379200000057814,34.336600000295363],[32.453100000330707,34.326700000287275],[32.667599999655536,34.297000000327181],[32.808199999605847,34.286800000172903],[32.937200000393354,34.283900000190222],[33.108299999722064,34.279599999797206],[33.138799999998781,34.278300000097481],[33.232999999704802,34.281500000134557],[33.330399999675492,34.317200000327631],[33.44820000043503,34.370899999683587],[33.51209999988086,34.394700000301967],[33.563000000048135,34.412500000218827],[33.632699999973646,34.428999999681793],[33.715499999635149,34.455100000002361],[33.799700000310736,34.479999999837375],[33.889800000126826,34.507299999661825],[33.962500000300437,34.539400000241926],[34.078700000029372,34.567699999675163],[34.164400000379842,34.593799999775577],[34.225400000034995,34.618699999953613],[34.270600000180011,34.646100000137096],[34.319999999774076,34.662699999908135],[34.34469999957112,34.681700000363193],[34.36519999991912,34.704400000250907],[34.41770000021873,34.766500000091916],[34.497699999648646,34.810400000081884],[34.573400000070386,34.854299999750218],[34.644700000128239,34.893499999652427],[34.769800000144073,34.964699999973028],[34.860000000417557,35.016800000061252],[34.916799999725342,35.051200000020977],[35.018600000059926,35.110400000069944],[35.07689999994092,35.15420000014047],[35.164200000423726,35.207500000034599],[35.270400000223894,35.264099999857038],[35.402800000394294,35.331399999933858],[35.479900000033531,35.378600000285537],[35.618299999801863,35.477800000016984],[35.650299999753507,35.503699999715437],[37.117899999859418,37.021000000023882]]},"properties":{"geogdesc":"TRENCH SOUTH OF TURKEY","type":"CONVERGENT","OBJECTID":438}},{"type":"Feature","id":439,"geometry":{"type":"LineString","coordinates":[[15.149700000261793,37.435000000288319],[15.184500000444986,37.432600000163156],[15.217800000055002,37.419699999976501],[15.303100000372412,37.384700000181383],[15.336399999982394,37.37070000024702],[15.408700000122945,37.344899999668655],[15.488300000418095,37.316899999955886],[15.57949999987598,37.286399999808843],[15.612699999926869,37.272300000189659],[15.71120000043765,37.241799999767956],[15.740099999683739,37.232399999812017],[15.796600000314182,37.219499999885315],[15.873400000377746,37.204099999874344],[15.965999999951423,37.184000000217615],[16.025400000372574,37.169899999690408],[16.126799999775731,37.150900000002927],[16.222399999597538,37.133100000206639],[16.326699999689733,37.11880000011773],[16.368800000027527,37.114000000188049],[16.509399999977802,37.106499999936602],[16.626900000263369,37.108299999735813],[16.667500000027946,37.109299999765653],[16.71829999973783,37.115000000166106],[16.831500000116932,37.134300000055063],[16.908399999739625,37.139800000043451],[16.982399999571605,37.149900000348758],[17.104300000221095,37.172700000317114],[17.163800000201338,37.181700000260868],[17.213199999795396,37.18620000035655],[17.311900000322755,37.199699999706588],[17.351099999971542,37.207700000060214],[17.462900000234846,37.237399999843866],[17.566000000227767,37.256700000004777],[17.644400000423673,37.268000000132936],[17.732900000107428,37.287399999772738],[17.818700000017021,37.31369999981392],[17.892699999849032,37.333099999823688],[17.956699999752288,37.36060000000213],[18.004700000128889,37.382400000067868],[18.128499999588026,37.46979999976223],[18.17070000038327,37.506699999673963],[18.204299999568892,37.540000000108833],[18.303400000129344,37.620400000094705],[18.325299999694771,37.645699999926016],[18.414400000326463,37.747899999713248],[18.42759999962157,37.772100000157337],[18.516100000203622,38.013000000156083],[18.523400000358222,38.032499999654448],[18.536700000110713,38.077200000103304],[18.550100000320665,38.119499999707891],[18.588600000360721,38.258999999995901],[18.596000000074412,38.287599999709983],[18.612300000075038,38.336599999723958],[18.619600000229635,38.354900000093281],[18.633000000439583,38.40960000013424],[18.636300000263351,38.464399999867659],[18.639400000070573,38.497400000192712],[18.636700000296443,38.540700000297335],[18.634100000081407,38.586300000274512],[18.631299999849823,38.605599999748634],[18.627100000400777,38.62610000012949],[18.622900000053402,38.655699999718983],[18.618899999722572,38.712499999880258],[18.610400000367058,38.742100000000541],[18.603500000245557,38.792099999766137],[18.59490000043262,38.814799999670583],[18.583500000388067,38.838700000349149],[18.571999999886128,38.861399999922831],[18.475800000014683,39.021400000051436],[18.464300000411072,39.039599999978073],[18.425400000337923,39.075899999760715],[18.339000000378689,39.172200000071747],[18.331799999783218,39.185800000222159],[18.320399999738697,39.210699999668428],[18.306000000344348,39.233299999725681],[18.274299999968374,39.26950000028144],[18.242700000049854,39.305699999760208],[18.216800000153562,39.335100000229794]]},"properties":{"geogdesc":"TRENCH, NORTHERN IONIAN SEA, MEDITERRANEAN SEA","type":"CONVERGENT","OBJECTID":439}},{"type":"Feature","id":440,"geometry":{"type":"LineString","coordinates":[[66.688999999886605,25.19330000024992],[66.774300000204022,25.233899999598101],[66.91670000030318,25.376800000074873],[67.022500000070252,25.550600000020872],[67.125099999572697,25.795300000005305],[67.183200000335447,25.986700000370512],[67.201200000027541,26.137600000190098],[67.125600000063201,26.300699999686639],[67.088599999698033,26.468500000117114],[67.057700000286545,26.684599999682671],[67.040600000219769,26.896400000219771],[67.042600000385164,27.158000000234885],[67.03229999998247,27.459500000081743],[67.086600000430948,27.727200000024453],[67.115400000117916,27.896799999610433],[67.201000000010978,27.995999999801228],[67.265399999947334,28.104599999747251],[67.265700000421305,28.28830000039078],[67.239700000067586,28.468900000225425],[67.204400000292182,28.71350000024454],[67.197100000137581,28.949399999763784],[67.263599999798458,29.371500000149137],[67.304500000036995,29.600999999719601],[67.324000000302291,29.792399999984838],[67.315199999574489,29.99219999977721],[67.292400000383751,30.101700000208265],[67.241199999742463,30.219699999921822],[67.215099999829661,30.305200000148506],[67.219900000226644,30.364799999844667],[67.341100000369082,30.372999999952672],[67.46139999998789,30.339799999897121],[67.58509999988793,30.283199999685905],[67.741100000213606,30.18890000008135],[67.82930000032168,30.092699999884086],[67.923099999994591,29.955799999801421],[68.04510000020322,29.857300000181265],[68.178399999998902,29.724600000300285],[68.276100000443549,29.652699999773571],[68.425999999815531,29.592400000046847],[68.640599999597782,29.550800000194563],[68.850300000322292,29.596900000220256],[69.060099999707575,29.642700000210162],[69.279699999903386,29.718700000177851],[69.535799999973833,29.774399999908614],[69.719599999903721,29.816500000232274],[69.864499999760497,29.954700000238482],[69.991300000366067,30.079100000304241],[70.175700000345586,30.232500000178927],[70.263799999996252,30.288000000310692],[70.339799999993659,30.389500000361235],[70.350700000445997,30.637599999635281],[70.314100000113925,30.828199999875842],[70.272500000266646,31.059400000093607],[70.185199999783833,31.327099999675283],[70.071099999779463,31.586299999893622],[69.999199999671973,31.778799999781327],[69.945900000204503,31.984800000147697],[69.914300000285948,32.181000000089711],[69.90669999965742,32.350200000289185],[69.907400000164444,32.508300000113287],[69.892900000312707,32.676699999733373],[69.914700000319044,32.778200000007523],[69.993400000090588,32.867499999938175],[70.102899999714523,32.98889999992609],[70.174399999788932,33.083199999657971],[70.239500000232297,33.229500000274228],[70.284100000327712,33.37370000029329],[70.322299999893801,33.458899999641552],[70.347199999707385,33.595299999847228],[70.354699999878505,33.590200000264204]]},"properties":{"geogdesc":"INDUS-TSANGPO SUTURE ZONE, INDIA","type":"CONVERGENT","OBJECTID":440}},{"type":"Feature","id":441,"geometry":{"type":"LineString","coordinates":[[70.354699999878505,33.590200000264204],[70.568600000052058,33.609600000033282],[70.759900000153095,33.527699999783145],[71.082099999851323,33.573399999740388],[71.285600000063027,33.561800000243061],[71.478500000296393,33.519900000128857],[71.672999999763789,33.52449999986424],[71.807899999691799,33.564699999693524],[71.961699999835474,33.559700000172903],[72.155699999710663,33.569400000113575],[72.353600000357545,33.608299999733738],[72.529100000050136,33.662600000133061],[72.634899999817222,33.717200000239828],[72.690000000331864,33.791200000291418],[72.706999999941218,33.897200000256532],[72.720000000118077,33.973800000246648],[72.784600000070981,34.025099999739155],[72.893299999628724,34.056399999704063],[73.002099999643946,34.087699999946757],[73.086599999895199,34.151899999640563],[73.140500000310595,34.312600000264226],[73.161999999842962,34.447599999930766],[73.178400000301025,34.564800000253989],[73.177299999760905,34.645899999692126],[73.183199999799697,34.727400000125478],[73.184999999948559,34.77970000021412],[73.186200000047805,34.837800000038051],[73.193799999778065,34.901999999907098],[73.260300000337239,34.871999999955271],[73.332700000036908,34.709100000163083],[73.439600000344115,34.623799999646494],[73.520300000281082,34.588900000064029],[73.612899999854761,34.502500000221723],[73.678000000298127,34.408300000191794],[73.757500000135863,34.309299999943867],[73.865300000068345,34.206300000137887],[73.962599999581613,34.061900000212262],[74.028300000074623,33.955899999984808],[74.063399999833464,33.876900000145739],[74.129399999902148,33.764999999884473],[74.224100000098673,33.718899999897857],[74.34750000042304,33.66289999965322],[74.527700000055205,33.593000000257824],[74.657700000027106,33.53719999990593],[74.790599999789734,33.446499999810747],[74.936499999729207,33.362299999707311],[75.087800000115266,33.295800000202547],[75.220000000269152,33.204700000167236],[75.367599999900065,33.09100000012991],[75.499299999563434,32.999599999966783],[75.692500000270741,32.823999999811619],[75.771699999634507,32.688600000041397],[75.862299999941101,32.582800000352584],[76.063399999954328,32.471199999913388],[76.247399999900765,32.399299999928019],[76.38610000014306,32.383100000191398],[76.520299999564045,32.331599999715024],[76.569900000072948,32.310700000294759],[76.651800000109162,32.215599999762524],[76.694499999598278,32.089300000323803],[76.698000000336918,31.931799999858825],[76.695899999714058,31.756500000193416],[76.704300000408779,31.628299999684259],[76.735799999869911,31.460299999894168],[76.751699999837442,31.320700000040791],[76.812100000341303,31.124699999999358],[76.879000000035219,30.928899999974604],[76.944899999646452,30.744700000380298],[76.997999999995713,30.653500000128339],[77.163699999776128,30.602700000282173],[77.312999999996791,30.5979000001734],[77.470000000405108,30.575699999921948],[77.655599999585561,30.525299999849853],[77.823399999988794,30.426999999950304],[77.9523000003189,30.291699999674339],[78.103599999806676,30.110199999857905],[78.168399999776085,30.030700000340648],[78.329300000057813,29.913800000333701],[78.550399999928516,29.793099999662275],[78.703300000446944,29.687199999696443],[78.853700000309402,29.62799999973943],[79.046300000068811,29.52310000001042],[79.21939999956291,29.393899999811982],[79.417399999768904,29.300300000091969],[79.567500000055745,29.22859999982634],[79.749800000310728,29.181199999950792],[79.876899999593661,29.178900000129023],[80.010499999863313,29.182600000275823],[80.030699999737337,29.177300000331748],[80.2127999999758,29.129200000367099],[80.347699999903824,29.091499999787143],[80.469799999671523,29.029899999707059],[80.590999999813945,28.997500000113689],[80.76009999987555,28.91899999985915],[80.981599999779348,28.864900000273678],[81.21420000015199,28.892999999995599],[81.301099999703453,28.882800000024705],[81.435799999614915,28.826399999867689],[81.563600000303211,28.769800000113115],[81.698799999806852,28.67200000025688],[81.847200000402239,28.574200000342771],[81.975899999817528,28.446599999968782],[82.069999999964409,28.383100000116698],[82.117299999833946,28.336699999829712],[82.151200000391867,28.295899999934203],[82.184999999594069,28.25520000012656],[82.358399999562138,28.192400000046323],[82.477900000013136,28.176000000172831],[82.584400000287275,28.135800000248707],[82.691099999679636,28.07779999966964],[82.817599999811222,28.020000000325766],[83.029699999835898,27.980199999877783],[83.175300000199712,27.969200000170805],[83.37389999955704,27.940599999635278],[83.492999999974955,27.923299999723547],[83.625499999704473,27.876399999815003],[83.790899999909215,27.811899999915774],[83.949600000008999,27.758800000109591],[84.101399999987251,27.764499999858156],[84.312699999945764,27.746299999953099],[84.424999999801287,27.781200000203263],[84.490999999869942,27.792699999851816],[84.563799999602679,27.81590000001674],[84.656200000058135,27.821300000069119],[84.74839999959876,27.773599999736639],[84.820899999755866,27.73190000037641],[84.939699999699798,27.731000000128994],[85.032100000155253,27.730199999942631],[85.117999999623976,27.735399999948129],[85.301799999553864,27.627599999910753],[85.643700000432233,27.541099999898123],[85.840800000114655,27.497200000010984],[86.06379999969333,27.434800000371027],[86.292300000176041,27.319000000297159],[86.481699999670781,27.250700000042979],[86.703399999591113,27.15790000023355],[86.912199999792023,27.094499999761791],[87.318200000132776,27.049499999838471],[87.50779999964405,27.0210000002307],[87.77649999985826,27.007700000058524],[88.025699999807202,27.000399999939393],[88.195999999968052,26.98919999993694],[88.387100000052541,27.012499999678713],[88.565599999993267,27.047800000164585],[88.716900000379354,27.054400000206396],[88.900300000276161,27.041899999983794],[89.030700000281144,27.019300000342398],[89.120600000080699,26.968700000222231],[89.281700000378976,26.89760000034698],[89.449800000357882,26.843600000399739],[89.617399999846242,26.777699999681971],[89.76069999957069,26.759799999756485],[89.978499999617611,26.791600000257144],[90.164299999712924,26.836299999730745],[90.318000000297488,26.894099999859836],[90.424299999656782,26.918600000194004],[90.504099999968446,26.938299999893729],[90.596700000440464,26.951500000373454],[90.712599999695385,26.910400000310531],[90.91449999977479,26.882499999711555],[91.099400000244842,26.902399999934307],[91.30950000010408,26.903000000157956],[91.505799999720338,26.892200000328465],[91.728899999756436,26.891399999736631],[91.904400000347366,26.863499999857339],[92.146999999750435,26.860899999853878],[92.344399999906827,26.866600000165565],[92.576400000229853,26.899399999865565],[92.763299999967018,26.940599999738478],[92.985900000410922,27.020499999638577],[93.154299999965474,27.0741999997432],[93.406599999721635,27.104199999729357],[93.606699999652179,27.137500000333784],[93.766199999818113,27.155699999931972],[93.970300000079462,27.235399999695534],[94.153699999976254,27.381400000099287],[94.296700000125057,27.58930000033137],[94.436599999568273,27.755899999734094],[94.546500000123601,27.877400000224732],[94.640299999796568,27.964599999890844],[94.776900000314328,28.083800000255177],[94.975299999655078,28.22160000001859],[95.149499999689311,28.307999999966743],[95.354299999559416,28.362099999906238],[95.533299999990632,28.423899999705124],[95.724000000042054,28.46690000005621],[95.915100000126543,28.444599999655644],[96.070199999928562,28.39559999971274],[96.240100000056358,28.297899999833874],[96.337900000060102,28.212399999844916],[96.334800000252883,28.053100000200811],[96.333600000153638,27.911299999810243],[96.414900000140221,27.797499999851354],[96.512100000094335,27.711799999964146],[96.639099999818143,27.658700000125666],[96.690299999561091,27.642099999873636]]},"properties":{"geogdesc":"INDUS-TSANGPO SUTURE ZONE, INDIA","type":"CONVERGENT","OBJECTID":441}},{"type":"Feature","id":442,"geometry":{"type":"LineString","coordinates":[[96.690299999561091,27.642099999873636],[96.405700000277633,27.57950000035763],[96.229900000111044,27.542100000142796],[95.992300000223182,27.480400000342826],[95.752599999712473,27.394699999790515],[95.620799999591696,27.329199999924377],[95.430299999556809,27.197400000070338],[95.253100000172779,27.064300000210096],[95.117699999754251,26.951199999895589],[94.951199999907686,26.781300000311045],[94.758600000148277,26.607400000309529],[94.644700000160455,26.503999999892798],[94.548399999831574,26.375400000048998],[94.430500000411257,26.218899999828032],[94.303699999805659,26.110299999803409],[94.1549000000755,25.967699999641109],[93.959799999660177,25.89349999963645],[93.798199999769722,25.828399999825127],[93.590199999635004,25.748800000042824],[93.372799999621122,25.627999999815504],[93.197200000369421,25.53960000027098],[93.022299999828121,25.456800000280282],[92.846000000069381,25.350100000003156],[92.76710000028126,25.242900000241875],[92.699999999672485,25.117099999890105],[92.624700000182131,24.962100000211503],[92.581999999794704,24.810999999840824],[92.589200000390179,24.632899999779191],[92.523000000304975,24.418100000158063],[92.471500000088056,24.225899999866215],[92.444099999618558,24.008500000177033],[92.431999999965299,23.730900000276055],[92.432699999574041,23.452399999783026],[92.448799999558119,23.214399999599888],[92.488200000121779,22.945300000196546],[92.530100000443014,22.622499999935542],[92.559700000196145,22.306599999635626],[92.591500000131248,22.025999999623689],[92.613300000137571,21.787499999613047],[92.667700000145203,21.564599999942093],[92.764700000082769,21.327000000195582],[92.826400000244988,21.127300000053758],[92.858000000163514,20.858499999940673],[92.892000000280547,20.625199999949867],[92.897700000302805,20.435199999927917],[92.89309999992237,20.27560000006266]]},"properties":{"geogdesc":"INDUS-TSANGPO SUTURE ZONE, INDIA","type":"CONVERGENT","OBJECTID":442}},{"type":"Feature","id":443,"geometry":{"type":"LineString","coordinates":[[42.741499999634378,38.097099999961351],[42.632899999635711,37.930800000255232],[42.310499999920943,38.063599999664909],[42.089800000083308,38.149200000110731],[41.672900000188548,38.223299999991632],[41.282799999815367,38.349799999743162],[41.039499999905239,38.47789999994847],[40.770399999657904,38.610499999684421],[40.568299999561987,38.649499999692232],[40.282799999754943,38.695599999677583],[39.978700000206196,38.53839999993621],[39.661500000023167,38.4314999999566],[39.505299999681,38.290100000351686],[39.234400000183143,38.218000000267047],[39.003799999975904,38.15489999976063],[38.742599999932807,38.075999999800452],[38.550000000173405,38.041300000019284],[38.348500000127089,38.011999999787051],[38.068199999851821,38.021600000219735],[37.76689999963633,38.00279999990223],[37.502700000243429,37.95389999970206],[37.245200000057196,37.859299999672508],[37.117899999859418,37.021000000023882]]},"properties":{"geogdesc":"NORTHERN ARABIA PLATE BOUNDARY","type":"CONVERGENT","OBJECTID":443}},{"type":"Feature","id":444,"geometry":{"type":"LineString","coordinates":[[42.741499999634378,38.097099999961351],[42.797400000215177,38.054400000245977],[42.881300000416793,37.989100000343434],[42.937400000115851,37.940999999889229],[43.012400000030524,37.906899999857316],[43.1004000001221,37.875800000206539],[43.181300000075588,37.849599999967921],[43.3449999996906,37.821000000132244],[43.50050000042404,37.815600000323968],[43.625900000015513,37.816999999701153],[43.746300000091793,37.789099999710245],[43.833700000133717,37.760200000159557],[43.900900000301618,37.738500000201206],[43.988500000360098,37.70419999973619],[44.063300000258266,37.658999999797587],[44.158700000063526,37.598499999715919],[44.257999999742161,37.522200000161426],[44.338000000070409,37.432199999674893],[44.372899999812724,37.391000000164894],[44.410999999819687,37.349900000051029],[44.426299999737616,37.30549999990221],[44.421300000222381,37.271099999923834],[44.400199999824778,37.233700000166074],[44.356500000252971,37.187700000206469],[44.331400000422867,37.166000000229396],[44.32239999967851,37.149900000348758],[44.347300000390398,37.108499999938431],[44.378599999834982,37.069799999976098],[44.437000000173398,37.010699999834031],[44.47450000013076,36.980100000351307],[44.520999999934148,36.962900000314733],[44.577000000074072,36.95379999992533],[44.655699999845609,36.945200000084547],[44.699099999841778,36.925199999790536],[44.750099999568171,36.878999999783801],[44.801799999801631,36.814400000317377],[44.853599999594181,36.747099999953164],[44.908399999634867,36.685199999966521],[44.96310000011642,36.62060000027369],[45.017900000157105,36.553299999757336],[45.090099999840234,36.454799999826925],[45.121600000199656,36.397499999904198],[45.19219999975045,36.333099999688095],[45.249600000006168,36.271099999739896],[45.310599999661328,36.201199999641183],[45.358200000004835,36.136300000093186],[45.402400000067153,36.076500000131432],[45.43970000000796,36.0271999997642],[45.479000000114205,36.012199999956991],[45.521099999553662,36.010299999782028],[45.579200000316447,36.011400000263819],[45.640800000021208,36.001999999638699],[45.703599999825222,35.958399999801649],[45.753200000334118,35.919699999658711],[45.812799999873484,35.873299999863903],[45.885500000047138,35.81389999964361],[45.961599999603642,35.743999999906052],[46.054000000059098,35.666400000182101],[46.116399999830016,35.617300000001066],[46.17930000009148,35.549699999958413],[46.241699999862398,35.495199999843287],[46.314000000002949,35.430400000104079],[46.375900000181687,35.391599999889856],[46.424800000183559,35.355399999913331],[46.476899999551783,35.319200000178782],[46.548399999626149,35.272600000300777],[46.565200000117287,35.238499999718634],[46.592199999655406,35.175600000023294],[46.631800000235579,35.118100000084148],[46.680799999796584,35.065900000276812],[46.729400000222782,35.029599999729456],[46.764699999998193,35.024699999855734],[46.832599999774864,34.977900000273799],[46.925800000296476,34.936699999862476],[46.980200000304059,34.9240000002588],[47.041199999959218,34.898199999981586],[47.098899999790575,34.880200000078027],[47.166099999958512,34.862300000033784],[47.197899999893572,34.865199999999973],[47.242299999972438,34.876100000191258],[47.274000000348408,34.886799999834466],[47.343999999849594,34.892600000156435],[47.423800000161258,34.879900000190666],[47.478200000168883,34.86169999972816],[47.551900000425221,34.820000000020876],[47.631899999855136,34.775500000304298],[47.696000000215811,34.728299999803326],[47.782299999717623,34.676000000115437],[47.839800000430763,34.628700000272758],[47.900600000069346,34.576200000069242],[47.970700000027954,34.521000000004335],[48.015300000123361,34.486799999775847],[48.063099999585084,34.457900000324145],[48.145599999670942,34.415800000029186],[48.205899999717332,34.386899999874636],[48.291600000067838,34.342100000003036],[48.377100000401754,34.299900000125284],[48.443600000062631,34.24179999976316],[48.516300000236271,34.186399999649765],[48.604700000360907,34.120300000115513],[48.674099999812455,34.064700000213328],[48.749600000217683,33.985400000151827],[48.81249999958078,33.927199999805694],[48.868899999753801,33.861100000349715],[48.937900000070584,33.800200000123894],[49.000600000315472,33.755100000161207],[49.091399999740297,33.693900000372651],[49.197699999997887,33.632700000033871],[49.291400000111722,33.571400000265299],[49.353799999882632,33.53399999963343],[49.428599999780808,33.488600000286048],[49.521899999861539,33.424500000258995],[49.602500000239395,33.355300000035989],[49.692299999581479,33.280599999838167],[49.803299999778638,33.171399999925406],[49.865100000398243,33.123300000142855],[49.942200000037481,33.064300000005197],[50.012900000045697,33.000200000158934],[50.092599999899974,32.922800000062878],[50.144199999675976,32.851000000158578],[50.201999999964784,32.778999999932381],[50.277999999962205,32.691000000040503],[50.348000000361679,32.616199999651101],[50.393399999624947,32.560199999896923],[50.457600000443051,32.514400000306672],[50.54300000031958,32.452399999976187],[50.603799999958156,32.404000000086548],[50.643300000080913,32.369099999750951],[50.694499999823854,32.312899999926898],[50.737299999770379,32.291000000047809],[50.773999999661591,32.271899999979247],[50.813299999767793,32.236900000046475],[50.910099999688846,32.158699999932871],[50.970599999751784,32.11009999968239],[51.041099999743494,32.092900000246892],[51.119899999972453,32.043899999903175],[51.198300000168359,31.981699999905093],[51.273399999642159,31.919399999950365],[51.357400000301233,31.846399999810686],[51.438799999846907,31.791899999797018],[51.532499999960741,31.744899999906501],[51.649499999755825,31.657799999870772],[51.747800000250088,31.573699999863432],[51.871900000183189,31.441399999631837],[51.985400000137957,31.364700000181397],[52.087100000015084,31.303899999809396],[52.163599999604685,31.228000000139239],[52.241399999750982,31.186299999742218],[52.322099999687921,31.141700000128203],[52.374800000004079,31.08750000011343],[52.439199999940428,31.022400000040548],[52.491900000256585,30.973300000231522],[52.532700000037714,30.929900000339551],[52.591599999968317,30.883299999830484],[52.687500000264095,30.84860000031032],[52.780099999837766,30.811299999937066],[52.865899999747398,30.758399999698259],[52.958199999745396,30.718399999691329],[53.068799999909494,30.680300000124006],[53.17630000026633,30.642199999755949],[53.27700000006076,30.591100000210112],[53.377600000296098,30.542499999676942],[53.469100000227947,30.49429999972476],[53.548400000049128,30.44639999971584],[53.603699999682,30.404799999912829],[53.655399999915453,30.352700000024829],[53.727799999615137,30.294499999914574],[53.79490000022394,30.2497000000245],[53.870999999780445,30.206999999751609],[53.944099999987152,30.164499999662546],[54.007499999840796,30.111800000136423],[54.062200000322356,30.014699999829698],[54.105400000301969,29.931300000328129],[54.134600000022033,29.864299999812811],[54.162700000100266,29.781499999619601],[54.217399999683529,29.692300000190116],[54.255499999690493,29.627499999789908],[54.288000000132612,29.568200000376336],[54.338199999792863,29.458199999876218],[54.368900000086136,29.422600000067277],[54.404500000335517,29.368399999763621],[54.442499999885058,29.306199999710209],[54.460899999610206,29.265899999991674],[54.484800000239396,29.217500000306938],[54.510100000086055,29.192699999637536],[54.569899999641933,29.14519999962063],[54.601100000425724,29.072800000247423],[54.764199999991092,28.964999999752177],[54.929000000146196,28.843800000346516],[55.011199999758063,28.781899999635417],[55.074900000085677,28.712900000272928],[55.106299999987677,28.650899999822787],[55.170000000315298,28.584600000321679],[55.243600000114185,28.53340000023428],[55.339199999935992,28.499399999835784],[55.445700000210138,28.493600000106859],[55.535100000417465,28.457199999623583],[55.62059999985312,28.410400000270162],[55.69269999997713,28.382700000262947],[55.781799999710486,28.346100000125965],[55.866000000386073,28.322899999647415],[55.954399999612413,28.315099999784415],[56.017200000314716,28.321900000194155],[56.062300000002345,28.329700000121857],[56.116400000434261,28.339599999722846],[56.209800000074125,28.320900000033298],[56.292399999719066,28.279099999781025],[56.370399999881883,28.219099999938503],[56.440299999823949,28.170100000250503],[56.517000000328423,28.131199999676085],[56.617999999698483,28.101099999842784],[56.706900000313659,28.069199999698572],[56.770100000150734,28.046700000276825],[56.827700000423,28.029799999699918],[56.879999999807765,28.01850000018807],[56.90010000012267,28.011900000365159]]},"properties":{"geogdesc":"MAIN ZAGROS REVERSE FAULT, IRAN","type":"CONVERGENT","OBJECTID":444}},{"type":"Feature","id":445,"geometry":{"type":"LineString","coordinates":[[56.897099999874548,28.012100000102308],[56.886000000303994,27.986599999649659],[56.87500000029253,27.86129999978354],[56.861200000049529,27.738900000007156],[56.85630000009342,27.615899999936143],[56.87329999970278,27.541399999891738],[56.941299999936859,27.479200000152463],[57.023500000447044,27.379300000173131],[57.107100000174697,27.263499999808957],[57.169000000353428,27.170100000397152],[57.225999999677761,27.056099999882569],[57.250900000389649,26.944299999912747],[57.237100000146604,26.824799999606089],[57.281500000225464,26.703900000074139],[57.293300000303077,26.642800000292457],[57.320000000265523,26.583399999800498],[57.312799999670048,26.536799999663469],[57.289499999988799,26.441599999838033],[57.299200000341884,26.325799999996054],[57.292599999796046,26.221599999902942],[57.287699999839944,26.135599999725208],[57.287800000297366,26.072899999862877],[57.28110000019241,26.031500000009515]]},"properties":{"geogdesc":"MINAB FAULT, SOUTHWEST IRAN","type":"CONVERGENT","OBJECTID":445}},{"type":"Feature","id":446,"geometry":{"type":"LineString","coordinates":[[57.30809999973048,25.851899999646236],[57.330499999786468,25.654400000078446]]},"properties":{"geogdesc":"MINAB FAULT, SOUTHWEST IRAN","type":"CONVERGENT","OBJECTID":446}},{"type":"Feature","id":447,"geometry":{"type":"LineString","coordinates":[[57.344199999572048,25.551600000193456],[57.385800000317658,25.344999999736512]]},"properties":{"geogdesc":"MINAB FAULT, SOUTHWEST IRAN","type":"CONVERGENT","OBJECTID":447}},{"type":"Feature","id":448,"geometry":{"type":"LineString","coordinates":[[57.423799999867207,25.164900000098825],[57.450800000303609,25.022200000210862]]},"properties":{"geogdesc":"MINAB FAULT, SOUTHWEST IRAN","type":"CONVERGENT","OBJECTID":448}},{"type":"Feature","id":449,"geometry":{"type":"LineString","coordinates":[[57.486999999704302,24.886599999777584],[57.515699999832144,24.733399999634564]]},"properties":{"geogdesc":"MINAB FAULT, SOUTHWEST IRAN","type":"CONVERGENT","OBJECTID":449}},{"type":"Feature","id":450,"geometry":{"type":"LineString","coordinates":[[57.532599999882414,24.63830000032317],[57.552799999756417,24.548299999846311]]},"properties":{"geogdesc":"MINAB FAULT, SOUTHWEST IRAN","type":"CONVERGENT","OBJECTID":450}},{"type":"Feature","id":451,"geometry":{"type":"LineString","coordinates":[[-74.498999999927335,19.939700000119402],[-74.4889000004395,19.93999999958292],[-74.484399999618176,19.939100000327251],[-74.47960000011949,19.939200000310151],[-74.472900000014519,19.939200000310151],[-74.465999999893015,19.939200000310151],[-74.458299999705346,19.939200000310151],[-74.449800000349825,19.939400000086028],[-74.439200000371457,19.939400000086028],[-74.43299999985868,19.939700000119402],[-74.423899999555218,19.939799999722418],[-74.41329999957685,19.939799999722418],[-74.40409999971429,19.940099999840431],[-74.393499999735923,19.940300000165511],[-74.382000000132265,19.941299999680627],[-74.371499999713038,19.942499999691389],[-74.360699999718122,19.943100000077223],[-74.35330000000441,19.943499999630816],[-74.342999999601702,19.943499999630816],[-74.33479999982184,19.94360000020534],[-74.32609999955146,19.94369999987207],[-74.318499999821213,19.944000000181237],[-74.308299999875942,19.944699999811853],[-74.298499999963738,19.945399999716852],[-74.29019999972644,19.946500000293906],[-74.278100000073167,19.947999999937213],[-74.268999999769733,19.948899999975097],[-74.258700000265335,19.949199999691853],[-74.251299999653313,19.94999999980832],[-74.243400000347407,19.950500000038723],[-74.234100000027411,19.951100000419977],[-74.22359999960814,19.951799999811609],[-74.215599999844827,19.952200000120776],[-74.20909999975639,19.952799999950315],[-74.200099999910364,19.953500000246024],[-74.192300000163584,19.954299999677158],[-74.183799999909738,19.95520000010027],[-74.174499999589742,19.95609999961232],[-74.164699999677538,19.957499999908368],[-74.155600000272386,19.958500000234448],[-74.14690000000202,19.959400000343841],[-74.140700000387554,19.959900000344],[-74.131299999610121,19.960200000258929],[-74.122600000238066,19.960600000383867],[-74.114799999592961,19.961000000338935],[-74.104399999631127,19.962299999731894],[-74.093799999652774,19.963899999864946],[-74.084799999806748,19.965199999842838],[-74.074100000269269,19.966300000027903],[-74.064300000357065,19.96779999973597],[-74.052700000296014,19.968799999776426],[-74.042799999926359,19.9699000001794],[-74.031500000339278,19.970700000027541],[-74.020199999853858,19.971400000258686],[-74.008799999809327,19.971999999671816],[-73.997799999797891,19.973099999701024],[-73.989100000425836,19.974300000189647],[-73.973000000441743,19.976500000155344],[-73.963900000138281,19.977900000033493],[-73.95190000004412,19.979399999972824],[-73.942500000165026,19.980999999649466],[-73.933599999878098,19.981799999727638],[-73.922700000324085,19.982599999965402],[-73.911399999838665,19.983500000126664],[-73.89549999987112,19.985399999624626],[-73.888700000207038,19.986200000156103],[-73.877700000195588,19.986899999926781],[-73.866300000151057,19.9885000002647],[-73.854599999632569,19.989199999945214],[-73.844300000128186,19.989999999750598],[-73.832999999642766,19.99150000014664],[-73.823900000237614,19.992599999968007],[-73.815800000016864,19.994000000293241],[-73.807000000187372,19.995100000379317],[-73.797400000291702,19.995800000270268],[-73.790500000170198,19.996100000235629],[-73.782399999949448,19.996499999581697],[-73.772600000037244,19.997099999649958],[-73.762699999667618,19.998299999680061],[-73.752200000146686,19.998200000026891],[-73.740400000069059,19.997799999934919],[-73.729600000074171,19.998100000310203],[-73.719200000112366,19.998700000189956],[-73.709899999792341,19.99930000031539],[-73.698899999780906,20.000000000103931],[-73.689099999868702,20.001199999976148],[-73.678099999857253,20.002900000314359],[-73.667400000319788,20.004100000024838],[-73.656099999834382,20.005100000110037],[-73.642499999607892,20.006299999928146],[-73.628599999805772,20.007899999800891],[-73.617399999777774,20.008799999701882],[-73.609600000030994,20.009800000306836],[-73.597799999953381,20.010700000312784],[-73.586500000366286,20.011099999694476],[-73.571200000448357,20.010799999620481],[-73.559499999929869,20.010700000312784],[-73.546000000160817,20.010799999620481],[-73.534600000116299,20.01149999974734],[-73.523899999680495,20.011899999627271],[-73.51229999961943,20.01230000017825],[-73.50220000013158,20.012400000157093],[-73.49089999964616,20.012800000280834],[-73.479299999585109,20.012899999941826],[-73.468200000014548,20.013000000383315],[-73.457499999578744,20.013099999917173],[-73.445799999958567,20.013099999917173],[-73.431999999715543,20.013200000231503],[-73.41990000006227,20.013299999638228],[-73.408900000050835,20.013200000231503],[-73.397500000006318,20.013700000005674],[-73.387300000061032,20.013799999938591],[-73.37819999975757,20.014199999878649],[-73.370800000043872,20.014900000069325],[-73.361899999756957,20.015500000044355],[-73.349400000070588,20.01660000010294],[-73.338699999634812,20.017100000041776],[-73.326599999981568,20.017899999844882],[-73.318200000185129,20.018300000330481],[-73.307299999732805,20.01889999999527],[-73.295200000079546,20.019199999813242],[-73.282300000360124,20.019699999926122],[-73.269900000232894,20.020699999602552],[-73.258399999730926,20.021699999671593],[-73.246900000127297,20.021699999671593],[-73.235700000099314,20.022000000055783],[-73.223700000005152,20.022000000055783],[-73.210099999778677,20.021900000272659],[-73.199099999767242,20.021099999718139],[-73.186400000064339,20.01980000026434],[-73.175699999628563,20.01889999999527],[-73.161500000250768,20.017600000079071],[-73.149300000140087,20.016200000357902],[-73.139599999786995,20.015000000083422],[-73.127900000166818,20.013799999938591],[-73.117399999747562,20.013000000383315],[-73.106500000193549,20.011699999814414],[-73.099000000022414,20.010999999733379],[-73.088099999570076,20.01049999981851],[-73.07379999973486,20.009199999693642],[-73.063199999756506,20.008200000339844],[-73.052500000219027,20.006799999683974],[-73.040500000124879,20.005600000302188],[-73.030300000179594,20.004699999825526],[-73.015299999837339,20.003699999731094],[-73.006200000432187,20.003499999625024],[-72.997500000161807,20.0032000002556],[-72.987900000266151,20.00219999991597],[-72.976999999813813,20.00219999991597],[-72.962499999962048,20.001699999896054],[-72.950800000341886,20.000600000339361],[-72.938499999773768,19.999099999683526],[-72.925299999580361,19.998100000310203],[-72.917200000257935,19.997300000290142],[-72.903199999998364,19.997699999964155],[-72.889199999738807,19.997099999649958],[-72.876000000443725,19.995899999759473],[-72.862699999792909,19.994700000009225],[-72.849200000023856,19.993899999597396],[-72.837900000436761,19.9928000004147],[-72.826700000408763,19.99159999983393],[-72.81490000033115,19.990799999713584],[-72.80450000036933,19.990299999790803],[-72.795699999641514,19.990499999781555],[-72.788499999944364,19.98969999998317],[-72.781199999789763,19.988600000168315],[-72.774899999717888,19.987800000006036],[-72.768599999646,19.987399999667609],[-72.760700000340094,19.986600000164721],[-71.793900000330552,19.721999999696436]]},"properties":{"geogdesc":"THRUST FAULT, WINDWARD PASSAGE, CUBA-HAITI","type":"CONVERGENT","OBJECTID":451}},{"type":"Feature","id":452,"geometry":{"type":"LineString","coordinates":[[57.534400000031262,24.720299999611978],[57.84619999976767,24.640500000008931],[58.554500000406605,24.5779000001803],[59.032900000446993,24.52490000006917],[59.529599999755142,24.429800000126999],[59.972500000003606,24.388300000188483],[60.427299999888774,24.318300000125653],[60.84820000011436,24.275100000072445],[61.482700000039536,24.285699999964692],[61.934800000150567,24.340799999746519],[62.506300000255152,24.357899999784973],[62.946400000272071,24.423499999690904],[63.41289999977743,24.458999999711253],[63.881099999872539,24.505599999631116],[64.284000000406067,24.544200000210495],[64.73239999976191,24.596299999645886],[65.079399999714624,24.64470000033139],[65.586400000323778,24.746499999621861],[65.83819999958942,24.836200000341929],[66.098400000448152,24.931000000251416],[66.460199999828248,25.177200000033899]]},"properties":{"geogdesc":"MAKRAN TRENCH, NORTHERN INDIAN OCEAN","type":"CONVERGENT","OBJECTID":452}},{"type":"Feature","id":453,"geometry":{"type":"LineString","coordinates":[[120.3728999999134,23.248999999830332],[120.36759999992422,23.241600000007271],[120.36450000011696,23.235600000011704],[120.36339999957686,23.229500000236062],[120.36229999993505,23.219699999894015],[120.36129999985233,23.210500000233413],[120.36049999978617,23.20480000006761],[120.35920000012781,23.197500000165423],[120.35940000014436,23.191700000348728],[120.35969999971998,23.18459999994241],[120.36180000034285,23.176599999654577],[120.36470000013354,23.167099999798257],[120.36679999985806,23.155800000365542],[120.368699999566,23.147099999809708],[120.3694999996322,23.134100000044796],[120.37060000017233,23.122700000082848],[120.37430000002918,23.102399999800628],[120.3763999997537,23.081899999695221],[120.37559999968757,23.061400000068552],[120.37530000011189,23.048199999971921],[120.37590000016154,23.034100000150943],[120.37450000004574,23.017199999997281],[120.3728999999134,23.004000000078303],[120.37189999983069,22.988899999701673],[120.368699999566,22.968199999617724],[120.36499999970918,22.953500000391763],[120.35989999973656,22.938400000080577],[120.35759999999546,22.926600000347879],[120.35169999995667,22.908099999776297],[120.34749999960933,22.893199999613213],[120.34379999975246,22.880700000360264],[120.34219999962014,22.870899999674105],[120.34029999991215,22.857500000258987],[120.33660000005527,22.844299999891067],[120.33099999959215,22.829099999719723],[120.32729999973527,22.814699999711436],[120.32410000036894,22.801299999974308],[120.32199999974613,22.791500000380225],[120.31720000024744,22.776299999938523],[120.31139999976776,22.76459999962961],[120.30480000012022,22.754999999677359],[120.29660000034036,22.744500000056757],[120.28859999967869,22.734500000037777],[120.27899999978305,22.722699999808633],[120.27289999972771,22.715399999907397]]},"properties":{"geogdesc":"MELLIN FAULT, TAIWAN","type":"CONVERGENT","OBJECTID":453}},{"type":"Feature","id":454,"geometry":{"type":"LineString","coordinates":[[120.27289999972771,22.715399999907397],[120.26449999993127,22.707099999688211],[120.25440000044344,22.699700000157229],[120.24269999992495,22.691899999769291],[120.22969999974808,22.684800000414146],[120.21410000025452,22.677699999635625],[120.20000000043584,22.669899999701755],[120.18460000006048,22.660599999789302],[120.16130000037923,22.648100000221159],[120.14380000027937,22.638499999731167],[120.1263000001795,22.628299999715491],[120.10610000030546,22.616000000290335],[120.08090000001795,22.600800000064631],[120.05970000006121,22.589599999988693],[120.03950000018716,22.580700000237577],[120.01799999975651,22.566999999688488],[119.98810000042771,22.547399999799239],[119.96450000027248,22.533999999735354],[119.94700000017262,22.520199999998841],[119.92469999967577,22.504800000144851],[119.89970000030304,22.490600000211767],[119.87799999985583,22.478099999645845],[119.85730000038961,22.464400000173399],[119.83530000036674,22.448900000409505],[119.81410000040999,22.433999999860177],[119.79839999956069,22.422699999909298],[119.784299999742,22.411899999687886],[119.76819999975793,22.399900000356748],[119.75599999964723,22.389300000293222],[119.74349999996087,22.376799999972864],[119.73209999991636,22.36479999994123],[119.71570000035661,22.351800000319916],[119.70029999998127,22.337800000348729],[119.69150000015179,22.330999999971993],[119.68219999983179,22.320400000239026],[119.67059999977072,22.303200000026457],[119.65970000021667,22.286499999993019],[119.65229999960467,22.271599999665742],[119.64670000003984,22.258300000253335],[119.63790000021035,22.243799999863253],[119.62939999995649,22.227100000230461],[119.62229999981845,22.211199999850631],[119.61590000018745,22.195200000152916],[119.60929999964158,22.174600000297627],[119.60499999973514,22.153200000138902],[119.60189999992791,22.137700000293322],[119.59889999967977,22.119099999994926],[119.59439999975676,22.098699999730314],[119.59120000039042,22.080699999589868],[119.58729999961872,22.062000000253576],[119.58410000025238,22.04609999977632],[119.58299999971224,22.025399999853764],[119.58379999977841,22.004299999930343],[119.58539999991073,21.99149999959085],[119.58459999984457,21.983100000407685],[119.58539999991073,21.968299999783955],[119.58299999971224,21.955300000016589],[119.58330000018621,21.932699999656435]]},"properties":{"geogdesc":"DEFORMATION FRONT, SW OF TAIWAN","type":"CONVERGENT","OBJECTID":454}},{"type":"Feature","id":455,"geometry":{"type":"LineString","coordinates":[[124.28819999988731,14.974799999848981],[124.40949999958887,14.890100000302512],[124.54539999959954,14.703599999615674],[124.80540000044176,14.389700000119301],[124.96030000022728,14.141900000359497],[125.0860000002927,13.922199999983317],[125.20720000043509,13.661100000128037],[125.33729999996618,13.450899999909939],[125.55499999955569,13.064099999766642],[125.67619999969808,12.864700000294047],[125.84859999958344,12.632500000367955],[126.05610000012599,12.328599999976497],[126.25330000026587,11.991500000311817],[126.38920000027655,11.709800000078516],[126.55430000000734,11.349099999907088],[126.6521999995702,11.058099999667776],[126.72819999956761,10.682199999758717],[126.77789999963562,10.291400000098212],[126.84509999980361,9.7547999998191557],[126.91809999955285,9.4738999998315805],[126.97660000034872,9.1623999998957295],[127.05109999977292,8.8738000000323094],[127.11979999961571,8.6427999998207188],[127.24099999975816,8.3639000001969421],[127.24250000033138,8.029899999877836],[127.27610000041533,7.7896000001656507],[127.27900000020601,7.5028999999293102],[127.30819999992606,7.1246999996805691],[127.3564000003192,6.7084000003263489],[127.37689999976885,6.4907000002904844],[127.42659999983695,6.1798999998560191],[127.49820000036873,5.8878999997251302],[127.60919999966755,5.5186000001632243],[127.72609999990355,5.2756999998886904]]},"properties":{"geogdesc":"PHILIPPINE TRENCH","type":"CONVERGENT","OBJECTID":455}},{"type":"Feature","id":456,"geometry":{"type":"LineString","coordinates":[[133.29869999995205,5.3497000003625148],[133.33069999990369,5.6173000000158693],[133.5882000000899,5.9088000001842449],[133.92460000006426,6.2159999998473641],[134.2277999999877,6.4492000001923326],[134.47270000003022,6.601499999560688],[134.6992999999066,6.8730999996462696],[134.84350000015468,7.0514000000835422],[134.96820000013744,7.2660000000267324],[135.01970000035433,7.4396000001632938]]},"properties":{"geogdesc":"PALAU TRENCH","type":"CONVERGENT","OBJECTID":456}},{"type":"Feature","id":457,"geometry":{"type":"LineString","coordinates":[[135.00140000018828,7.4486999997297998],[135.20729999970018,7.355700000223397],[135.46250000014535,7.2466999997239778],[135.7416999998805,7.2047000000838839],[136.11590000028616,7.2125999998142278],[136.52329999984437,7.2307999997731409],[136.90089999963288,7.3159000003758514],[137.3058999998909,7.5043000000377686],[137.57600000022094,7.7141000003554145],[137.78080000009106,7.9510000002435532],[138.00390000012717,8.3281999999643244],[138.13439999969125,8.5998999998216199],[138.26140000031339,8.9526999999328183],[138.40899999994426,9.2870999997743748],[138.55320000019233,9.5987000002797487],[138.68710000003762,9.9313000002788652],[138.74889999975895,10.246799999626937],[138.74430000027678,10.438099999800242],[138.7007999998232,10.571999999827588],[138.78200000025069,10.698000000366184],[138.86669999962012,10.935099999970339],[138.83919999959156,11.058700000257064]]},"properties":{"geogdesc":"YAP TRENCH","type":"CONVERGENT","OBJECTID":457}},{"type":"Feature","id":458,"geometry":{"type":"LineString","coordinates":[[135.00140000018828,7.4486999997297998],[135.20729999970018,7.355700000223397],[135.46250000014535,7.2466999997239778],[135.7416999998805,7.2047000000838839],[136.11590000028616,7.2125999998142278],[136.52329999984437,7.2307999997731409],[136.90089999963288,7.3159000003758514],[137.3058999998909,7.5043000000377686],[137.57600000022094,7.7141000003554145],[137.78080000009106,7.9510000002435532],[138.00390000012717,8.3281999999643244],[138.13439999969125,8.5998999998216199],[138.26140000031339,8.9526999999328183],[138.40899999994426,9.2870999997743748],[138.55320000019233,9.5987000002797487],[138.68710000003762,9.9313000002788652],[138.74889999975895,10.246799999626937],[138.74430000027678,10.438099999800242],[138.7007999998232,10.571999999827588],[138.78200000025069,10.698000000366184],[138.86669999962012,10.935099999970339],[138.83919999959156,11.058700000257064]]},"properties":{"geogdesc":"YAP TRENCH","type":"CONVERGENT","OBJECTID":458}},{"type":"Feature","id":459,"geometry":{"type":"LineString","coordinates":[[144.64090000017248,41.008600000324932],[144.62769999997906,40.939999999840744],[144.61169999955408,40.835800000131577],[144.61169999955408,40.720400000129359],[144.48030000036471,40.550299999689578],[144.3984999998876,40.367399999713882],[144.32850000038638,40.20419999976049],[144.28179999966818,40.068600000322718],[144.25400000006391,39.928199999691792],[144.22630000001874,39.767299999858785],[144.23799999963893,39.55750000000441],[144.20439999955499,39.374100000330856],[144.18690000035343,39.123299999859476],[144.1197000001855,38.909200000037949],[144.06280000042031,38.709300000340846],[144.01609999970205,38.535199999939493],[143.97369999978866,38.359500000047781],[143.92989999975939,38.166200000327407],[143.88909999997821,37.929500000142269],[143.84380000027409,37.710600000334146],[143.74449999969713,37.478300000288648],[143.63500000007321,37.288400000026272],[143.51820000029468,37.058300000298978],[143.40729999965669,36.861499999875761],[143.27740000014211,36.647700000251881],[143.15330000020907,36.51930000010379],[143.0174999997574,36.340000000068898],[142.98099999988278,36.211199999685903],[142.81610000016857,36.135399999805664],[142.68029999971696,36.064300000101952],[142.60440000017698,36.000300000289656],[142.55470000010894,35.943300000148085],[141.99179999981726,34.309799999763023]]},"properties":{"geogdesc":"JAPAN TRENCH","type":"CONVERGENT","OBJECTID":459}},{"type":"Feature","id":460,"geometry":{"type":"LineString","coordinates":[[119.08920000019479,-7.7992000002526023],[118.86029999967899,-7.8308999996566202],[118.59370000008761,-7.854700000265975],[118.32590000039697,-7.875100000198092],[118.18270000023166,-7.9136999997964734],[117.94190000007913,-7.9296000002773308],[117.60020000011561,-7.9329999998467304],[117.36169999970414,-7.9545999997330217],[117.01890000009882,-7.9909000003951602],[116.72770000026951,-8.0124999999477602],[116.5189999996277,-8.0124999999477602]]},"properties":{"geogdesc":"WEST EXTENSION OF THE FLORES THRUST ZONE","type":"CONVERGENT","OBJECTID":460}},{"type":"Feature","id":461,"geometry":{"type":"LineString","coordinates":[[119.08920000019479,-7.7992000002526023],[119.41409999966719,-7.7707999999399213],[119.66700000037129,-7.7617999999377307],[119.93589999970374,-7.7572000002955095],[120.26779999975504,-7.7038999996228679],[120.55840000043305,-7.7028000003644861],[120.83530000042717,-7.7265999999909862],[120.9531999998475,-7.760599999851971],[121.13169999978822,-7.8512999999319568],[121.2712999996558,-7.9284000003134363],[121.44290000037334,-8.0088999999215797],[121.56190000033375,-8.0360000004427778]]},"properties":{"geogdesc":"THRUST IN FLORES BASIN (ACTIVE)","type":"CONVERGENT","OBJECTID":461}},{"type":"Feature","id":462,"geometry":{"type":"LineString","coordinates":[[124.35050000009915,-7.8977999999082549],[124.49579999998896,-7.8569999997330777],[124.60909999992717,-7.8695000000977204],[124.75669999955811,-7.9239000004205629],[124.9145999995917,-7.9341000000997868],[125.08170000038625,-7.930699999838132],[125.26479999980903,-7.883100000061142],[125.37230000016592,-7.8434000002152642],[125.47880000044003,-7.760599999851971]]},"properties":{"geogdesc":"THRUST N OF ALOR (ACTIVE)","type":"CONVERGENT","OBJECTID":462}},{"type":"Feature","id":463,"geometry":{"type":"LineString","coordinates":[[122.69859999957279,8.6051999997084323],[122.54079999999661,8.668799999639754],[122.4020000001952,8.8059999999889786],[122.24710000040969,8.9431000001361376],[122.11419999974879,9.1379000000567991],[122.02360000034049,9.3571000004382157],[121.93740000039779,9.6106999997942637],[121.89790000027507,9.8383000000458836],[121.89060000012043,10.000900000045226],[121.93150000035902,10.129000000353088],[121.96219999975395,10.25120000030369]]},"properties":{"geogdesc":"NEGROS TRENCH","type":"CONVERGENT","OBJECTID":463}},{"type":"Feature","id":464,"geometry":{"type":"LineString","coordinates":[[119.2699999998766,1.7641999998749627],[119.44159999969578,1.9071000002886589],[119.72189999997109,2.0488999999580053],[119.95769999971007,2.1324000002547052],[120.30549999972895,2.210200000268685],[120.62360000043554,2.2432999998010077],[121.06990000006691,2.2295999995764362],[121.44979999959648,2.1700999997179036],[121.93380000010008,2.0901000000638637],[122.38240000037077,1.9265999998086434],[122.74510000027448,1.7848000001788757],[123.16959999989949,1.640600000335338],[123.54489999994694,1.53310000033794],[123.8219000003985,1.5125000002824665],[124.10789999979772,1.5673999998702748],[124.40539999969891,1.6784000000150952]]},"properties":{"geogdesc":"N SULAWESI TRENCH (ACTIVE)","type":"CONVERGENT","OBJECTID":464}},{"type":"Feature","id":465,"geometry":{"type":"LineString","coordinates":[[126.02029999986011,4.908699999638281],[126.0410000002246,4.7624000003592455]]},"properties":{"geogdesc":"TRENCH WEST OF TALAUD RIDGE (SANGIHE TRENCH)","type":"CONVERGENT","OBJECTID":465}},{"type":"Feature","id":466,"geometry":{"type":"LineString","coordinates":[[126.05240000026912,4.6961000002886664],[126.06619999961386,4.5736999997575474]]},"properties":{"geogdesc":"TRENCH WEST OF TALAUD RIDGE (SANGIHE TRENCH)","type":"CONVERGENT","OBJECTID":466}},{"type":"Feature","id":467,"geometry":{"type":"LineString","coordinates":[[126.07309999973533,4.5096000004149177],[126.08689999997843,4.3918000001093347]]},"properties":{"geogdesc":"TRENCH WEST OF TALAUD RIDGE (SANGIHE TRENCH)","type":"CONVERGENT","OBJECTID":467}},{"type":"Feature","id":468,"geometry":{"type":"LineString","coordinates":[[126.100599999764,4.3289000001157083],[126.11900000038742,4.1881000001091184]]},"properties":{"geogdesc":"TRENCH WEST OF TALAUD RIDGE (SANGIHE TRENCH)","type":"CONVERGENT","OBJECTID":468}},{"type":"Feature","id":469,"geometry":{"type":"LineString","coordinates":[[126.13390000027229,4.1206000000413772],[126.10179999986322,3.995900000165022]]},"properties":{"geogdesc":"TRENCH WEST OF TALAUD RIDGE (SANGIHE TRENCH)","type":"CONVERGENT","OBJECTID":469}},{"type":"Feature","id":470,"geometry":{"type":"LineString","coordinates":[[126.07189999963612,3.9306000000297225],[126.05240000026912,3.8115999995527967]]},"properties":{"geogdesc":"TRENCH WEST OF TALAUD RIDGE (SANGIHE TRENCH)","type":"CONVERGENT","OBJECTID":470}},{"type":"Feature","id":471,"geometry":{"type":"LineString","coordinates":[[126.04899999998793,3.7371999999467636],[126.02149999995933,3.5000999999461846],[126.00539999997527,3.2538999999290379],[125.96520000024378,2.9972000002287085],[125.87800000021835,2.7301999995575952],[125.8114999996592,2.4894999997803691],[125.75760000014208,2.2625999997786335],[125.72310000043284,1.9804999996029105],[125.68870000028278,1.7534000004419463],[125.6726999998578,1.6066000000125367],[125.62680000010405,1.4448999997067637],[125.49709999970776,1.2177999995821933],[125.36399999992858,1.0204999997877096],[125.24929999987455,0.83689999979348562],[125.11039999961579,0.6660000002977704],[124.94979999980795,0.4365000002685796],[124.83509999975401,0.20010000009998521],[124.78109999977944,-0.0063999996176857333],[124.77200000037433,-0.12680000040671432],[124.81209999964838,-0.30009999968464945],[124.92109999968015,-0.53529999968188879],[125.03129999981114,-0.74069999988228052],[125.1528999999866,-0.95059999958474461],[125.24470000039248,-1.091699999944824],[125.2975000002677,-1.1777999998133075]]},"properties":{"geogdesc":"TRENCH WEST OF TALAUD RIDGE (SANGIHE TRENCH)","type":"CONVERGENT","OBJECTID":471}},{"type":"Feature","id":472,"geometry":{"type":"LineString","coordinates":[[123.07030000022087,22.92390000021064],[124.29930000035618,23.018099999877254],[125.33389999968499,23.22909999971348],[126.4051000002441,23.703599999609771],[127.21320000015389,24.325600000234694],[127.9803999998251,24.97510000038001],[128.97850000017758,25.790999999634053],[129.77640000014205,26.68499999986566],[130.24400000018755,27.264499999615946],[130.5099999997293,27.733700000042777]]},"properties":{"geogdesc":"RYUKU TRENCH","type":"CONVERGENT","OBJECTID":472}},{"type":"Feature","id":473,"geometry":{"type":"LineString","coordinates":[[130.50560000026374,27.742799999907465],[130.88409999967752,28.608400000035772],[131.33419999962319,29.505200000262075],[131.4789000003617,29.789700000135468],[132.0370999998155,30.391499999915684],[132.58800000001298,30.924500000053222],[133.51600000040679,31.642599999896355],[134.56520000004474,32.252699999923713],[135.20530000043303,32.541400000358259],[136.21949999987132,32.852600000056718],[136.57460000004474,32.998500000192493],[137.35350000023445,33.283600000086935],[137.83869999993894,33.60799999998838],[138.17039999997371,33.880199999902182]]},"properties":{"geogdesc":"NANKAI TROUGH","type":"CONVERGENT","OBJECTID":473}},{"type":"Feature","id":474,"geometry":{"type":"LineString","coordinates":[[92.89309999992237,20.27560000006266],[93.462700000319018,17.979700000021587],[93.40570000009636,17.467499999689316],[93.392600000360403,17.202499999831161],[93.353100000237646,16.835099999877571],[93.304899999844508,16.579000000084744],[93.243599999715371,16.269299999972937],[93.128099999595207,15.869199999889529],[92.993700000157702,15.496399999715193],[92.831500000217602,15.124399999921854]]},"properties":{"geogdesc":"JAVA TRENCH (ACTIVE SUBDUCTION) (N. OF ANDAMAN R","type":"CONVERGENT","OBJECTID":474}},{"type":"Feature","id":475,"geometry":{"type":"LineString","coordinates":[[92.831500000217602,15.124399999921854],[92.727800000175051,14.947999999598071],[92.558300000080393,14.601899999949227],[92.40049999960587,14.296300000369353],[92.251499999859178,13.995900000165189],[92.133099999948314,13.784599999966812],[92.041100000424265,13.496400000131525],[91.930100000227114,13.237599999659558],[91.855500000345486,12.910300000040127],[91.805899999836555,12.643899999818254],[91.754700000093607,12.457000000358724],[91.716699999645769,12.264399999833358],[91.67150000039905,12.077300000112919],[91.617399999967105,11.742700000296106],[91.596899999619097,11.525199999834889],[91.588200000247042,11.334700000204844],[91.575000000053635,11.13700000030134],[91.557499999953777,10.973499999646757],[91.519500000404221,10.743899999628379],[91.482999999631275,10.40930000028543],[91.469800000336207,10.14619999966237],[91.481499999956384,9.88869999975139],[91.484399999747055,9.7100999998726714],[91.47860000016567,9.4176999996419344],[91.515100000040334,9.1811999996204463],[91.556000000278885,8.9042000002745425],[91.699200000444193,8.4463000001095985],[91.781000000022999,8.2309000000469883],[91.896500000143163,8.0024000001276896],[91.988499999667198,7.7722999995849484],[92.049900000253757,7.6058000003198547],[92.138999999987107,7.40579999984599],[92.209099999945721,7.2159999997502569],[92.257300000338859,7.0841000001929277],[92.286599999618019,6.9578999999141793],[92.339200000375087,6.8244999997786744],[92.396100000140294,6.6736000001732672],[92.470700000021907,6.4849000002863413],[92.5246999999964,6.3251999998252382],[92.580199999645842,6.1377999997649217],[92.640099999659142,5.9635000000448155],[92.673699999743093,5.8327000004051728],[92.765799999724592,5.5724000004237597],[92.802299999599256,5.4516999997470279],[92.840300000047122,5.3150000003417572],[92.935299999819293,5.0807000002807117]]},"properties":{"geogdesc":"JAVA TRENCH (ACTIVE SUBDUCTION) (N. PART FROM SU","type":"CONVERGENT","OBJECTID":475}},{"type":"Feature","id":476,"geometry":{"type":"LineString","coordinates":[[92.935299999819293,5.0807000002807117],[93.072599999945794,4.7167999998952626],[93.145700000152502,4.5711999996603883],[93.226000000056402,4.4196999996201294],[93.306400000417725,4.3249999998773943],[93.372100000012409,4.2069999996422132],[93.456899999839294,4.0860000000482914],[93.505100000232446,4.0101999997529036],[93.632200000413675,3.8512999996512232],[93.711100000201753,3.7274000000013574],[93.772499999889988,3.6049999998639151],[93.887899999552729,3.4533000001689986],[94.004799999788688,3.2929000000905084],[94.125999999931111,3.1572000002883911],[94.275100000135239,2.9734000003552956],[94.467899999911197,2.7822000003760707],[94.565800000372363,2.6610999995719848],[94.754300000241813,2.5326000001878142],[94.894599999718125,2.4027000000100047],[95.029000000053955,2.2873999999393497],[95.163400000389771,2.1705999997027181],[95.148800000080584,2.1822999998090542],[95.372300000149806,1.9822999999745701],[95.521400000353935,1.8420999996763425],[95.6879000002005,1.6507999999070204],[95.832600000040685,1.4989000002837791],[95.975699999748585,1.3221000004361458],[96.086800000403159,1.1673000003696075],[96.224099999631363,0.9745000001835159],[96.342500000440538,0.79179999986898109],[96.450599999948693,0.62970000041701757],[96.538299999566249,0.5098999997712218],[96.604000000059273,0.37259999979549363],[96.668300000436503,0.28929999973453852],[96.747200000224623,0.11689999997935119],[96.828999999803386,0.013099999621850062],[96.916700000319281,-0.1242000001408827],[96.997000000223167,-0.27759999957950171],[97.064200000391097,-0.39449999990059714],[97.140200000388475,-0.53179999978732062],[97.24390000043104,-0.70570000014955103],[97.385699999582258,-0.91750000027134604],[97.518600000243211,-1.1659000003477111],[97.650099999890031,-1.3616000002515771],[97.749500000026089,-1.5295999996086671],[97.86199999989816,-1.6843999995790127],[98.012500000218068,-1.9224000000650425],[98.195100000048711,-2.205700000188044],[98.446399999722175,-2.5720999995906513],[98.611500000351285,-2.7822000003760707],[98.779499999872726,-3.0055000002407004],[98.944599999603511,-3.1644999998772958],[99.15940000030065,-3.4722999997952724],[99.388800000408679,-3.7609999998081158],[99.555300000255244,-4.0029999996955166],[99.758400000433852,-4.2171999996297211],[99.965900000078094,-4.4838000000532059],[100.14849999990874,-4.7634000001123677],[100.35750000012619,-5.0284000002491789],[100.57370000004079,-5.2291999995876699],[100.76950000006482,-5.4823000000616267],[101.01489999969952,-5.7789000003944127],[101.23409999986225,-6.0492000000001882],[101.45619999981565,-6.3149999995682347],[101.60810000025134,-6.5052000002373624],[101.77179999986633,-6.7084000003263489],[102.04940000036747,-6.9550000002362893],[102.33430000012491,-7.1580999998801369],[102.51839999963045,-7.2726000000699402],[102.78139999982243,-7.4624000003808195],[103.16560000015681,-7.7099999996537427],[103.4798000000917,-7.8344999997611442],[103.53970000010504,-7.8648999997335771],[104.07590000043425,-8.1180999995973],[104.45720000007964,-8.2743000004177087],[104.98029999977453,-8.5662999997991687],[105.58949999985305,-8.9244000002924828],[106.12280000039154,-9.2417999998365232],[106.62830000042747,-9.5272000000559167],[106.34199999965597,-9.3687000001881255],[106.82999999959203,-9.6626000001654244],[107.38229999990531,-9.8901000003561172],[107.83809999987321,-10.054199999976415],[108.36259999968394,-10.174999999691375],[109.0683000001078,-10.330300000309197],[109.62499999988667,-10.371900000135261],[110.15969999964265,-10.439499999568953],[110.61410000039309,-10.478299999687916]]},"properties":{"geogdesc":"JAVA TRENCH (ACTIVE SUBDUCTION) (C. PART FROM SU","type":"CONVERGENT","OBJECTID":476}},{"type":"Feature","id":477,"geometry":{"type":"LineString","coordinates":[[110.61410000039309,-10.478299999687916],[111.01450000027067,-10.476799999849028],[111.52579999988798,-10.574500000350737],[112.17020000018276,-10.653500000028671],[112.56610000013733,-10.75979999989694],[113.20169999970432,-10.868800000409337],[113.75400000001761,-10.960599999991004],[114.40709999968443,-11.089700000198931],[115.01339999997224,-11.149900000416798],[115.57149999986692,-11.215899999692617],[116.17640000003891,-11.277499999879824],[116.85579999963511,-11.328999999759777],[117.57760000004309,-11.334800000295402],[118.23499999961642,-11.384900000127722],[118.74790000026438,-11.36059999973198],[119.27240000007509,-11.390600000058443],[119.83929999979922,-11.460800000232506]]},"properties":{"geogdesc":"JAVA TRENCH (ACTIVE SUBDUCTION) (C. PART FROM SU","type":"CONVERGENT","OBJECTID":477}},{"type":"Feature","id":478,"geometry":{"type":"LineString","coordinates":[[119.83929999979922,-11.460800000232506],[120.45290000024166,-11.526699999935804],[121.11189999994728,-11.493800000291706],[121.78249999971402,-11.412099999712986],[122.62989999972994,-11.187200000194091],[123.22019999959281,-10.996500000265886],[123.96090000021645,-10.710900000405271],[124.73529999958478,-10.387799999850049],[125.15750000036708,-10.160599999913918],[125.48339999992216,-9.9865999998957342],[125.86909999993149,-9.7850000002166233],[126.33220000005394,-9.5977999999821417],[126.85529999974885,-9.3889000001850604],[127.42799999995275,-9.2216000003072942],[127.90000000036213,-9.1336000003612376],[128.37629999977969,-9.0961000002182288],[129.10830000013294,-9.0195999995668021],[129.86070000037671,-8.9286999997917924],[130.54009999997297,-8.7237000003293819],[130.9302000003461,-8.563399999877662],[131.41239999980249,-8.2671000000979262],[131.75719999957323,-7.9199000000465025],[131.9981999997423,-7.6058000003198547],[132.30649999963842,-7.2842000000043861],[132.64400000015289,-6.8505999995810445],[132.83250000002232,-6.6213999998776467],[133.06339999980526,-6.3614999999183368],[133.40520000022622,-5.9983999996821789],[133.62000000002504,-5.7076999999593303],[133.786600000329,-5.4328000002532573],[133.92099999976654,-5.1534999999894993],[134.03199999996369,-4.8318000000841552],[134.09339999965189,-4.5696999997137429],[134.12850000030906,-4.37310000032784],[134.17809999991968,-4.0569000001808293]]},"properties":{"geogdesc":"JAVA TRENCH (ACTIVE SUBDUCTION)","type":"CONVERGENT","OBJECTID":478}},{"type":"Feature","id":479,"geometry":{"type":"LineString","coordinates":[[123.54750000016202,6.6388000001663503],[123.53140000017792,6.4573000002094743],[123.56939999972742,6.2903000001476093],[123.68919999975411,6.1422000003551629],[123.82360000008991,5.9721999995832658],[123.97119999972084,5.8210000001888398],[124.147900000411,5.6640000000332371],[124.36130000009406,5.5259000003942829],[124.56289999969943,5.4095000001292091],[124.73969999994877,5.3150000003417572],[124.86969999992067,5.2698999996979765],[124.91209999983413,5.23639999971354],[124.95449999974754,5.0851000002825755],[124.98660000015659,4.8988000001469558],[125.01000000029529,4.7314000000261824],[125.01579999987663,4.5581000004166548],[125.05670000011523,4.2856999998239198]]},"properties":{"geogdesc":"COTABATO TRENCH","type":"CONVERGENT","OBJECTID":479}},{"type":"Feature","id":480,"geometry":{"type":"LineString","coordinates":[[127.72609999990355,5.2756999998886904],[128.03729999959035,4.798299999566467],[128.25059999971421,4.5376999998510348],[128.41860000013406,4.2433999998404373],[128.55599999981968,3.9985999996489343],[128.71670000008487,3.7318000000192764],[128.86429999971574,3.4912000004147048],[128.98839999964886,3.2009999999676366],[129.21349999985037,2.7734999996934229],[129.29530000032744,2.523900000311857],[129.35810000013146,2.1896000001082023],[129.38290000038597,2.0100000004023171],[129.38880000042474,1.8070000002417319],[129.39319999989036,1.6376000001094757],[129.38290000038597,1.5353999998831567]]},"properties":{"geogdesc":"PHILIPPINE TRENCH","type":"CONVERGENT","OBJECTID":480}},{"type":"Feature","id":481,"geometry":{"type":"LineString","coordinates":[[122.69420000010716,18.149099999939946],[122.71760000024587,18.039399999754821],[122.74829999964082,17.88510000007517],[122.7643000000658,17.726599999868817],[122.78770000020445,17.560899999966896],[122.79209999967009,17.406200000363167],[122.78770000020445,17.25979999962372],[122.77160000022039,17.101999999626884],[122.75849999958614,16.995899999872304],[122.73219999965674,16.902199999820795]]},"properties":{"geogdesc":"PHILIPPINE TRENCH (LUZON SECTION)","type":"CONVERGENT","OBJECTID":481}},{"type":"Feature","id":482,"geometry":{"type":"LineString","coordinates":[[122.72339999982724,16.907799999745155],[122.68099999991384,16.763800000181611],[122.6196999997847,16.583200000081238],[122.56119999988718,16.45859999992647],[122.4692000003631,16.265100000140229],[122.39029999967669,16.103699999855696],[122.31289999956347,15.971699999927155],[122.21940000036452,15.81580000000158],[122.15650000010308,15.686400000162124],[122.07469999962599,15.555500000232655],[121.97680000006314,15.421800000027137],[121.90520000042963,15.290700000115336],[121.85550000036159,15.224500000319431],[121.82339999995253,15.179400000104746]]},"properties":{"geogdesc":"PHILIPPINE TRENCH (LUZON SECTION ACTIVE)","type":"CONVERGENT","OBJECTID":482}},{"type":"Feature","id":483,"geometry":{"type":"LineString","coordinates":[[124.28819999988731,14.974799999848981],[121.82339999995253,15.179400000104746]]},"properties":{"geogdesc":"STRIKE-SLIP FAULT BETWEEN LUZON & CENTRAL PHILIP","type":"CONVERGENT","OBJECTID":483}},{"type":"Feature","id":484,"geometry":{"type":"LineString","coordinates":[[127.15860000012972,-1.1396000001626423],[126.97549999980862,-0.98630000000851392],[126.74090000016882,-0.74600000024710555],[126.62760000023061,-0.50120000042010682],[126.67570000016633,-0.15679999960294813],[126.73170000030623,0.1441999998334236],[126.79920000004978,0.57210000031688357],[126.88620000005871,0.87870000019669392],[127.00059999963871,1.2437000001368386],[127.15510000028945,1.668099999743117],[127.37940000042482,2.0431999998846293],[127.5304000003369,2.3657000001883013],[127.63230000023059,2.7612000004356529],[127.63230000023059,3.0869000000867328],[127.5761999996332,3.4102000002848056],[127.46409999979427,3.9492000000197072],[127.39880000023267,4.2937999996145679],[127.39430000030963,4.5721999996715557],[127.4308999997434,4.9132000000854106],[127.48700000034073,5.1957999995737705],[127.5498999997039,5.421400000210471],[127.60819999958485,5.6047999999544089]]},"properties":{"geogdesc":"TRENCH E OF TALAUD RIDGE (ACTIVE)","type":"CONVERGENT","OBJECTID":484}},{"type":"Feature","id":485,"geometry":{"type":"LineString","coordinates":[[129.05579999983337,-2.4536999995590092],[128.83830000026035,-2.4136999998759729],[128.62660000026878,-2.3748000001946656],[128.41379999973708,-2.2845000002203544],[128.27649999961054,-2.3520000001980224],[128.03159999956802,-2.4502999997677084],[127.80160000030872,-2.5063000003323399],[127.49270000036299,-2.5313999995893743],[127.19060000008137,-2.5222999996114188],[126.96059999992374,-2.5576999997055272],[126.72600000028395,-2.5759999995514042],[126.52579999989605,-2.562299999561469],[126.39190000005071,-2.6320000004363688],[126.2248000001545,-2.7302999995602932],[126.03719999991033,-2.849200000175903],[125.93069999963622,-2.9120999998576185],[125.93420000037484,-2.9154999995798123]]},"properties":{"geogdesc":"SERAM TROUGH","type":"CONVERGENT","OBJECTID":485}},{"type":"Feature","id":486,"geometry":{"type":"LineString","coordinates":[[133.680900000121,-5.444200000096469],[133.59739999995253,-5.1935999995613189],[133.50699999966244,-5.0409000004195157],[133.30439999997429,-4.8790000001893361],[133.18880000029509,-4.7580999997163484],[133.14649999994072,-4.5870999998169051],[133.04929999998657,-4.3885999996862122],[132.99320000028757,-4.2824999996404074],[132.88220000009042,-4.2003000001281343],[132.7047999997915,-4.1192999998293223],[132.56290000018288,-4.0187999999211526],[132.3534999999323,-3.7802000001331977],[132.16820000032752,-3.5861000002343348],[131.95299999959732,-3.4329999995825662],[131.63039999986603,-3.1976999997241764],[131.32829999958435,-2.9920999997340298],[131.01820000043773,-2.849200000175903],[130.75729999997023,-2.7235000001739063],[130.48149999961799,-2.629800000342851],[130.22859999981216,-2.5978000003086223],[129.93909999967428,-2.5657999997364733],[129.60500000033937,-2.5222999996114188],[129.33040000008634,-2.4696999998754707],[129.08089999966344,-2.4389000003557029]]},"properties":{"geogdesc":"SERAM TROUGH (ACTIVE)","type":"CONVERGENT","OBJECTID":486}},{"type":"Feature","id":487,"geometry":{"type":"LineString","coordinates":[[125.47880000044003,-7.760599999851971],[125.52069999986298,-7.7273999997103298],[125.59300000000351,-7.6115000001132271],[125.66980000006711,-7.5307999999574928],[125.7236999995842,-7.4523999998474668],[125.79819999990666,-7.4274000002231046],[125.95180000003386,-7.397799999701169],[126.17200000027928,-7.3682000002763965],[126.31870000028488,-7.3455000003265729],[126.52049999990687,-7.3374999995875854],[126.70280000016183,-7.3499999997285972],[126.87250000027311,-7.3795999999025046],[126.98950000006813,-7.3955000001591706],[127.13969999991406,-7.4170999996599019]]},"properties":{"geogdesc":"WETAR THRUST","type":"CONVERGENT","OBJECTID":487}},{"type":"Feature","id":488,"geometry":{"type":"LineString","coordinates":[[120.10000000025015,19.817899999782075],[120.02779999966867,19.606200000421794],[119.90939999975784,19.396900000160219],[119.75160000018161,19.144500000078292],[119.55290000036692,18.85439999983226],[119.40529999983768,18.660700000247157],[119.25189999972707,18.390599999983735],[119.1175000002896,18.194900000278526],[119.02110000040163,17.953299999623408],[118.95100000044303,17.680599999842869],[118.91150000032025,17.365799999936129],[118.90569999984054,17.086699999611625],[118.95680000002437,16.691000000425699],[119.01229999967381,16.482399999664011],[119.05760000027625,16.175299999720139],[119.06780000022152,15.856499999688289],[119.06929999989644,15.57380000026672],[119.07809999972592,15.275199999857225],[119.05760000027625,15.008699999659814],[119.03420000013757,14.812399999710195],[119.00360000030173,14.52270000028652],[119.04740000033098,14.320299999574381],[119.13650000006434,14.076699999906943],[119.23439999962721,13.788799999897975],[119.30600000015905,13.590100000285609],[119.35419999965384,13.46370000022119],[119.35269999997898,13.46370000022119]]},"properties":{"geogdesc":"TRENCH WEST OF LUZON (MANILA TRENCH) NORTHERN PO","type":"CONVERGENT","OBJECTID":488}},{"type":"Feature","id":489,"geometry":{"type":"LineString","coordinates":[[143.20619999964342,26.17589999967829],[143.28800000012052,26.893699999788932],[143.35090000038196,27.570700000113543],[143.23540000026176,28.293700000376127],[142.81599999971112,29.456800000173956],[142.43020000014272,30.402900000121619],[142.29430000013195,31.526899999737036],[142.25190000021857,32.575900000302234],[142.17590000022116,33.312900000199818],[142.06779999981467,33.906800000370275],[141.99179999981726,34.309799999763023]]},"properties":{"geogdesc":"BONIN TRENCH","type":"CONVERGENT","OBJECTID":489}},{"type":"Feature","id":490,"geometry":{"type":"LineString","coordinates":[[132.82729999959233,0.41880000009077295],[132.97459999964752,0.4733999995618392],[133.10730000029193,0.53730000026550273],[133.26890000018236,0.57510000024059327],[133.43909999988583,0.61579999977605882],[133.61799999985959,0.64769999999535632],[133.75360000029465,0.65930000005505174],[133.88060000001846,0.667999999681819],[134.01619999955523,0.66220000013254676],[134.12870000032558,0.64479999963102619],[134.25559999959196,0.61289999961426644],[134.38550000000481,0.5722000002797738],[134.56430000041945,0.51119999991886356],[134.80380000001537,0.44439999970072691],[134.99710000028179,0.38050000006315993],[135.17309999956655,0.31949999967503684],[135.42119999987372,0.25269999979360647],[135.68380000003256,0.13650000029518769],[135.95500000000445,0.034599999860303814],[136.15120000006155,-0.031800000099122427],[136.36180000041134,-0.1248999998923358],[136.58399999992383,-0.19750000026450809],[136.83500000002164,-0.30210000008041971],[137.10619999999352,-0.39789999973889395],[137.38599999977828,-0.47050000023964972],[137.62259999958346,-0.55479999963334725],[137.87650000037024,-0.62159999985063152],[138.07850000000877,-0.6913000001569497],[138.34099999971025,-0.76969999976064407],[138.58050000020435,-0.87130000021504084],[138.86319999977985,-0.94389999985305206],[139.16910000037572,-1.039799999888283],[139.34509999966056,-1.1240000004296891],[139.46620000024387,-1.1500999998918542],[139.71440000011012,-1.254700000153018],[139.93650000006355,-1.3563000001698851],[140.14140000039109,-1.4405000003833122],[140.33469999975918,-1.5421000004086394],[140.57990000027561,-1.6873000003213581],[140.79630000020674,-1.8209000001218891],[141.0127000001379,-1.9283000001179884],[141.17719999981909,-2.0211999997439536],[141.32719999964846,-2.1023999995675164],[141.32429999985777,-2.1052999997647017],[141.48869999997981,-2.2010999996804195],[141.84070000034603,-2.3694000001478184],[142.01390000029758,-2.5000000004107341],[142.25039999964528,-2.6306000002548848],[142.52159999961717,-2.7640999999081042],[142.70340000027991,-2.8250000002653368],[142.90250000012779,-2.920700000279409],[143.09289999970522,-3.016400000024813],[143.36990000015672,-3.1788999999460907],[143.52860000025649,-3.2687999998586061],[143.73340000012661,-3.3643999996163241],[143.77960000035429,-3.3991999997424736],[143.90000000043057,-3.4631999996474878]]},"properties":{"geogdesc":"NEW GUINEA TRENCH","type":"CONVERGENT","OBJECTID":490}},{"type":"Feature","id":491,"geometry":{"type":"LineString","coordinates":[[131.37050000037954,0.011500000424720378],[131.6358999998717,-0.011599999981822789],[131.94459999980091,-0.054799999770536616],[132.26200000000046,-0.049100000297000707],[132.50719999961859,-0.046199999712856141],[132.80150000015345,-0.069300000063675996],[133.21410000014168,-0.14229999977570912],[133.38719999963584,-0.18300000043768891],[133.64400000021328,-0.28170000003964218],[133.93540000005916,-0.36599999980854347],[134.31909999990307,-0.49960000022536438],[134.57880000027123,-0.5983000001582226],[134.83270000015978,-0.70580000020676392],[135.07789999977788,-0.8365000001938625],[135.19909999992026,-0.92940000011513579],[135.35780000002006,-1.0688000000218798],[135.54529999980682,-1.193699999705762],[135.6636000001586,-1.2808000001572004],[135.84250000013233,-1.3881999999261065]]},"properties":{"geogdesc":"MANOKWARI TROUGH, SOUTH OF NEW GUINEA TRENCH","type":"CONVERGENT","OBJECTID":491}},{"type":"Feature","id":492,"geometry":{"type":"LineString","coordinates":[[138.93269999968882,10.992700000246028],[139.49119999961653,10.961100000034659],[140.24270000023509,10.98120000001396]]},"properties":{"geogdesc":"MARIANA TRENCH","type":"CONVERGENT","OBJECTID":492}},{"type":"Feature","id":493,"geometry":{"type":"LineString","coordinates":[[140.24270000023509,10.98120000001396],[140.85529999969648,11.018499999895015],[141.65069999990337,11.080200000080531]]},"properties":{"geogdesc":"MARIANA TRENCH","type":"CONVERGENT","OBJECTID":493}},{"type":"Feature","id":494,"geometry":{"type":"LineString","coordinates":[[141.65069999990337,11.080200000080531],[142.56739999981178,11.212200000046282],[143.29259999960269,11.401400000083283],[143.94619999975998,11.587699999561394],[144.44479999967444,11.785299999645897],[144.97839999978856,12.022799999760077],[145.47990000039204,12.288600000433139],[145.93029999991327,12.589900000386912],[146.47850000033668,13.071699999939817],[146.87329999975111,13.501399999778851],[147.17450000040745,13.962999999644822],[147.41569999969477,14.582200000173511],[147.56490000035635,15.119299999736771],[147.77689999992359,16.21169999968571],[147.86020000007557,16.769700000205805],[147.88209999964099,17.595200000200823],[147.8339000001462,18.15879999982436],[147.74180000016469,18.760699999624642],[147.58530000024689,19.408700000293234],[147.417200000268,19.891999999843012],[147.0706999999075,20.721599999895982],[146.73730000018128,21.259399999913075],[146.39079999982076,21.716500000226532],[146.02820000037451,22.147800000081205],[145.57929999962977,22.545400000126868],[145.1289999996676,22.831400000075206],[144.57049999973989,23.243099999737399],[144.06169999988018,23.664299999847685],[143.60990000024307,24.097399999762466],[143.37299999996395,24.465299999618175],[143.16100000039671,24.914299999614791],[143.06890000041523,25.434300000325052],[143.10260000005826,26.02959999986324],[143.20619999964342,26.17589999967829]]},"properties":{"geogdesc":"MARIANA TRENCH","type":"CONVERGENT","OBJECTID":494}},{"type":"Feature","id":495,"geometry":{"type":"LineString","coordinates":[[13.071899999994665,37.471900000047967],[13.076100000342043,37.458000000314591],[13.080299999791087,37.43370000011371],[13.082999999565216,37.401299999916041],[13.097199999841319,37.34339999975883],[13.10429999997937,37.31560000027519],[13.127199999627564,37.262200000064979],[13.151500000289815,37.216900000070275],[13.170300000048057,37.199399999852083],[13.199099999735024,37.165699999643806],[13.21779999993414,37.14699999975003],[13.264000000161886,37.109700000092239],[13.307299999700595,37.080500000262049],[13.353499999928342,37.045400000284559],[13.375200000375555,37.030299999652186],[13.463399999585342,36.991500000118769],[13.493800000302945,36.976299999726216],[13.534299999610102,36.96799999971374],[13.553199999825765,36.964399999673375],[13.61249999978946,36.952599999854563],[13.674800000001285,36.937199999649813],[13.699400000239208,36.934799999736754],[13.771799999938885,36.915899999711264],[13.851499999793125,36.905100000094414],[13.934100000336406,36.889600000288361],[13.987700000277808,36.875399999789735],[14.049999999591337,36.876299999887713],[14.074700000286679,36.877399999657563],[14.137100000057597,36.883000000025028],[14.200899999944307,36.892099999800038],[14.273400000101404,36.892900000197685],[14.351899999856434,36.91239999967582],[14.370800000072098,36.925199999790536],[14.385400000381258,36.936799999767068],[14.39859999967633,36.959999999969213]]},"properties":{"geogdesc":"TRENCH, SOUTH OF SICILY","type":"CONVERGENT","OBJECTID":495}},{"type":"Feature","id":496,"geometry":{"type":"LineString","coordinates":[[14.39859999967633,36.959999999969213],[14.430599999627976,36.982000000184463],[14.455300000323319,36.997000000085706],[14.503299999801621,37.022400000249625],[14.532500000419979,37.042100000288293],[14.579099999782487,37.074400000197059],[14.622800000252587,37.114899999759743],[14.68840000028818,37.176200000134855],[14.708800000178758,37.191199999921807],[14.759799999905157,37.225799999760241],[14.838499999676699,37.289200000237017],[14.860299999683036,37.305400000126042],[14.915600000214233,37.339899999861764],[14.959299999786035,37.367500000084711],[14.979699999676614,37.375499999773595],[15.011600000069134,37.385799999906524],[15.030500000284794,37.393900000260579],[15.063999999911323,37.411100000204748],[15.098899999653609,37.423700000133238],[15.100299999769401,37.423700000133238],[15.107599999924,37.42709999976443],[15.120699999659982,37.431699999981994],[15.149700000261793,37.435000000288319]]},"properties":{"geogdesc":"TRENCH, SOUTHERN SICILY","type":"CONVERGENT","OBJECTID":496}},{"type":"Feature","id":497,"geometry":{"type":"LineString","coordinates":[[137.23029999992659,-1.8027000002369684],[137.63359999959488,-1.8741999998574628],[138.19170000038784,-2.0290000000480553],[138.85350000032506,-2.2041999998277233],[139.33420000010656,-2.3487000003723471],[139.89379999967613,-2.5108000001787518],[140.41249999990546,-2.7034000004044203],[140.78799999996949,-2.8507999996473488],[141.23649999978275,-3.046300000210949],[141.68659999972837,-3.2388999999768235],[142.1160999997669,-3.4226999997514387],[142.63479999999623,-3.6619000001969604],[143.08770000017347,-3.9227999996914487],[143.4879999995936,-4.1851000000974858],[144.02379999988975,-4.4372999997483182],[144.08810000026699,-4.5108000001028534],[144.16829999971338,-4.5584000003118907],[144.24839999960074,-4.5968000004360787],[144.32169999982401,-4.653799999778955],[144.40749999973363,-4.7596000001196197],[144.47160000009427,-4.8215000003717003],[144.55679999995431,-4.8900000002256805],[144.63540000016673,-4.981799999820427],[144.71830000028567,-5.052699999585287],[144.81100000031677,-5.1512999996424149],[144.86779999962451,-5.1945999997057255],[144.95539999968304,-5.2629999996693329],[145.12939999970069,-5.3347999999183706],[145.20989999962117,-5.4009999998382927],[145.30000000033553,-5.4786000004135245],[145.38529999975464,-5.5516999997575684],[145.4734000003036,-5.6549999996324471],[145.54969999987668,-5.7490999998882879],[145.67029999996944,-5.8447999998800713],[145.77219999986318,-5.9268999997565412],[145.88119999989493,-6.0250999997759189],[146.00839999963526,-6.0882000004057213],[146.07430000014477,-6.1173000002004754],[146.15010000012566,-6.1788999995627742],[146.17669999963067,-6.2364999999415378],[146.20519999974195,-6.2662999997578632],[146.33730000033677,-6.3430999998197573],[146.47389999995622,-6.4082999995730461],[146.62730000006681,-6.5057999997515328],[146.72899999994394,-6.5784000000543816],[146.80689999964932,-6.6282999995829561],[146.93199999966515,-6.705200000055588],[147.00059999994889,-6.7574999998770133],[147.08820000000736,-6.8281000002589618],[147.15689999985017,-6.8873000001453661],[147.21140000031517,-6.9352000003809442],[147.26819999962299,-6.9783000001324069],[147.32020000033043,-7.0193000002459218],[147.45000000028574,-7.096099999736996],[147.55099999965583,-7.1270000004191045],[147.64990000019978,-7.1787000000467014],[147.70860000011385,-7.1940000001571072],[147.82630000041596,-7.2455000000510923],[147.91339999998388,-7.2858999998278824],[148.01429999979487,-7.3144000000595621],[148.08690000040943,-7.3224999997733056],[148.14070000036742,-7.3263000001772483],[148.26759999963375,-7.3707000002176075],[148.35200000032592,-7.387900000169819],[148.46200000044036,-7.397799999701169],[148.55099999971628,-7.4102999998276138],[148.64449999981358,-7.411100000436889],[148.73309999995476,-7.3958999998172272],[148.81239999977595,-7.3876999998812636],[148.87739999976188,-7.3611999998924968],[148.93319999988526,-7.3416999998783306]]},"properties":{"geogdesc":"TRENCH A (ACTIVE ARC-CONTINENT COLLISION ZONE)","type":"CONVERGENT","OBJECTID":497}},{"type":"Feature","id":498,"geometry":{"type":"LineString","coordinates":[[-175.37770000004048,-14.388100000412939],[-175.15139999973968,-14.431100000063665],[-174.90399999993966,-14.456899999573904],[-174.6602999999964,-14.455399999794849],[-174.51199999985846,-14.447600000101936],[-174.43439999972873,-14.426600000045122],[-174.28609999959076,-14.425599999969263],[-174.15889999985041,-14.435099999899144],[-174.03860000023158,-14.468500000182527],[-173.91840000017186,-14.491699999956115],[-173.79439999979783,-14.535400000375512],[-173.67419999973811,-14.555100000238312],[-173.50079999977004,-14.612099999852566],[-173.36979999971541,-14.648900000336775],[-173.1608999999554,-14.726100000065797],[-173.13290000033459,-14.789500000103027],[-172.93459999965461,-14.86280000041222],[-172.76689999970881,-15.037500000312654],[-172.6005999998788,-15.148699999674996],[-172.43289999993297,-15.375199999692745],[-172.3599999997428,-15.560699999821194],[-172.33520000038664,-15.736199999811877],[-172.30020000018692,-16.039199999839852],[-172.30459999965248,-16.327700000395271],[-172.31479999959777,-16.712099999652761],[-172.33380000027086,-16.96330000029613],[-172.38039999963334,-17.267199999886088],[-172.44599999966894,-17.678899999735449],[-172.53940000020708,-17.931599999825597],[-172.5962999999723,-18.150600000055643],[-172.69249999984373,-18.478700000399051],[-172.78729999959936,-18.780000000336365],[-172.87039999973484,-19.073800000294657],[-172.97099999997016,-19.464699999665299],[-173.05269999998984,-19.773700000382966],[-173.2173999996875,-20.198600000072226],[-173.4011999996174,-20.590799999688624],[-173.55430000015235,-20.894900000309654],[-173.7000999996344,-21.241899999693544],[-173.81679999985383,-21.525699999626035],[-173.95679999975451,-21.915800000383211],[-174.13469999964556,-22.286000000321515],[-174.31989999969127,-22.621600000170154],[-174.49050000032608,-22.904000000127773],[-174.65820000027188,-23.215200000004142],[-174.8389999999537,-23.507099999855356],[-174.9730999998155,-23.751599999809741],[-175.09850000030534,-24.070199999903306],[-175.21229999983572,-24.467600000325632],[-175.22389999989679,-24.836099999849271],[-175.25600000030587,-25.145299999690089],[-175.30119999955258,-25.431399999812129]]},"properties":{"geogdesc":"TONGA TRENCH","type":"CONVERGENT","OBJECTID":498}},{"type":"Feature","id":499,"geometry":{"type":"LineString","coordinates":[[163.115599999647,-11.251400000385001],[163.27110000038041,-11.224699999660036],[163.41250000039693,-11.179100000161148],[163.5678999997746,-11.141500000215739],[163.77899999971658,-11.108599999591572],[163.92620000021267,-11.084800000118312],[163.99570000012167,-11.078399999809555],[164.10100000029655,-11.046900000215178],[164.19250000022845,-11.015599999960772],[164.28110000036958,-10.981599999575785],[164.34479999979885,-10.956200000214526],[164.39469999988347,-10.944599999778204],[164.44490000044203,-10.949300000385367],[164.51160000011939,-10.943000000105172],[164.58680000005069,-10.944699999967026],[164.65380000020204,-10.960200000229541],[164.72630000035915,-10.970100000028211]]},"properties":{"geogdesc":"NEW HEBRIDES TRENCH, WESTERN SECTION","type":"CONVERGENT","OBJECTID":499}},{"type":"Feature","id":500,"geometry":{"type":"LineString","coordinates":[[164.72630000035915,-10.970100000028211],[164.79629999986031,-10.993799999624812],[164.88309999985265,-11.033599999990967],[164.97290000009306,-11.081499999854088],[165.06359999995874,-11.197800000222124],[165.16289999963738,-11.327400000412792],[165.33150000010681,-11.439799999569313],[165.47230000007363,-11.555100000236411],[165.5915000000507,-11.719800000278331],[165.68560000019758,-11.876599999918822],[165.78819999969997,-12.044000000428934],[165.82090000015864,-12.190499999643011],[165.85849999967513,-12.293400000338368],[165.91389999976545,-12.469400000375083],[165.94979999959045,-12.650900000360444],[165.99909999962543,-12.788700000031289],[166.04640000039325,-12.980699999875146],[166.09350000024628,-13.161800000135365],[166.11789999956935,-13.315899999764163],[166.14300000029777,-13.513200000011087],[166.16990000027678,-13.645399999704026],[166.19959999958903,-13.774799999568913],[166.28269999972449,-13.941200000132779],[166.40799999975684,-14.13940000019767],[166.49619999986496,-14.273100000402057],[166.57290000036937,-14.382599999718886],[166.63570000017341,-14.489599999785819],[166.70970000000543,-14.604499999573312]]},"properties":{"geogdesc":"NEW HEBRIDES TRENCH","type":"CONVERGENT","OBJECTID":500}},{"type":"Feature","id":501,"geometry":{"type":"LineString","coordinates":[[166.77650000014023,-14.802800000127196],[166.93170000039973,-15.142199999873704]]},"properties":{"geogdesc":"NEW HEBRIDES TRENCH","type":"CONVERGENT","OBJECTID":501}},{"type":"Feature","id":502,"geometry":{"type":"LineString","coordinates":[[167.12619999986705,-15.700400000277872],[167.25590000026335,-16.009299999667938]]},"properties":{"geogdesc":"NEW HEBRIDES TRENCH","type":"CONVERGENT","OBJECTID":502}},{"type":"Feature","id":503,"geometry":{"type":"LineString","coordinates":[[167.3890999996016,-16.365699999907935],[167.44280000000049,-16.618600000177203]]},"properties":{"geogdesc":"NEW HEBRIDES TRENCH","type":"CONVERGENT","OBJECTID":503}},{"type":"Feature","id":504,"geometry":{"type":"LineString","coordinates":[[167.49100000039365,-16.876500000312493],[167.46480000002333,-16.986000000032934],[167.51479999966705,-17.368199999737445],[167.51089999979368,-17.482500000030551],[167.56079999987821,-17.662300000025642],[167.56030000028602,-17.821300000191798],[167.59190000020459,-18.075099999859567],[167.61920000021667,-18.233399999789707],[167.64129999979866,-18.412800000034913],[167.67149999960145,-18.576099999574403],[167.70230000035212,-18.776100000398383],[167.73239999969746,-18.93640000031931],[167.77400000044307,-19.117400000051759],[167.8060999999538,-19.21689999965302],[167.85270000021458,-19.360800000213569],[167.93609999992572,-19.543399999949266],[168.04189999969279,-19.730800000296405],[168.19580000029393,-19.972300000210709],[168.29229999974098,-20.099100000127223],[168.42579999955322,-20.280299999892993],[168.52280000038911,-20.440799999702932],[168.59469999959825,-20.601499999824796],[168.6697000004113,-20.77759999972541],[168.75590000035396,-20.961099999613783],[168.86729999968588,-21.149300000084896],[168.93320000019546,-21.278199999982704],[169.05839999977039,-21.460700000055908],[169.13270000007637,-21.591799999890409],[169.24629999959024,-21.740299999749421],[169.3452999996932,-21.8475999996963],[169.44979999980194,-21.947000000020232]]},"properties":{"geogdesc":"NEW HEBRIDES TRENCH","type":"CONVERGENT","OBJECTID":504}},{"type":"Feature","id":505,"geometry":{"type":"LineString","coordinates":[[169.44979999980194,-21.947000000020232],[169.63869999970447,-22.107100000279758],[169.79970000044366,-22.26740000015895],[169.88150000002241,-22.338500000296321],[170.01650000040789,-22.42950000031631],[170.17149999975248,-22.55609999988112],[170.34620000027724,-22.695100000206992],[170.50640000005191,-22.795799999758763],[170.62980000037629,-22.860899999661942],[170.72800000041315,-22.911000000351194],[170.83159999999825,-22.948099999982905],[170.99660000016996,-22.997299999792912],[171.16699999988987,-23.036099999951059],[171.36239999988084,-23.07459999980447],[171.46839999966451,-23.086099999854802],[171.66659999988701,-23.124500000348085],[171.80870000041054,-23.13040000034373],[171.95619999958399,-23.128499999659958],[172.10910000010242,-23.113799999848162],[172.22879999967159,-23.112300000132791],[172.38969999995336,-23.074399999754966],[172.57020000005949,-23.049100000324387],[172.73400000013194,-23.016199999609217],[172.94209999982573,-22.97009999970053],[173.15299999975119,-22.928900000243591],[173.30299999958055,-22.901399999979418]]},"properties":{"geogdesc":"NEW HEBRIDES TRENCH, EASTERN SECTION","type":"CONVERGENT","OBJECTID":505}},{"type":"Feature","id":506,"geometry":{"type":"LineString","coordinates":[[148.93319999988526,-7.3416999998783306],[149.15119999994877,-7.2340000004436726],[149.3584000000173,-7.182100000018238],[149.50939999992943,-7.1263999997890437],[149.65360000017745,-7.0847999999022955],[149.74919999999926,-7.0693999998634132],[149.83550000039935,-6.9889999997021732],[149.97410000018425,-6.948399999575253],[150.10690000038775,-6.8857999997831749],[150.24850000042076,-6.8590000004236451],[150.39529999998544,-6.809999999758058],[150.55600000025069,-6.7553000002818635],[150.7027999998154,-6.6952999996712519],[150.88559999966256,-6.6292000004198961],[151.0379999996905,-6.5801000001425898],[151.17890000011474,-6.4980000001848239],[151.37819999997907,-6.4177999999743118],[151.50819999995102,-6.357999999766526],[151.61020000030214,-6.2873999997950856],[151.7149999999865,-6.2112999996015361],[151.82250000034338,-6.1377999997649217],[151.94970000008371,-6.0752000004353723],[152.0854000000779,-6.020799999617318],[152.16549999996525,-5.9753999998842167],[152.24840000008416,-5.9354999999438487],[152.32319999998234,-5.9067999999384444],[152.42289999969407,-5.8722000003667825]]},"properties":{"geogdesc":"NEW BRITAIN TRENCH","type":"CONVERGENT","OBJECTID":506}},{"type":"Feature","id":507,"geometry":{"type":"LineString","coordinates":[[-175.30119999955258,-25.431399999812129],[-175.37709999999086,-25.72999999967589],[-175.41929999988776,-26.023899999661321],[-175.41929999988776,-26.439899999790487],[-175.40330000036113,-26.85560000010538],[-175.55199999963381,-27.313899999880725],[-175.78969999997915,-27.781899999609209],[-175.89039999977356,-28.262099999701874],[-176.00119999995417,-28.697899999857778],[-176.08579999976453,-29.061799999863915],[-176.15279999991591,-29.470099999677785],[-176.3394999996365,-29.884399999977703],[-176.54649999968854,-30.322199999893357],[-176.6894999998373,-30.681500000330857],[-176.91399999998922,-31.030699999882597],[-177.10939999998018,-31.45709999995103],[-177.30920000033507,-31.789899999748219],[-177.47690000028086,-32.102899999964812],[-177.54250000031647,-32.237500000250158],[-177.66350000044233,-32.698799999719107],[-177.81079999959928,-33.185899999760792],[-177.98579999969968,-33.580399999712604],[-178.1462000003892,-33.964599999853689],[-178.28760000040566,-34.239900000306214],[-178.41449999967205,-34.480700000041054],[-178.54279999995254,-34.709999999661491],[-178.63619999959238,-35.01859999972644]]},"properties":{"geogdesc":"KERMADEC TRENCH","type":"CONVERGENT","OBJECTID":507}},{"type":"Feature","id":508,"geometry":{"type":"LineString","coordinates":[[152.42289999969407,-5.8722000003667825],[152.53400000034864,-5.8484999999735781],[152.60330000024109,-5.8254000000914576],[152.67280000015006,-5.8188999997890738],[152.76719999987264,-5.80380000038656],[152.83400000000742,-5.8029000001033166],[152.8902000001639,-5.8437000000861214],[153.01029999976618,-5.8696999999601678],[153.11960000027193,-5.9207999999551753],[153.28799999982644,-6.0208999996544934],[153.41149999970997,-6.0940000002616372],[153.54910000031043,-6.180600000097888],[153.69260000005144,-6.286600000053669],[153.8446000000462,-6.4062000003503146],[153.95709999991828,-6.4931999997154142],[154.06409999978459,-6.5774999996474399],[154.17409999989903,-6.6809999996769331],[154.2983000002896,-6.8065000001302876],[154.38889999969788,-6.9185000003470112],[154.51650000036963,-7.079799999933198],[154.63510000029703,-7.2024000001434523],[154.70030000029951,-7.2871000003283992],[154.79870000035288,-7.3548000000400098],[154.94209999963644,-7.4605000001275901],[155.00390000025601,-7.5011000002948016],[155.2197999996967,-7.6084999998229526],[155.35159999981749,-7.6784000001224531],[155.52239999957052,-7.7533000000253898],[155.69870000022757,-7.8171000002753779],[155.87179999972173,-7.8506000003874821],[156.07300000019239,-7.9030000002535248],[156.18490000001484,-7.9482999999109545],[156.288899999633,-8.0157999998740816],[156.45169999962269,-8.1128000003253025],[156.60070000026775,-8.2182000000202322],[156.71050000036561,-8.3049000001018189],[156.86809999992531,-8.4266000002684134]]},"properties":{"geogdesc":"SAN CRISTOBAL TRENCH","type":"CONVERGENT","OBJECTID":508}},{"type":"Feature","id":509,"geometry":{"type":"LineString","coordinates":[[156.86809999992531,-8.4266000002684134],[156.98919999961026,-8.5241000001520639],[157.13820000025532,-8.6349000002457377],[157.25909999992379,-8.7213000001014009],[157.42770000039314,-8.8318000001601877],[157.56260000032117,-8.9207000002595205],[157.68049999974153,-8.987899999866892],[157.84030000038146,-9.070899999802517],[157.95530000001108,-9.1325000000245335],[158.08149999966875,-9.1967999999963794],[158.29719999999114,-9.2982000000165907],[158.34770000012534,-9.3222999999910972],[158.52150000012651,-9.4133000002036145],[158.68129999986809,-9.4934999996952563],[158.80239999955313,-9.5934000004345119],[158.95759999981257,-9.7395000001313434],[159.05330000009184,-9.8149999997737361],[159.17160000044356,-9.9148000000376495],[159.26740000028192,-9.9958000001986296],[159.348900000285,-10.052199999654217],[159.3966999997468,-10.087199999913418],[159.56499999974221,-10.178100000075069],[159.65720000018112,-10.195999999638142],[159.8135999996415,-10.234999999856875],[159.91989999989909,-10.26909999984591],[159.99819999963756,-10.298199999789437],[160.09329999986716,-10.326999999963615],[160.19960000012475,-10.361200000031223],[160.27509999963166,-10.387599999666936],[160.34770000024622,-10.405699999957134],[160.42359999978623,-10.454000000330499],[160.47979999994268,-10.491499999616385],[160.56129999994576,-10.547900000362313],[160.61509999990378,-10.610100000287881],[160.69149999993425,-10.699300000355981],[160.76500000017404,-10.78309999995669],[160.88329999962747,-10.882699999851964],[160.99010000037558,-10.954999999986113],[161.09989999957514,-11.035499999613899],[161.22069999968451,-11.121299999805041],[161.34430000002547,-11.193399999764027],[161.47610000014626,-11.265299999689567],[161.62169999961171,-11.326099999858091],[161.73049999962691,-11.34100000010635],[161.86739999972033,-11.371900000316069],[161.9902999995542,-11.402999999753362],[162.1210999995923,-11.398500000391705],[162.22410000002611,-11.399800000208824],[162.30760000019467,-11.3986999998023],[162.43550000044203,-11.391500000173359],[162.54110000019261,-11.373699999717761],[162.64099999992092,-11.353299999623717],[162.77150000038336,-11.329700000402765],[162.87939999987489,-11.281799999940629],[162.99069999964772,-11.274900000173362],[163.115599999647,-11.251400000385001]]},"properties":{"geogdesc":"SOUTH SOLOMON TRENCH","type":"CONVERGENT","OBJECTID":509}},{"type":"Feature","id":510,"geometry":{"type":"LineString","coordinates":[[-145.02960000042984,59.210800000218136],[-145.08149999978153,59.200300000012213],[-145.20960000004547,59.193499999840249],[-145.32949999963122,59.178599999797967],[-145.40540000006953,59.163799999905216],[-145.52139999978189,59.153000000002649],[-145.62910000015526,59.125800000081696],[-145.78090000013353,59.102399999998688],[-145.87260000008195,59.075200000008664],[-145.97189999976061,59.029299999926323],[-146.05130000003922,58.983499999984957],[-146.15460000004867,58.935400000023144],[-146.19410000017143,58.902099999858081],[-146.30900000024198,58.83100000011936],[-146.43889999975647,58.697199999894387],[-146.50600000036528,58.636299999938622],[-146.58539999974556,58.594100000053153],[-146.66430000043195,58.526800000055431],[-146.73959999992235,58.476100000158617],[-146.81439999982049,58.400099999833444],[-146.84599999973904,58.372600000083672],[-146.93310000020531,58.311099999918817],[-147.0321000003083,58.243100000110871],[-147.09879999998572,58.160299999812715],[-147.15769999991633,58.094299999879993],[-147.21280000043097,58.034600000072004],[-147.29989999999893,57.970400000039398],[-147.37890000024447,57.90610000015409],[-147.50140000004527,57.807199999892966],[-147.59670000029141,57.753299999826233],[-147.74340000029704,57.662499999941595],[-147.83880000010228,57.619100000210764],[-147.91409999959265,57.567100000175834],[-147.98109999974403,57.504300000001095],[-148.10419999959444,57.434599999974168],[-148.21530000024902,57.371299999777733],[-148.32270000014842,57.325299999919608],[-148.40219999998612,57.288099999959719],[-148.45789999965208,57.26389999978413],[-148.53349999961642,57.233199999846995],[-148.62899999987911,57.191399999776472],[-148.8427999995952,57.100199999793027],[-149.20399999982402,56.945600000070463],[-149.54230000040462,56.801700000222034],[-149.91950000016013,56.659599999856148],[-150.11160000032731,56.526000000160089],[-150.37899999998487,56.420900000101618],[-150.70589999962263,56.362600000085457],[-150.96199999969309,56.221499999919502],[-151.13340000039409,56.120700000157022],[-151.5242999999351,55.995400000090058],[-152.02269999983301,55.861899999771516],[-152.4364000003614,55.757600000168473],[-152.73139999960671,55.69440000011204],[-153.05600000040175,55.572900000208939],[-153.37599999991804,55.46259999993984],[-153.64350000003299,55.345499999857303],[-154.01610000030632,55.231999999785188],[-154.42530000001338,55.081500000203981],[-154.71789999995849,54.940899999844397],[-155.02650000032853,54.76939999994012],[-155.32600000039514,54.617199999768665],[-155.67799999986306,54.502899999748571],[-156.00270000021726,54.427000000106261],[-156.35239999994405,54.353599999741839],[-156.73879999956208,54.260000000069709],[-157.12970000000146,54.189000000017685],[-157.47709999998725,54.109900000009077],[-157.87030000016767,54.041299999810846],[-158.3709999998066,53.946999999844294],[-158.78700000007609,53.860600000113713],[-159.17570000033351,53.780800000239417],[-159.58490000004056,53.700799999756022],[-160.0123000003546,53.613900000252826],[-160.50159999994898,53.521399999789828],[-160.83989999963131,53.453199999852373],[-161.23990000037415,53.403999999988358],[-161.75200000005762,53.310999999995886],[-162.126900000072,53.216500000136499],[-162.65729999992149,53.102400000093461],[-163.05729999976603,53.005999999885631],[-163.50080000006409,52.907999999940564],[-163.82090000003782,52.834700000118545],[-164.18660000018963,52.743199999894301],[-164.60040000027715,52.634800000134454],[-164.98220000041306,52.549899999960147],[-165.34339999974355,52.456399999959316],[-165.65429999985466,52.36979999985364],[-166.12750000036331,52.246500000050958],[-166.53209999968996,52.138300000244904],[-166.9595999995631,52.051000000011875],[-167.40539999960222,51.950800000215295],[-167.87860000011088,51.837600000179087],[-168.1483000004078,51.773899999755692],[-168.427199999669,51.700099999784157],[-168.7975000002013,51.592000000097975],[-169.03300000036461,51.533499999884995],[-169.34849999995788,51.44930000021111],[-169.66399999955115,51.359299999900273],[-170.02739999996189,51.266100000035465],[-170.36580000010164,51.195799999989589],[-170.79329999997475,51.115300000155109],[-171.18870000033715,51.033199999941296],[-171.57509999995517,50.978399999786525],[-172.06659999973152,50.92060000004706],[-172.45979999991195,50.890299999920252],[-172.95129999968833,50.836699999718292],[-173.3764999998204,50.799100000088373],[-173.83140000016297,50.749799999941409],[-174.10569999994206,50.72370000020495],[-174.64290000035396,50.630699999976223],[-175.12759999956793,50.573999999853775],[-175.44080000031843,50.541899999815683],[-175.86369999981113,50.505500000238719],[-176.24309999974852,50.460299999888562],[-176.5998000000543,50.423799999868763],[-176.98839999985429,50.397499999736439],[-177.32210000005449,50.371199999991227],[-177.60329999995506,50.365299999764161],[-177.97140000030535,50.340499999801622],[-178.2960000002021,50.333200000015125],[-178.73260000037865,50.321400000167806],[-179.09610000034851,50.322899999919258],[-179.46869999972353,50.327299999887401],[-179.76129999966864,50.322899999919258]]},"properties":{"geogdesc":"ALEUTIAN TRENCH (FROM DEEPEST SECTION OF GEBCO S","type":"CONVERGENT","OBJECTID":510}},{"type":"Feature","id":511,"geometry":{"type":"LineString","coordinates":[[179.85690000038872,50.325800000212936],[179.46829999969046,50.333200000015125],[179.0499000001208,50.340499999801622],[178.49899999992331,50.407699999902597],[177.91380000003312,50.485099999873171],[177.39709999996919,50.594400000057291],[176.97879999995868,50.690300000255775],[176.49639999958737,50.816500000179538],[176.09410000000184,50.937999999911916],[175.72380000036793,51.030299999810374],[175.54539999998627,51.072099999882084],[175.30310000015885,51.03609999993683],[175.11799999967224,51.057700000003599],[174.76360000000588,51.187199999904479],[174.48019999992334,51.247499999726465],[174.2104000000673,51.302000000271853],[173.92009999986331,51.337800000086894],[173.57029999967901,51.443599999877357],[173.10850000011317,51.546400000204073],[172.84560000037868,51.64320000007924],[172.54849999961226,51.701500000023515],[172.21240000011184,51.850400000053313],[172.07530000000187,51.898499999728557],[171.84209999957963,51.922500000273438],[171.5037999998973,52.007300000208822],[171.23860000042171,52.156599999962232],[170.98939999957449,52.331999999911069],[170.56650000008176,52.494099999775052],[170.08870000009102,52.658499999764807],[169.66349999995896,52.791700000149476],[169.25430000025185,52.870699999991494],[169.04400000037606,52.917700000179657],[168.90910000044806,52.990800000171639],[168.78109999974322,53.022499999788309],[168.68739999962935,53.040499999746537],[168.48390000031594,53.205500000121511],[168.25989999975624,53.397200000114339],[168.14329999999433,53.477699999949657],[168.05640000044284,53.477699999949657],[167.72039999960327,53.601700000091157],[167.42090000043501,53.713000000179392],[167.21520000004136,53.839000000024747],[166.82880000042334,54.077599999924708],[166.51559999967282,54.266700000100705],[166.26650000018125,54.430999999823278],[165.9464000002076,54.589299999906665],[165.69489999961928,54.719200000077038],[165.48459999974341,54.821000000208087],[165.17139999989121,54.968499999765037],[164.85829999959819,55.095899999972829],[164.58159999962064,55.200599999809981],[164.38730000016974,55.266000000091871],[164.09699999996576,55.365099999847772]]},"properties":{"geogdesc":"ALEUTIAN TRENCH (FROM DEEPEST SECTION OF GEBCO S","type":"CONVERGENT","OBJECTID":511}},{"type":"Feature","id":512,"geometry":{"type":"LineString","coordinates":[[164.11530000013181,55.362499999749389],[164.03990000018399,55.137799999769257],[163.91640000030046,54.818299999776848],[163.74499999959954,54.54150000004465],[163.55520000007169,54.288099999793324],[163.35859999998152,54.115199999803004],[163.1391999998022,53.859199999972596],[162.94709999963504,53.582599999802156],[162.78939999961796,53.282299999864975],[162.56079999957612,53.047300000004256],[162.30929999988609,52.791700000149476],[162.04869999989268,52.506699999986708],[161.88640000039345,52.308200000113793],[161.8337999996364,52.201499999966678],[161.59839999993051,51.997399999981567],[161.30579999998537,51.796599999740124],[161.05660000003647,51.621899999761311],[160.72739999975929,51.359299999900273],[160.48509999993183,51.100899999991071],[160.32510000017371,50.914799999915708],[159.97300000024839,50.633599999814628],[159.76959999959575,50.518600000064346],[159.56149999990194,50.29799999989428],[159.36039999988867,50.126399999890296],[159.15920000031633,49.964400000248318],[158.903199999805,49.738300000038372],[158.73400000018427,49.58100000004395],[158.55109999987968,49.396299999773916],[158.32020000009678,49.376900000094167],[157.97959999977505,49.198899999863102],[157.77620000002074,49.057899999780666],[157.49950000004318,48.967700000173615],[157.27319999974239,48.803400000282245],[157.13379999989135,48.661199999989364],[157.01490000038837,48.488300000089261],[156.97380000013328,48.441099999775012],[156.8136999999177,48.313199999999519],[156.62399999994898,48.175799999879132],[156.40000000028758,48.060999999852662],[156.16220000038314,47.925899999950694],[155.91080000025227,47.755100000017265],[155.62270000023017,47.548099999865492],[155.36210000023675,47.329400000054939],[155.15410000010195,47.155000000167831],[155.003199999749,47.02070000029272],[154.84319999999084,46.901799999703044],[154.76089999992158,46.837500000089996],[154.69690000001833,46.637900000163846],[154.44489999983779,46.527600000022858],[154.30320000024568,46.431200000226795],[154.14550000022859,46.306199999880569],[154.00149999999709,46.204700000226666],[153.90089999976183,46.085500000268446],[153.79570000004435,45.940599999895198],[153.52830000038682,45.824000000312601],[153.25160000040924,45.652699999992322],[153.04590000001559,45.5484000000178],[152.8013000004471,45.394000000150598],[152.62530000026393,45.292399999819075],[152.4309999999148,45.156700000026838],[152.16810000018026,45.006100000171656],[152.01719999982728,44.890799999997682],[151.82970000004053,44.772400000202715],[151.68569999980903,44.693899999976274],[151.44800000036207,44.5620000002653],[151.13249999987048,44.413100000043059],[150.88559999966256,44.286800000151175],[150.63870000035305,44.193100000036949],[150.2797999998653,44.049800000009846],[149.97350000013466,43.907899999774571],[149.96929999978727,43.818300000080484]]},"properties":{"geogdesc":"KURIL TRENCH (FROM DEEPEST SECTION OF GEBCO SHEE","type":"CONVERGENT","OBJECTID":512}},{"type":"Feature","id":513,"geometry":{"type":"LineString","coordinates":[[149.96929999978727,43.818300000080484],[149.78540000029824,43.764400000253282],[149.5328999996272,43.660599999983866],[149.32410000032465,43.530099999757589],[149.11240000033308,43.39290000011561],[148.85980000010289,43.228699999729585],[148.62770000022078,43.081200000002752],[148.41310000043845,42.938799999797254],[148.23069999972603,42.819600000016329],[148.02919999967975,42.703399999781752],[147.82040000037719,42.577299999921514],[147.60000000011516,42.459600000245054],[147.40290000043279,42.349200000029768],[147.19709999958164,42.228900000104076],[147.0511000000831,42.133400000114669],[146.85550000007558,42.010399999726545],[146.67010000001338,41.951600000330359],[146.44670000040162,41.835999999869429],[146.23799999975981,41.728900000291887],[146.08180000031592,41.674199999789607],[145.8846999997352,41.548200000003241],[145.69490000020738,41.427500000275408],[145.40290000031192,41.329599999773833],[145.18980000020454,41.234900000205258],[144.99269999962382,41.164299999922477],[144.91090000004499,41.130099999946069],[144.78099999963226,41.091499999851557],[144.69779999993762,41.057200000255527],[144.64090000017248,41.008600000324932]]},"properties":{"geogdesc":"KURIL TRENCH","type":"CONVERGENT","OBJECTID":513}},{"type":"Feature","id":514,"geometry":{"type":"LineString","coordinates":[[166.96319999986079,-8.5500000000473282],[167.06689999990337,-8.5441999999239151],[167.15060000008845,-8.5397999999224599],[167.24550000030155,-8.5303999997247502],[167.32429999963219,-8.5334999999437695],[167.44689999989038,-8.5460999998188747],[167.54189999966255,-8.5526999996501818],[167.6544000004329,-8.5555000004127422],[167.74570000034831,-8.5609000002159963],[167.88710000036471,-8.5732999998387935],[167.92340000022284,-8.5779999996542031],[168.01220000038055,-8.5907999996821811],[168.0811000002399,-8.6076000003765518],[168.16759999975824,-8.6390000003561074],[168.26550000021942,-8.6851000004295091],[168.31689999997889,-8.7082000001536084],[168.41369999989996,-8.7703999998608122],[168.49909999977649,-8.8301999996370988],[168.55979999985595,-8.9026000000792287],[168.58629999980184,-8.9368999995716276],[168.63679999993607,-8.9958000002378],[168.69589999988318,-9.0433999999587993],[168.76129999990226,-9.0872999997882307],[168.82660000036219,-9.12629999971392],[168.86550000043533,-9.1431999999129268],[168.92449999992505,-9.1723999996257],[168.99230000014262,-9.2137999995622533],[169.06160000003501,-9.2785999998153557],[169.13619999991664,-9.3827999996372942],[169.1958000003543,-9.488299999564763],[169.25510000031801,-9.5531999998746713],[169.33340000005649,-9.6450000003463856],[169.39279999957932,-9.7220999996543895],[169.42830000026956,-9.7797000002409451],[169.47509999964862,-9.8482999999469421],[169.52189999992595,-9.9143999998559345],[169.56600000042914,-9.9607999995627612],[169.60509999962051,-9.9973999997976026],[169.63769999962176,-10.00949999993076],[169.67530000003657,-10.023900000194944],[169.75920000023814,-10.047899999559636],[169.84319999999892,-10.075499999626173],[169.92349999990279,-10.105599999874991],[170.02510000022082,-10.152700000431583],[170.10050000016861,-10.205000000395867],[170.18469999994588,-10.256000000136034],[170.24640000010808,-10.304700000064749],[170.29550000012651,-10.346100000400829],[170.35840000038795,-10.402099999617491],[170.40120000033443,-10.433700000016868],[170.45640000040822,-10.46149999958644],[170.51650000043804,-10.474599999728781],[170.57160000005442,-10.485200000254393],[170.6127999998686,-10.478699999949502],[170.73030000015419,-10.485100000128021],[170.7965999997985,-10.484599999894908],[170.8478000004398,-10.484200000186966],[170.90909999967062,-10.487299999863065],[170.95289999969981,-10.49310000000551],[170.9903999996572,-10.494099999579568],[171.04550000017178,-10.513300000236713],[171.0919999999752,-10.543600000048807],[171.14510000032442,-10.607099999783388],[171.21329999967676,-10.701100000104125],[171.26900000024099,-10.77679999956491],[171.30950000044649,-10.83539999959685],[171.34600000032108,-10.873100000055727],[171.4493000003306,-10.960599999991004],[171.49700000023324,-10.992099999897967],[171.59999999976873,-11.051400000203619],[171.65020000032729,-11.07799999971491],[171.69930000034569,-11.11320000024044],[171.79590000025021,-11.161400000328685],[171.8640000000434,-11.231999999842049],[171.89319999976345,-11.279499999637576],[171.92100000026608,-11.322199999744111],[171.9662999999702,-11.354900000116503],[172.02410000025898,-11.388800000090663],[172.0993000001902,-11.412699999611556],[172.18450000005015,-11.438900000309165],[172.26199999972252,-11.448100000408619],[172.36720000033827,-11.46680000019566],[172.47620000037,-11.497800000242384],[172.54759999998697,-11.520499999661068],[172.58770000015934,-11.528700000228524],[172.65170000006256,-11.563700000029838],[172.76849999984117,-11.623999999686847],[172.83890000027372,-11.677300000035059],[172.92690000036526,-11.740199999768542],[173.06269999991858,-11.827200000212372],[173.1443000003791,-11.877900000252195],[173.2324000000298,-11.941999999788967],[173.34659999959331,-11.999700000019542],[173.48830000008368,-12.056000000398864],[173.58120000013133,-12.102999999948286],[173.66639999999128,-12.13399999993799],[173.75919999958157,-12.169900000330871],[173.79559999989709,-12.185500000385799],[173.84320000024064,-12.19740000033395],[173.88569999971318,-12.199500000094984],[174.01660000020871,-12.162999999577201],[174.11010000030598,-12.129200000407353],[174.17729999957555,-12.093200000278431],[174.23799999965507,-12.032800000078375],[174.30120000039042,-11.965099999985402],[174.32710000028675,-11.933100000336122],[174.36059999991326,-11.898599999860204],[174.38899999956715,-11.861599999788636],[174.41760000013591,-11.834500000347999],[174.4473999999056,-11.810999999871544],[174.48959999980246,-11.78249999981786],[174.5545000002293,-11.766100000112189],[174.68679999994234,-11.749099999594707],[174.72420000034057,-11.741499999987568],[174.79170000008415,-11.739700000284689],[174.83289999989833,-11.736899999964049],[174.87919999968517,-11.73900000001165],[174.97429999991473,-11.75169999963655],[175.05190000004447,-11.763299999934393],[175.11329999973276,-11.783599999825581],[175.19610000029255,-11.81960000036117],[175.29270000019702,-11.868999999699897],[175.34670000017152,-11.897899999594456],[175.4233000002186,-11.938799999639029],[175.50979999973691,-11.961399999925762],[175.58229999989399,-11.969299999565319],[175.74129999956946,-11.998599999871393],[175.87899999972902,-12.020699999892901],[175.96149999981489,-12.024899999928579],[176.03399999997194,-12.027999999874719],[176.11030000044337,-12.031100000106257],[176.22539999963212,-12.050900000232305],[176.31800000010415,-12.064800000055415],[176.37169999960463,-12.057100000334145]]},"properties":{"geogdesc":"VITIAZ TRENCH, WEST PACIFIC","type":"CONVERGENT","OBJECTID":514}}]}