model,dist_col,slope_a,intercept_b,R2,N,CUT_KM,VMIN,VMAX
GEM,dist_gem_km,-0.16654154155028902,2.25682131597633,0.061518911205179605,55077,110.0,-1.0,1.0
