model,dist_col,slope_a,intercept_b,R2,N,CUT_KM,VMIN,VMAX
PB,dist_pb_km,-0.14993204557530984,2.26986171795821,0.04085837404126458,72139,110.0,-1.0,1.0
